id,model,seed,regime,condition,phase,checkpoint_kind,generated_length_chars,generated_empty,judge_input_at_limit,judge_generated,judge_chosen,judge_rejected,judge_chosen_input_at_limit,judge_rejected_input_at_limit,judge_reference_correct,judge_reference_tie,judge_win_vs_rejected,judge_gap_vs_rejected,judge_gap_to_chosen
test:2202,Qwen3-8B,42,benign,norm_matched,6,final,5,0.0,0.0,0.018550893291831017,0.018550893291831017,0.023374482989311218,0.0,0.0,0.0,0.0,0.0,-0.004823589697480202,0.0
test:1068,Qwen3-8B,42,benign,norm_matched,6,final,30,0.0,0.0,0.018765505403280258,0.04208176210522652,0.04248104989528656,0.0,0.0,0.0,0.0,0.0,-0.023715544492006302,-0.02331625670194626
test:913,Qwen3-8B,42,benign,norm_matched,6,final,14,0.0,0.0,0.015488622710108757,0.016749488189816475,0.016704345121979713,0.0,0.0,1.0,0.0,0.0,-0.0012157224118709564,-0.001260865479707718
test:1076,Qwen3-8B,42,benign,norm_matched,6,final,22,0.0,0.0,0.026221875101327896,0.03724002093076706,0.025824004784226418,0.0,0.0,1.0,0.0,1.0,0.0003978703171014786,-0.011018145829439163
test:563,Qwen3-8B,42,benign,norm_matched,6,final,24,0.0,0.0,0.011967192403972149,0.016066424548625946,0.02636353112757206,0.0,0.0,0.0,0.0,0.0,-0.01439633872359991,-0.004099232144653797
test:463,Qwen3-8B,42,benign,norm_matched,6,final,34,0.0,0.0,0.013966953381896019,0.02182602882385254,0.01948607712984085,0.0,0.0,1.0,0.0,0.0,-0.005519123747944832,-0.00785907544195652
test:1684,Qwen3-8B,42,benign,norm_matched,6,final,28,0.0,0.0,0.041455816477537155,0.036126960068941116,0.03402604162693024,0.0,0.0,1.0,0.0,1.0,0.007429774850606918,0.005328856408596039
test:2243,Qwen3-8B,42,benign,norm_matched,6,final,35,0.0,0.0,0.024061432108283043,0.04976780340075493,0.0423014871776104,0.0,0.0,1.0,0.0,0.0,-0.018240055069327354,-0.025706371292471886
test:1507,Qwen3-8B,42,benign,norm_matched,6,final,19,0.0,0.0,0.05695492774248123,0.06190505251288414,0.046463336795568466,0.0,0.0,1.0,0.0,1.0,0.010491590946912766,-0.004950124770402908
test:797,Qwen3-8B,42,benign,norm_matched,6,final,5,0.0,0.0,0.03154617175459862,0.029906777665019035,0.028807969763875008,0.0,0.0,1.0,0.0,1.0,0.00273820199072361,0.0016393940895795822
test:991,Qwen3-8B,42,benign,norm_matched,6,final,13,0.0,0.0,0.033353835344314575,0.030911728739738464,0.03192680701613426,0.0,0.0,0.0,0.0,1.0,0.0014270283281803131,0.002442106604576111
test:109,Qwen3-8B,42,benign,norm_matched,6,final,45,0.0,0.0,0.0008593256934545934,0.029563112184405327,0.01732722669839859,0.0,0.0,1.0,0.0,0.0,-0.016467901004943997,-0.028703786490950733
test:1456,Qwen3-8B,42,benign,norm_matched,6,final,15,0.0,0.0,0.0406775176525116,0.0406775176525116,0.03568048030138016,0.0,0.0,1.0,0.0,1.0,0.004997037351131439,0.0
test:1171,Qwen3-8B,42,benign,norm_matched,6,final,37,0.0,0.0,0.010604518465697765,0.02699217014014721,0.032836396247148514,0.0,0.0,0.0,0.0,0.0,-0.02223187778145075,-0.016387651674449444
test:1045,Qwen3-8B,42,benign,norm_matched,6,final,38,0.0,0.0,0.046980906277894974,0.04116295650601387,0.01616520620882511,0.0,0.0,1.0,0.0,1.0,0.030815700069069862,0.0058179497718811035
test:897,Qwen3-8B,42,benign,norm_matched,6,final,10,0.0,0.0,0.027232643216848373,0.03125502169132233,0.03049316257238388,0.0,0.0,1.0,0.0,0.0,-0.003260519355535507,-0.004022378474473953
test:427,Qwen3-8B,42,benign,norm_matched,6,final,17,0.0,0.0,0.03158648684620857,0.030951503664255142,0.03279354050755501,0.0,0.0,0.0,0.0,0.0,-0.0012070536613464355,0.0006349831819534302
test:536,Qwen3-8B,42,benign,norm_matched,6,final,34,0.0,0.0,0.04665656015276909,0.04030132666230202,0.024125711992383003,0.0,0.0,1.0,0.0,1.0,0.022530848160386086,0.0063552334904670715
test:1556,Qwen3-8B,42,benign,norm_matched,6,final,27,0.0,0.0,0.027594177052378654,0.021890928968787193,0.031628306955099106,0.0,0.0,0.0,0.0,0.0,-0.004034129902720451,0.005703248083591461
test:1638,Qwen3-8B,42,benign,norm_matched,6,final,47,0.0,0.0,0.026427723467350006,0.028568774461746216,0.025720244273543358,0.0,0.0,1.0,0.0,1.0,0.0007074791938066483,-0.0021410509943962097
test:481,Qwen3-8B,42,benign,norm_matched,6,final,54,0.0,0.0,0.011994561180472374,0.030039548873901367,0.036054398864507675,0.0,0.0,0.0,0.0,0.0,-0.0240598376840353,-0.018044987693428993
test:640,Qwen3-8B,42,benign,norm_matched,6,final,30,0.0,0.0,0.02876671962440014,0.03218264877796173,0.02387271448969841,0.0,0.0,1.0,0.0,1.0,0.004894005134701729,-0.003415929153561592
test:903,Qwen3-8B,42,benign,norm_matched,6,final,33,0.0,0.0,0.03954877704381943,0.026822740212082863,0.03154570981860161,0.0,0.0,0.0,0.0,1.0,0.00800306722521782,0.012726036831736565
test:466,Qwen3-8B,42,benign,norm_matched,6,final,13,0.0,0.0,0.045826636254787445,0.03662761300802231,0.03060600347816944,0.0,0.0,1.0,0.0,1.0,0.015220632776618004,0.009199023246765137
test:787,Qwen3-8B,42,benign,norm_matched,6,final,60,0.0,0.0,0.0253075510263443,0.03477362170815468,0.022873124107718468,0.0,0.0,1.0,0.0,1.0,0.0024344269186258316,-0.009466070681810379
test:63,Qwen3-8B,42,benign,norm_matched,6,final,47,0.0,0.0,0.026809222996234894,0.047407366335392,0.02268475852906704,0.0,0.0,1.0,0.0,1.0,0.004124464467167854,-0.020598143339157104
test:1639,Qwen3-8B,42,benign,norm_matched,6,final,38,0.0,0.0,0.014430462382733822,0.012345847673714161,0.01274794526398182,0.0,0.0,0.0,0.0,1.0,0.0016825171187520027,0.002084614709019661
test:2265,Qwen3-8B,42,benign,norm_matched,6,final,49,0.0,0.0,0.014162695035338402,0.018142802640795708,0.02050267904996872,0.0,0.0,0.0,0.0,0.0,-0.006339984014630318,-0.003980107605457306
test:1745,Qwen3-8B,42,benign,norm_matched,6,final,54,0.0,0.0,0.023375289514660835,0.036397114396095276,0.036690980195999146,0.0,0.0,0.0,0.0,0.0,-0.01331569068133831,-0.01302182488143444
test:9,Qwen3-8B,42,benign,norm_matched,6,final,41,0.0,0.0,0.1206418126821518,0.08137275278568268,0.06592001020908356,0.0,0.0,1.0,0.0,1.0,0.05472180247306824,0.039269059896469116
test:1279,Qwen3-8B,42,benign,norm_matched,6,final,17,0.0,0.0,0.023861393332481384,0.03613991662859917,0.03790043666958809,0.0,0.0,0.0,0.0,0.0,-0.014039043337106705,-0.012278523296117783
test:576,Qwen3-8B,42,benign,norm_matched,6,final,41,0.0,0.0,0.0378606840968132,0.057423077523708344,0.04822539538145065,0.0,0.0,1.0,0.0,0.0,-0.010364711284637451,-0.01956239342689514
test:2207,Qwen3-8B,42,benign,norm_matched,6,final,57,0.0,0.0,0.030419858172535896,0.04054011404514313,0.038929570466279984,0.0,0.0,1.0,0.0,0.0,-0.008509712293744087,-0.010120255872607231
test:2168,Qwen3-8B,42,benign,norm_matched,6,final,11,0.0,0.0,0.0495983250439167,0.049067962914705276,0.02239176258444786,0.0,0.0,1.0,0.0,1.0,0.02720656245946884,0.0005303621292114258
test:805,Qwen3-8B,42,benign,norm_matched,6,final,55,0.0,0.0,0.06312509626150131,0.07015776634216309,0.03743727505207062,0.0,0.0,1.0,0.0,1.0,0.025687821209430695,-0.007032670080661774
test:1197,Qwen3-8B,42,benign,norm_matched,6,final,41,0.0,0.0,0.022723402827978134,0.023731593042612076,0.021593812853097916,0.0,0.0,1.0,0.0,1.0,0.0011295899748802185,-0.0010081902146339417
test:364,Qwen3-8B,42,benign,norm_matched,6,final,33,0.0,0.0,0.04765364155173302,0.031096089631319046,0.04715454950928688,0.0,0.0,0.0,0.0,1.0,0.0004990920424461365,0.01655755192041397
test:1644,Qwen3-8B,42,benign,norm_matched,6,final,27,0.0,0.0,0.04915860667824745,0.03148322552442551,0.03970971331000328,0.0,0.0,0.0,0.0,1.0,0.009448893368244171,0.017675381153821945
test:91,Qwen3-8B,42,benign,norm_matched,6,final,62,0.0,0.0,0.03959764540195465,0.04608168452978134,0.061679743230342865,0.0,0.0,0.0,0.0,0.0,-0.022082097828388214,-0.006484039127826691
test:328,Qwen3-8B,42,benign,norm_matched,6,final,38,0.0,0.0,0.03396105021238327,0.03176862373948097,0.02254372276365757,0.0,0.0,1.0,0.0,1.0,0.0114173274487257,0.002192426472902298
test:205,Qwen3-8B,42,benign,norm_matched,6,final,38,0.0,0.0,0.04964075982570648,0.045384448021650314,0.03670845180749893,0.0,0.0,1.0,0.0,1.0,0.01293230801820755,0.004256311804056168
test:1797,Qwen3-8B,42,benign,norm_matched,6,final,61,0.0,0.0,0.01440919004380703,0.026317769661545753,0.02208745665848255,0.0,0.0,1.0,0.0,0.0,-0.007678266614675522,-0.011908579617738724
test:1072,Qwen3-8B,42,benign,norm_matched,6,final,74,0.0,0.0,0.031220817938447,0.041201069951057434,0.01803530752658844,0.0,0.0,1.0,0.0,1.0,0.013185510411858559,-0.009980252012610435
test:1445,Qwen3-8B,42,benign,norm_matched,6,final,65,0.0,0.0,0.07105686515569687,0.07220671325922012,0.06581086665391922,0.0,0.0,1.0,0.0,1.0,0.005245998501777649,-0.0011498481035232544
test:630,Qwen3-8B,42,benign,norm_matched,6,final,62,0.0,0.0,0.030471840873360634,0.04052482172846794,0.03396992012858391,0.0,0.0,1.0,0.0,0.0,-0.0034980792552232742,-0.010052980855107307
test:1252,Qwen3-8B,42,benign,norm_matched,6,final,69,0.0,0.0,0.034519270062446594,0.024492505937814713,0.039362430572509766,0.0,0.0,0.0,0.0,0.0,-0.004843160510063171,0.010026764124631882
test:1721,Qwen3-8B,42,benign,norm_matched,6,final,35,0.0,0.0,0.027385124936699867,0.02210959792137146,0.020747873932123184,0.0,0.0,1.0,0.0,1.0,0.006637251004576683,0.005275527015328407
test:236,Qwen3-8B,42,benign,norm_matched,6,final,46,0.0,0.0,0.06678209453821182,0.05651416257023811,0.05529411882162094,0.0,0.0,1.0,0.0,1.0,0.011487975716590881,0.010267931967973709
test:612,Qwen3-8B,42,benign,norm_matched,6,final,42,0.0,0.0,0.022561730816960335,0.023135440424084663,0.025180598720908165,0.0,0.0,0.0,0.0,0.0,-0.00261886790394783,-0.0005737096071243286
test:354,Qwen3-8B,42,benign,norm_matched,6,final,60,0.0,0.0,0.05192405730485916,0.05962434783577919,0.04777444154024124,0.0,0.0,1.0,0.0,1.0,0.00414961576461792,-0.007700290530920029
test:2047,Qwen3-8B,42,benign,norm_matched,6,final,38,0.0,0.0,0.05294949561357498,0.03559940308332443,0.029182162135839462,0.0,0.0,1.0,0.0,1.0,0.02376733347773552,0.01735009253025055
test:1687,Qwen3-8B,42,benign,norm_matched,6,final,57,0.0,0.0,0.018064085394144058,0.02209591306746006,0.023016884922981262,0.0,0.0,0.0,0.0,0.0,-0.004952799528837204,-0.004031827673316002
test:1787,Qwen3-8B,42,benign,norm_matched,6,final,77,0.0,0.0,0.02888396382331848,0.03150687366724014,0.040028899908065796,0.0,0.0,0.0,0.0,0.0,-0.011144936084747314,-0.0026229098439216614
test:896,Qwen3-8B,42,benign,norm_matched,6,final,36,0.0,0.0,0.05796674266457558,0.04505109041929245,0.07029420137405396,0.0,0.0,0.0,0.0,0.0,-0.012327458709478378,0.012915652245283127
test:1282,Qwen3-8B,42,benign,norm_matched,6,final,15,0.0,0.0,0.02785871922969818,0.032222773879766464,0.027866756543517113,0.0,0.0,1.0,0.0,0.0,-8.03731381893158e-06,-0.004364054650068283
test:1036,Qwen3-8B,42,benign,norm_matched,6,final,70,0.0,0.0,0.00796431489288807,0.017479710280895233,0.015866074711084366,0.0,0.0,1.0,0.0,0.0,-0.007901759818196297,-0.009515395388007164
test:2230,Qwen3-8B,42,benign,norm_matched,6,final,33,0.0,0.0,0.05886675789952278,0.041089288890361786,0.046100202947854996,0.0,0.0,0.0,0.0,1.0,0.012766554951667786,0.017777469009160995
test:376,Qwen3-8B,42,benign,norm_matched,6,final,57,0.0,0.0,0.036855004727840424,0.05307251587510109,0.04932393878698349,0.0,0.0,1.0,0.0,0.0,-0.012468934059143066,-0.016217511147260666
test:1544,Qwen3-8B,42,benign,norm_matched,6,final,21,0.0,0.0,0.029034730046987534,0.030310029163956642,0.027767017483711243,0.0,0.0,1.0,0.0,1.0,0.001267712563276291,-0.0012752991169691086
test:863,Qwen3-8B,42,benign,norm_matched,6,final,52,0.0,0.0,0.047286298125982285,0.04058244824409485,0.039898648858070374,0.0,0.0,1.0,0.0,1.0,0.007387649267911911,0.006703849881887436
test:2292,Qwen3-8B,42,benign,norm_matched,6,final,44,0.0,0.0,0.0214454997330904,0.010466779582202435,0.01677709072828293,0.0,0.0,0.0,0.0,1.0,0.004668409004807472,0.010978720150887966
test:392,Qwen3-8B,42,benign,norm_matched,6,final,70,0.0,0.0,0.01475163921713829,0.02213100716471672,0.028466351330280304,0.0,0.0,0.0,0.0,0.0,-0.013714712113142014,-0.00737936794757843
test:1675,Qwen3-8B,42,benign,norm_matched,6,final,72,0.0,0.0,0.015051605179905891,0.023272579535841942,0.021734239533543587,0.0,0.0,1.0,0.0,0.0,-0.006682634353637695,-0.00822097435593605
test:1718,Qwen3-8B,42,benign,norm_matched,6,final,40,0.0,0.0,0.04676787555217743,0.042125359177589417,0.04166904091835022,0.0,0.0,1.0,0.0,1.0,0.0050988346338272095,0.004642516374588013
test:1150,Qwen3-8B,42,benign,norm_matched,6,final,22,0.0,0.0,0.009659717790782452,0.014053578488528728,0.010610914789140224,0.0,0.0,1.0,0.0,0.0,-0.0009511969983577728,-0.004393860697746277
test:1659,Qwen3-8B,42,benign,norm_matched,6,final,44,0.0,0.0,0.03080262988805771,0.01894564926624298,0.018922319635748863,0.0,0.0,1.0,0.0,1.0,0.011880310252308846,0.011856980621814728
test:1213,Qwen3-8B,42,benign,norm_matched,6,final,81,0.0,0.0,0.032184794545173645,0.04359908401966095,0.02489594556391239,0.0,0.0,1.0,0.0,1.0,0.007288848981261253,-0.011414289474487305
test:1037,Qwen3-8B,42,benign,norm_matched,6,final,20,0.0,0.0,0.00962394755333662,0.02336476929485798,0.013749729841947556,0.0,0.0,1.0,0.0,0.0,-0.004125782288610935,-0.013740821741521358
test:1201,Qwen3-8B,42,benign,norm_matched,6,final,73,0.0,0.0,0.025541452690958977,0.04780704155564308,0.03591059148311615,0.0,0.0,1.0,0.0,0.0,-0.010369138792157173,-0.022265588864684105
test:1093,Qwen3-8B,42,benign,norm_matched,6,final,66,0.0,0.0,0.01314111053943634,0.04129748046398163,0.030604345723986626,0.0,0.0,1.0,0.0,0.0,-0.017463235184550285,-0.028156369924545288
test:37,Qwen3-8B,42,benign,norm_matched,6,final,53,0.0,0.0,0.06284699589014053,0.07070042192935944,0.040690869092941284,0.0,0.0,1.0,0.0,1.0,0.02215612679719925,-0.007853426039218903
test:785,Qwen3-8B,42,benign,norm_matched,6,final,3,0.0,0.0,0.045789070427417755,0.042697418481111526,0.04079759865999222,0.0,0.0,1.0,0.0,1.0,0.004991471767425537,0.0030916519463062286
test:1842,Qwen3-8B,42,benign,norm_matched,6,final,72,0.0,0.0,0.031174922361969948,0.04115334525704384,0.03280927240848541,0.0,0.0,1.0,0.0,0.0,-0.0016343500465154648,-0.00997842289507389
test:1860,Qwen3-8B,42,benign,norm_matched,6,final,79,0.0,0.0,0.01278717815876007,0.019270537421107292,0.009800916537642479,0.0,0.0,1.0,0.0,1.0,0.002986261621117592,-0.006483359262347221
test:963,Qwen3-8B,42,benign,norm_matched,6,final,66,0.0,0.0,0.031728096306324005,0.06303268671035767,0.025236312299966812,0.0,0.0,1.0,0.0,1.0,0.006491784006357193,-0.03130459040403366
test:827,Qwen3-8B,42,benign,norm_matched,6,final,84,0.0,0.0,0.020103074610233307,0.028239857405424118,0.02743643708527088,0.0,0.0,1.0,0.0,0.0,-0.007333362475037575,-0.008136782795190811
test:17,Qwen3-8B,42,benign,norm_matched,6,final,105,0.0,0.0,0.03813435137271881,0.031544994562864304,0.047630295157432556,0.0,0.0,0.0,0.0,0.0,-0.009495943784713745,0.0065893568098545074
test:1937,Qwen3-8B,42,benign,norm_matched,6,final,59,0.0,0.0,0.04136936739087105,0.03694571182131767,0.03979525342583656,0.0,0.0,0.0,0.0,1.0,0.0015741139650344849,0.004423655569553375
test:765,Qwen3-8B,42,benign,norm_matched,6,final,77,0.0,0.0,0.04315003752708435,0.05672203004360199,0.048937827348709106,0.0,0.0,1.0,0.0,0.0,-0.005787789821624756,-0.01357199251651764
test:2008,Qwen3-8B,42,benign,norm_matched,6,final,43,0.0,0.0,0.055423568934202194,0.036794260144233704,0.04102177545428276,0.0,0.0,0.0,0.0,1.0,0.014401793479919434,0.01862930878996849
test:520,Qwen3-8B,42,benign,norm_matched,6,final,88,0.0,0.0,0.024193108081817627,0.04351745918393135,0.03401812165975571,0.0,0.0,1.0,0.0,0.0,-0.00982501357793808,-0.019324351102113724
test:1124,Qwen3-8B,42,benign,norm_matched,6,final,104,0.0,0.0,0.021428095176815987,0.016539668664336205,0.015536499209702015,0.0,0.0,1.0,0.0,1.0,0.005891595967113972,0.004888426512479782
test:459,Qwen3-8B,42,benign,norm_matched,6,final,31,0.0,0.0,0.026180310174822807,0.030198542401194572,0.02923225238919258,0.0,0.0,1.0,0.0,0.0,-0.003051942214369774,-0.004018232226371765
test:177,Qwen3-8B,42,benign,norm_matched,6,final,77,0.0,0.0,0.015496239066123962,0.026380395516753197,0.024590233340859413,0.0,0.0,1.0,0.0,0.0,-0.00909399427473545,-0.010884156450629234
test:192,Qwen3-8B,42,benign,norm_matched,6,final,38,0.0,0.0,0.05845952033996582,0.03440627083182335,0.04298889636993408,0.0,0.0,0.0,0.0,1.0,0.015470623970031738,0.02405324950814247
test:2160,Qwen3-8B,42,benign,norm_matched,6,final,96,0.0,0.0,0.036155521869659424,0.03798448294401169,0.031420327723026276,0.0,0.0,1.0,0.0,1.0,0.004735194146633148,-0.0018289610743522644
test:1617,Qwen3-8B,42,benign,norm_matched,6,final,109,0.0,0.0,0.01209560502320528,0.016930945217609406,0.012295149266719818,0.0,0.0,1.0,0.0,0.0,-0.0001995442435145378,-0.004835340194404125
test:100,Qwen3-8B,42,benign,norm_matched,6,final,37,0.0,0.0,0.01965985633432865,0.042587798088788986,0.037534233182668686,0.0,0.0,1.0,0.0,0.0,-0.017874376848340034,-0.022927941754460335
test:693,Qwen3-8B,42,benign,norm_matched,6,final,43,0.0,0.0,0.03172359615564346,0.03292861953377724,0.030070835724473,0.0,0.0,1.0,0.0,1.0,0.0016527604311704636,-0.0012050233781337738
test:195,Qwen3-8B,42,benign,norm_matched,6,final,22,0.0,0.0,0.016863366588950157,0.015635831281542778,0.01548827439546585,0.0,0.0,1.0,0.0,1.0,0.0013750921934843063,0.0012275353074073792
test:114,Qwen3-8B,42,benign,norm_matched,6,final,66,0.0,0.0,0.036824993789196014,0.03163721412420273,0.031230786815285683,0.0,0.0,1.0,0.0,1.0,0.005594206973910332,0.005187779664993286
test:2205,Qwen3-8B,42,benign,norm_matched,6,final,60,0.0,0.0,0.03742529824376106,0.036767035722732544,0.040840502828359604,0.0,0.0,0.0,0.0,0.0,-0.0034152045845985413,0.0006582625210285187
test:1380,Qwen3-8B,42,benign,norm_matched,6,final,93,0.0,0.0,0.022768443450331688,0.04202079400420189,0.04231655225157738,0.0,0.0,0.0,0.0,0.0,-0.01954810880124569,-0.0192523505538702
test:668,Qwen3-8B,42,benign,norm_matched,6,final,28,0.0,0.0,0.02541101723909378,0.024495305493474007,0.015869541093707085,0.0,0.0,1.0,0.0,1.0,0.009541476145386696,0.0009157117456197739
test:874,Qwen3-8B,42,benign,norm_matched,6,final,57,0.0,0.0,0.052322302013635635,0.05121135711669922,0.043307073414325714,0.0,0.0,1.0,0.0,1.0,0.009015228599309921,0.0011109448969364166
test:1824,Qwen3-8B,42,benign,norm_matched,6,final,62,0.0,0.0,0.02535148710012436,0.030458109453320503,0.01124571356922388,0.0,0.0,1.0,0.0,1.0,0.014105773530900478,-0.005106622353196144
test:1248,Qwen3-8B,42,benign,norm_matched,6,final,56,0.0,0.0,0.0691167339682579,0.045304179191589355,0.0015171492705121636,0.0,0.0,1.0,0.0,1.0,0.06759958469774574,0.02381255477666855
test:714,Qwen3-8B,42,benign,norm_matched,6,final,65,0.0,0.0,0.03105504810810089,0.04728521406650543,0.03592139109969139,0.0,0.0,1.0,0.0,0.0,-0.0048663429915905,-0.01623016595840454
test:133,Qwen3-8B,42,benign,norm_matched,6,final,70,0.0,0.0,0.00990705844014883,0.01749473065137863,0.013299395330250263,0.0,0.0,1.0,0.0,0.0,-0.003392336890101433,-0.007587672211229801
test:162,Qwen3-8B,42,benign,norm_matched,6,final,67,0.0,0.0,0.032696809619665146,0.038535457104444504,0.03981546312570572,0.0,0.0,0.0,0.0,0.0,-0.007118653506040573,-0.005838647484779358
test:2079,Qwen3-8B,42,benign,norm_matched,6,final,73,0.0,0.0,0.02462407946586609,0.021732566878199577,0.019817078486084938,0.0,0.0,1.0,0.0,1.0,0.004807000979781151,0.0028915125876665115
test:1795,Qwen3-8B,42,benign,norm_matched,6,final,44,0.0,0.0,0.06733385473489761,0.03709864988923073,0.026917263865470886,0.0,0.0,1.0,0.0,1.0,0.04041659086942673,0.030235204845666885
test:1760,Qwen3-8B,42,benign,norm_matched,6,final,43,0.0,0.0,0.024448055773973465,0.01980210654437542,0.02094239741563797,0.0,0.0,0.0,0.0,1.0,0.003505658358335495,0.004645949229598045
test:1424,Qwen3-8B,42,benign,norm_matched,6,final,35,0.0,0.0,0.03513846546411514,0.03208855912089348,0.023851264268159866,0.0,0.0,1.0,0.0,1.0,0.011287201195955276,0.0030499063432216644
test:62,Qwen3-8B,42,benign,norm_matched,6,final,74,0.0,0.0,0.0392347127199173,0.03568577021360397,0.018724555149674416,0.0,0.0,1.0,0.0,1.0,0.020510157570242882,0.003548942506313324
test:522,Qwen3-8B,42,benign,norm_matched,6,final,41,0.0,0.0,0.05425410717725754,0.05341830104589462,0.04647373780608177,0.0,0.0,1.0,0.0,1.0,0.007780369371175766,0.000835806131362915
test:1227,Qwen3-8B,42,benign,norm_matched,6,final,10,0.0,0.0,0.04385598376393318,0.04681151360273361,0.04481379687786102,0.0,0.0,1.0,0.0,0.0,-0.0009578131139278412,-0.0029555298388004303
test:397,Qwen3-8B,42,benign,norm_matched,6,final,36,0.0,0.0,0.01832122728228569,0.01863616146147251,0.015454663895070553,0.0,0.0,1.0,0.0,1.0,0.0028665633872151375,-0.000314934179186821
test:374,Qwen3-8B,42,benign,norm_matched,6,final,28,0.0,0.0,0.025838937610387802,0.027998296543955803,0.03173096477985382,0.0,0.0,0.0,0.0,0.0,-0.005892027169466019,-0.002159358933568001
test:1078,Qwen3-8B,42,benign,norm_matched,6,final,62,0.0,0.0,0.03500436246395111,0.029466120526194572,0.03451651334762573,0.0,0.0,0.0,0.0,1.0,0.0004878491163253784,0.005538241937756538
test:1664,Qwen3-8B,42,benign,norm_matched,6,final,44,0.0,0.0,0.03825380653142929,0.03640042245388031,0.029690224677324295,0.0,0.0,1.0,0.0,1.0,0.008563581854104996,0.0018533840775489807
test:1818,Qwen3-8B,42,benign,norm_matched,6,final,58,0.0,0.0,0.04151388630270958,0.039484765380620956,0.03346621245145798,0.0,0.0,1.0,0.0,1.0,0.008047673851251602,0.002029120922088623
test:1246,Qwen3-8B,42,benign,norm_matched,6,final,34,0.0,0.0,0.07310523837804794,0.044632624834775925,0.050974033772945404,0.0,0.0,0.0,0.0,1.0,0.02213120460510254,0.02847261354327202
test:1887,Qwen3-8B,42,benign,norm_matched,6,final,40,0.0,0.0,0.017009492963552475,0.01646612584590912,0.019997280091047287,0.0,0.0,0.0,0.0,0.0,-0.002987787127494812,0.0005433671176433563
test:1623,Qwen3-8B,42,benign,norm_matched,6,final,23,0.0,0.0,0.04394567012786865,0.02869616448879242,0.031508032232522964,0.0,0.0,0.0,0.0,1.0,0.012437637895345688,0.015249505639076233
test:196,Qwen3-8B,42,benign,norm_matched,6,final,23,0.0,0.0,0.054259803146123886,0.04744129627943039,0.050325408577919006,0.0,0.0,0.0,0.0,1.0,0.00393439456820488,0.006818506866693497
test:1899,Qwen3-8B,42,benign,norm_matched,6,final,52,0.0,0.0,0.035457972437143326,0.022008487954735756,0.021332111209630966,0.0,0.0,1.0,0.0,1.0,0.01412586122751236,0.01344948448240757
test:1208,Qwen3-8B,42,benign,norm_matched,6,final,27,0.0,0.0,0.05473680794239044,0.033550016582012177,0.029105059802532196,0.0,0.0,1.0,0.0,1.0,0.025631748139858246,0.021186791360378265
test:1441,Qwen3-8B,42,benign,norm_matched,6,final,23,0.0,0.0,0.07896505296230316,0.05181339383125305,0.021747170016169548,0.0,0.0,1.0,0.0,1.0,0.057217882946133614,0.02715165913105011
test:1102,Qwen3-8B,42,benign,norm_matched,6,final,92,0.0,0.0,0.07169856876134872,0.04104384034872055,0.0398552305996418,0.0,0.0,1.0,0.0,1.0,0.031843338161706924,0.030654728412628174
test:76,Qwen3-8B,42,benign,norm_matched,6,final,119,0.0,0.0,0.022836090996861458,0.027228238061070442,0.016986127942800522,0.0,0.0,1.0,0.0,1.0,0.005849963054060936,-0.004392147064208984
test:1855,Qwen3-8B,42,benign,norm_matched,6,final,34,0.0,0.0,0.05261821299791336,0.035768069326877594,0.04020359367132187,0.0,0.0,0.0,0.0,1.0,0.012414619326591492,0.016850143671035767
test:1652,Qwen3-8B,42,benign,norm_matched,6,final,43,0.0,0.0,0.05400506407022476,0.04584162309765816,0.049088094383478165,0.0,0.0,0.0,0.0,1.0,0.004916969686746597,0.008163440972566605
test:355,Qwen3-8B,42,benign,norm_matched,6,final,49,0.0,0.0,0.01784466952085495,0.020613476634025574,0.019033605232834816,0.0,0.0,1.0,0.0,0.0,-0.001188935711979866,-0.0027688071131706238
test:2144,Qwen3-8B,42,benign,norm_matched,6,final,114,0.0,0.0,0.02649160847067833,0.031340133398771286,0.019333908334374428,0.0,0.0,1.0,0.0,1.0,0.007157700136303902,-0.0048485249280929565
test:210,Qwen3-8B,42,benign,norm_matched,6,final,52,0.0,0.0,0.024263503029942513,0.02434711530804634,0.023544324561953545,0.0,0.0,1.0,0.0,1.0,0.0007191784679889679,-8.361227810382843e-05
test:1713,Qwen3-8B,42,benign,norm_matched,6,final,101,0.0,0.0,0.02346671372652054,0.02339143492281437,0.0362585186958313,0.0,0.0,0.0,0.0,0.0,-0.01279180496931076,7.527880370616913e-05
test:1574,Qwen3-8B,42,benign,norm_matched,6,final,97,0.0,0.0,0.04765349626541138,0.027601858600974083,0.04280906170606613,0.0,0.0,0.0,0.0,1.0,0.004844434559345245,0.020051637664437294
test:1488,Qwen3-8B,42,benign,norm_matched,6,final,82,0.0,0.0,0.023285025730729103,0.020287062972784042,0.02763660065829754,0.0,0.0,0.0,0.0,0.0,-0.004351574927568436,0.0029979627579450607
test:1868,Qwen3-8B,42,benign,norm_matched,6,final,60,0.0,0.0,0.021938441321253777,0.021604401990771294,0.02594667673110962,0.0,0.0,0.0,0.0,0.0,-0.004008235409855843,0.0003340393304824829
test:2233,Qwen3-8B,42,benign,norm_matched,6,final,43,0.0,0.0,0.0454079732298851,0.05528062582015991,0.07279399782419205,0.0,0.0,0.0,0.0,0.0,-0.027386024594306946,-0.00987265259027481
test:692,Qwen3-8B,42,benign,norm_matched,6,final,64,0.0,0.0,0.009067149832844734,0.03745220601558685,0.03848736733198166,0.0,0.0,0.0,0.0,0.0,-0.029420217499136925,-0.02838505618274212
test:1732,Qwen3-8B,42,benign,norm_matched,6,final,3,0.0,0.0,0.05457291752099991,0.060607343912124634,0.03425855562090874,0.0,0.0,1.0,0.0,1.0,0.02031436190009117,-0.006034426391124725
test:1002,Qwen3-8B,42,benign,norm_matched,6,final,51,0.0,0.0,0.018800491467118263,0.012768340297043324,0.03668024390935898,0.0,0.0,0.0,0.0,0.0,-0.017879752442240715,0.00603215117007494
test:1607,Qwen3-8B,42,benign,norm_matched,6,final,182,0.0,0.0,0.01894080452620983,0.010678359307348728,0.014076083898544312,0.0,0.0,0.0,0.0,1.0,0.00486472062766552,0.008262445218861103
test:1123,Qwen3-8B,42,benign,norm_matched,6,final,142,0.0,0.0,0.013780414126813412,0.026326632127165794,0.022154562175273895,0.0,0.0,1.0,0.0,0.0,-0.008374148048460484,-0.012546218000352383
test:120,Qwen3-8B,42,benign,norm_matched,6,final,150,0.0,0.0,0.028687022626399994,0.04425707831978798,0.0493888333439827,0.0,0.0,0.0,0.0,0.0,-0.020701810717582703,-0.015570055693387985
test:652,Qwen3-8B,42,benign,norm_matched,6,final,47,0.0,0.0,0.03435823321342468,0.028437476605176926,0.03517518192529678,0.0,0.0,0.0,0.0,0.0,-0.0008169487118721008,0.005920756608247757
test:850,Qwen3-8B,42,benign,norm_matched,6,final,118,0.0,0.0,0.021341748535633087,0.031679730862379074,0.036088570952415466,0.0,0.0,0.0,0.0,0.0,-0.01474682241678238,-0.010337982326745987
test:1633,Qwen3-8B,42,benign,norm_matched,6,final,58,0.0,0.0,0.023234155029058456,0.030375860631465912,0.03204607963562012,0.0,0.0,0.0,0.0,0.0,-0.00881192460656166,-0.0071417056024074554
test:1126,Qwen3-8B,42,benign,norm_matched,6,final,140,0.0,0.0,0.05308263748884201,0.06772703677415848,0.05800674483180046,0.0,0.0,1.0,0.0,0.0,-0.00492410734295845,-0.014644399285316467
test:2130,Qwen3-8B,42,benign,norm_matched,6,final,167,0.0,0.0,0.04728856682777405,0.02573155239224434,0.026581326499581337,0.0,0.0,0.0,0.0,1.0,0.02070724032819271,0.02155701443552971
test:1982,Qwen3-8B,42,benign,norm_matched,6,final,60,0.0,0.0,0.01395568810403347,0.015600311569869518,0.015360087156295776,0.0,0.0,1.0,0.0,0.0,-0.0014043990522623062,-0.0016446234658360481
test:941,Qwen3-8B,42,benign,norm_matched,6,final,141,0.0,0.0,0.027180269360542297,0.02343733049929142,0.05888930708169937,0.0,0.0,0.0,0.0,0.0,-0.031709037721157074,0.0037429388612508774
test:1038,Qwen3-8B,42,benign,norm_matched,6,final,128,0.0,0.0,0.03040413372218609,0.024641022086143494,0.02725192718207836,0.0,0.0,0.0,0.0,1.0,0.003152206540107727,0.005763111636042595
test:359,Qwen3-8B,42,benign,norm_matched,6,final,85,0.0,0.0,0.0617215596139431,0.03133486211299896,0.03780696541070938,0.0,0.0,0.0,0.0,1.0,0.02391459420323372,0.030386697500944138
test:1015,Qwen3-8B,42,benign,norm_matched,6,final,45,0.0,0.0,0.017779462039470673,0.026449380442500114,0.029796099290251732,0.0,0.0,0.0,0.0,0.0,-0.01201663725078106,-0.008669918403029442
test:680,Qwen3-8B,42,benign,norm_matched,6,final,15,0.0,0.0,0.024925455451011658,0.02218613773584366,0.0185347069054842,0.0,0.0,1.0,0.0,1.0,0.006390748545527458,0.0027393177151679993
test:1240,Qwen3-8B,42,benign,norm_matched,6,final,204,0.0,0.0,0.014008567668497562,0.043346717953681946,0.04200941324234009,0.0,0.0,1.0,0.0,0.0,-0.028000845573842525,-0.029338150285184383
test:1330,Qwen3-8B,42,benign,norm_matched,6,final,73,0.0,0.0,0.03281894698739052,0.03229430317878723,0.028479333966970444,0.0,0.0,1.0,0.0,1.0,0.0043396130204200745,0.0005246438086032867
test:544,Qwen3-8B,42,benign,norm_matched,6,final,167,0.0,0.0,0.02779308892786503,0.039825282990932465,0.03886754438281059,0.0,0.0,1.0,0.0,0.0,-0.011074455454945564,-0.012032194063067436
test:695,Qwen3-8B,42,benign,norm_matched,6,final,158,0.0,0.0,0.027031295001506805,0.03462814912199974,0.02871314063668251,0.0,0.0,1.0,0.0,0.0,-0.001681845635175705,-0.007596854120492935
test:1019,Qwen3-8B,42,benign,norm_matched,6,final,182,0.0,0.0,0.02302205003798008,0.030834488570690155,0.0304853692650795,0.0,0.0,1.0,0.0,0.0,-0.007463319227099419,-0.007812438532710075
test:2172,Qwen3-8B,42,benign,norm_matched,6,final,158,0.0,0.0,0.061895132064819336,0.08633050322532654,0.06197468191385269,0.0,0.0,1.0,0.0,0.0,-7.954984903335571e-05,-0.024435371160507202
test:446,Qwen3-8B,42,benign,norm_matched,6,final,162,0.0,0.0,0.04300759360194206,0.018311403691768646,0.0513102151453495,0.0,0.0,0.0,0.0,0.0,-0.00830262154340744,0.024696189910173416
test:7,Qwen3-8B,42,benign,norm_matched,6,final,64,0.0,0.0,0.0140264006331563,0.014029642567038536,0.015029540285468102,0.0,0.0,0.0,0.0,0.0,-0.001003139652311802,-3.2419338822364807e-06
test:1589,Qwen3-8B,42,benign,norm_matched,6,final,150,0.0,0.0,0.02672671526670456,0.03172814100980759,0.029096750542521477,0.0,0.0,1.0,0.0,0.0,-0.0023700352758169174,-0.005001425743103027
test:1087,Qwen3-8B,42,benign,norm_matched,6,final,15,0.0,0.0,0.054059769958257675,0.05046980828046799,0.0521598719060421,0.0,0.0,0.0,0.0,1.0,0.0018998980522155762,0.003589961677789688
test:603,Qwen3-8B,42,benign,norm_matched,6,final,71,0.0,0.0,0.018951572477817535,0.017806386575102806,0.026213843375444412,0.0,0.0,0.0,0.0,0.0,-0.007262270897626877,0.0011451859027147293
test:1608,Qwen3-8B,42,benign,norm_matched,6,final,52,0.0,0.0,0.030953481793403625,0.031852301210165024,0.02368340641260147,0.0,0.0,1.0,0.0,1.0,0.0072700753808021545,-0.0008988194167613983
test:774,Qwen3-8B,42,benign,norm_matched,6,final,186,0.0,0.0,0.01598983444273472,0.02276451140642166,0.022209906950592995,0.0,0.0,1.0,0.0,0.0,-0.006220072507858276,-0.006774676963686943
test:1996,Qwen3-8B,42,benign,norm_matched,6,final,17,0.0,0.0,0.05160534009337425,0.035277266055345535,0.02914772927761078,0.0,0.0,1.0,0.0,1.0,0.022457610815763474,0.016328074038028717
test:2221,Qwen3-8B,42,benign,norm_matched,6,final,67,0.0,0.0,0.04208442568778992,0.034367885440588,0.04109180346131325,0.0,0.0,0.0,0.0,1.0,0.0009926222264766693,0.0077165402472019196
test:1313,Qwen3-8B,42,benign,norm_matched,6,final,144,0.0,0.0,0.05136776342988014,0.043404094874858856,0.0364898256957531,0.0,0.0,1.0,0.0,1.0,0.014877937734127045,0.007963668555021286
test:1515,Qwen3-8B,42,benign,norm_matched,6,final,141,0.0,0.0,0.01638084277510643,0.030419640243053436,0.03410397842526436,0.0,0.0,0.0,0.0,0.0,-0.01772313565015793,-0.014038797467947006
test:1418,Qwen3-8B,42,benign,norm_matched,6,final,187,0.0,0.0,0.01735331490635872,0.03530656173825264,0.033098701387643814,0.0,0.0,1.0,0.0,0.0,-0.015745386481285095,-0.01795324683189392
test:999,Qwen3-8B,42,benign,norm_matched,6,final,164,0.0,0.0,0.019017135724425316,0.03660110756754875,0.01995086297392845,0.0,0.0,1.0,0.0,0.0,-0.0009337272495031357,-0.017583971843123436
test:1431,Qwen3-8B,42,benign,norm_matched,6,final,126,0.0,0.0,0.031044937670230865,0.024643322452902794,0.029579220339655876,0.0,0.0,0.0,0.0,1.0,0.0014657173305749893,0.006401615217328072
test:702,Qwen3-8B,42,benign,norm_matched,6,final,25,0.0,0.0,0.03221479058265686,0.031053630635142326,0.03446730971336365,0.0,0.0,0.0,0.0,0.0,-0.002252519130706787,0.001161159947514534
test:111,Qwen3-8B,42,benign,norm_matched,6,final,35,0.0,0.0,0.04717285931110382,0.06068383529782295,0.04446542263031006,0.0,0.0,1.0,0.0,1.0,0.002707436680793762,-0.013510975986719131
test:1039,Qwen3-8B,42,benign,norm_matched,6,final,197,0.0,0.0,0.03953254967927933,0.025209501385688782,0.031210333108901978,0.0,0.0,0.0,0.0,1.0,0.00832221657037735,0.014323048293590546
test:586,Qwen3-8B,42,benign,norm_matched,6,final,36,0.0,0.0,0.05023864656686783,0.048097334802150726,0.011467620730400085,0.0,0.0,1.0,0.0,1.0,0.03877102583646774,0.002141311764717102
test:733,Qwen3-8B,42,benign,norm_matched,6,final,65,0.0,0.0,0.03520188108086586,0.035845983773469925,0.03137714043259621,0.0,0.0,1.0,0.0,1.0,0.0038247406482696533,-0.0006441026926040649
test:562,Qwen3-8B,42,benign,norm_matched,6,final,49,0.0,0.0,0.06592145562171936,0.03134762495756149,-0.00046938774175941944,0.0,0.0,1.0,0.0,1.0,0.06639084336347878,0.03457383066415787
test:367,Qwen3-8B,42,benign,norm_matched,6,final,171,0.0,0.0,0.019219907000660896,0.025999369099736214,0.01384661253541708,0.0,0.0,1.0,0.0,1.0,0.005373294465243816,-0.006779462099075317
test:2093,Qwen3-8B,42,benign,norm_matched,6,final,47,0.0,0.0,0.05277004837989807,0.044616714119911194,0.04153711348772049,0.0,0.0,1.0,0.0,1.0,0.011232934892177582,0.008153334259986877
test:298,Qwen3-8B,42,benign,norm_matched,6,final,47,0.0,0.0,0.06856855005025864,0.03160490095615387,0.03343015909194946,0.0,0.0,0.0,0.0,1.0,0.035138390958309174,0.03696364909410477
test:618,Qwen3-8B,42,benign,norm_matched,6,final,25,0.0,0.0,0.02742115966975689,0.020447954535484314,0.015347568318247795,0.0,0.0,1.0,0.0,1.0,0.012073591351509094,0.006973205134272575
test:213,Qwen3-8B,42,benign,norm_matched,6,final,190,0.0,0.0,0.03893205523490906,0.05578002706170082,0.02882612682878971,0.0,0.0,1.0,0.0,1.0,0.010105928406119347,-0.016847971826791763
test:1770,Qwen3-8B,42,benign,norm_matched,6,final,38,0.0,0.0,0.021135441958904266,0.021050570532679558,0.009758824482560158,0.0,0.0,1.0,0.0,1.0,0.011376617476344109,8.487142622470856e-05
test:784,Qwen3-8B,42,benign,norm_matched,6,final,33,0.0,0.0,0.04853513836860657,0.051401518285274506,0.05152948200702667,0.0,0.0,0.0,0.0,0.0,-0.002994343638420105,-0.0028663799166679382
test:748,Qwen3-8B,42,benign,norm_matched,6,final,199,0.0,0.0,0.008887313306331635,0.019002795219421387,0.01583894155919552,0.0,0.0,1.0,0.0,0.0,-0.006951628252863884,-0.010115481913089752
test:691,Qwen3-8B,42,benign,norm_matched,6,final,11,0.0,0.0,0.0661076158285141,0.07333496958017349,0.07758796215057373,0.0,0.0,0.0,0.0,0.0,-0.011480346322059631,-0.007227353751659393
test:1521,Qwen3-8B,42,benign,norm_matched,6,final,62,0.0,0.0,0.018336936831474304,0.024079149588942528,0.02293907105922699,0.0,0.0,1.0,0.0,0.0,-0.0046021342277526855,-0.005742212757468224
test:153,Qwen3-8B,42,benign,norm_matched,6,final,38,0.0,0.0,0.0479513444006443,0.031286630779504776,0.040125772356987,0.0,0.0,0.0,0.0,1.0,0.007825572043657303,0.016664713621139526
test:1145,Qwen3-8B,42,benign,norm_matched,6,final,173,0.0,0.0,0.030761096626520157,0.04901095852255821,0.04536941647529602,0.0,0.0,1.0,0.0,0.0,-0.014608319848775864,-0.018249861896038055
test:1941,Qwen3-8B,42,benign,norm_matched,6,final,34,0.0,0.0,0.035489555448293686,0.03575668856501579,0.03313988447189331,0.0,0.0,1.0,0.0,1.0,0.0023496709764003754,-0.00026713311672210693
test:128,Qwen3-8B,42,benign,norm_matched,6,final,224,0.0,0.0,0.029626548290252686,0.027504287660121918,0.03508080914616585,0.0,0.0,0.0,0.0,0.0,-0.005454260855913162,0.002122260630130768
test:499,Qwen3-8B,42,benign,norm_matched,6,final,50,0.0,0.0,0.055513154715299606,0.018387366086244583,0.01722164824604988,0.0,0.0,1.0,0.0,1.0,0.038291506469249725,0.03712578862905502
test:869,Qwen3-8B,42,benign,norm_matched,6,final,26,0.0,0.0,0.03302406519651413,0.02983703278005123,0.01264268346130848,0.0,0.0,1.0,0.0,1.0,0.02038138173520565,0.0031870324164628983
test:1236,Qwen3-8B,42,benign,norm_matched,6,final,111,0.0,0.0,0.02497308887541294,0.03589646518230438,0.029405152425169945,0.0,0.0,1.0,0.0,0.0,-0.004432063549757004,-0.010923376306891441
test:1870,Qwen3-8B,42,benign,norm_matched,6,final,71,0.0,0.0,0.02928600087761879,0.022617213428020477,0.0237162783741951,0.0,0.0,0.0,0.0,1.0,0.005569722503423691,0.006668787449598312
test:1310,Qwen3-8B,42,benign,norm_matched,6,final,171,0.0,0.0,0.04530084505677223,0.039855387061834335,0.04417217895388603,0.0,0.0,0.0,0.0,1.0,0.0011286661028862,0.005445457994937897
test:1221,Qwen3-8B,42,benign,norm_matched,6,final,88,0.0,0.0,0.030949510633945465,0.02053280733525753,0.0224005039781332,0.0,0.0,0.0,0.0,1.0,0.008549006655812263,0.010416703298687935
test:257,Qwen3-8B,42,benign,norm_matched,6,final,192,0.0,0.0,0.026848820969462395,0.02625417336821556,0.028815584257245064,0.0,0.0,0.0,0.0,0.0,-0.001966763287782669,0.0005946476012468338
test:1513,Qwen3-8B,42,benign,norm_matched,6,final,218,0.0,0.0,0.017443768680095673,0.019915973767638206,0.025100070983171463,0.0,0.0,0.0,0.0,0.0,-0.00765630230307579,-0.002472205087542534
test:553,Qwen3-8B,42,benign,norm_matched,6,final,122,0.0,0.0,0.05656846612691879,0.0492524690926075,0.004144221544265747,0.0,0.0,1.0,0.0,1.0,0.052424244582653046,0.0073159970343112946
test:1881,Qwen3-8B,42,benign,norm_matched,6,final,201,0.0,0.0,0.0264896247535944,0.05140937864780426,0.0469571016728878,0.0,0.0,1.0,0.0,0.0,-0.020467476919293404,-0.024919753894209862
test:2262,Qwen3-8B,42,benign,norm_matched,6,final,54,0.0,0.0,0.03902101889252663,0.032803162932395935,0.03239752724766731,0.0,0.0,1.0,0.0,1.0,0.006623491644859314,0.0062178559601306915
test:911,Qwen3-8B,42,benign,norm_matched,6,final,40,0.0,0.0,0.04000921919941902,0.05438019707798958,0.035656969994306564,0.0,0.0,1.0,0.0,1.0,0.004352249205112457,-0.014370977878570557
test:1947,Qwen3-8B,42,benign,norm_matched,6,final,53,0.0,0.0,0.04565659910440445,0.042582765221595764,0.03969439119100571,0.0,0.0,1.0,0.0,1.0,0.005962207913398743,0.0030738338828086853
test:675,Qwen3-8B,42,benign,norm_matched,6,final,29,0.0,0.0,0.05190850794315338,0.04574866592884064,0.029057087376713753,0.0,0.0,1.0,0.0,1.0,0.02285142056643963,0.006159842014312744
test:979,Qwen3-8B,42,benign,norm_matched,6,final,102,0.0,0.0,0.024282297119498253,0.025272274389863014,0.03481375798583031,0.0,0.0,0.0,0.0,0.0,-0.010531460866332054,-0.0009899772703647614
test:783,Qwen3-8B,42,benign,norm_matched,6,final,10,0.0,0.0,0.06511864066123962,0.05469164624810219,0.05669013038277626,0.0,0.0,0.0,0.0,1.0,0.008428510278463364,0.010426994413137436
test:2149,Qwen3-8B,42,benign,norm_matched,6,final,45,0.0,0.0,0.047092098742723465,0.04798242449760437,0.030489496886730194,0.0,0.0,1.0,0.0,1.0,0.01660260185599327,-0.0008903257548809052
test:1231,Qwen3-8B,42,benign,norm_matched,6,final,112,0.0,0.0,0.0555165633559227,0.028346046805381775,0.018615128472447395,0.0,0.0,1.0,0.0,1.0,0.036901434883475304,0.027170516550540924
test:68,Qwen3-8B,42,benign,norm_matched,6,final,180,0.0,0.0,0.04558524489402771,0.045228905975818634,0.04819967597723007,0.0,0.0,0.0,0.0,0.0,-0.002614431083202362,0.00035633891820907593
test:180,Qwen3-8B,42,benign,norm_matched,6,final,50,0.0,0.0,0.0163678340613842,0.01634923182427883,0.014757297933101654,0.0,0.0,1.0,0.0,1.0,0.001610536128282547,1.8602237105369568e-05
test:2034,Qwen3-8B,42,benign,norm_matched,6,final,122,0.0,0.0,0.037501707673072815,0.035508617758750916,0.03852696344256401,0.0,0.0,0.0,0.0,0.0,-0.0010252557694911957,0.0019930899143218994
test:1007,Qwen3-8B,42,benign,norm_matched,6,final,48,0.0,0.0,0.03796903416514397,0.046674471348524094,0.04536779224872589,0.0,0.0,1.0,0.0,0.0,-0.0073987580835819244,-0.008705437183380127
test:1917,Qwen3-8B,42,benign,norm_matched,6,final,215,0.0,0.0,0.024941110983490944,0.02839893475174904,0.02954145520925522,0.0,0.0,0.0,0.0,0.0,-0.004600344225764275,-0.003457823768258095
test:1869,Qwen3-8B,42,benign,norm_matched,6,final,22,0.0,0.0,0.013562389649450779,0.05381469056010246,0.010453087277710438,0.0,0.0,1.0,0.0,1.0,0.003109302371740341,-0.040252300910651684
test:1819,Qwen3-8B,42,benign,norm_matched,6,final,38,0.0,0.0,0.05568453297019005,0.055540814995765686,0.029356610029935837,0.0,0.0,1.0,0.0,1.0,0.02632792294025421,0.00014371797442436218
test:225,Qwen3-8B,42,benign,norm_matched,6,final,99,0.0,0.0,0.03254663199186325,0.029606230556964874,0.025335364043712616,0.0,0.0,1.0,0.0,1.0,0.007211267948150635,0.0029404014348983765
test:1978,Qwen3-8B,42,benign,norm_matched,6,final,271,0.0,0.0,0.07912198454141617,0.07490245997905731,0.08392030000686646,0.0,0.0,0.0,0.0,0.0,-0.004798315465450287,0.004219524562358856
test:1849,Qwen3-8B,42,benign,norm_matched,6,final,43,0.0,0.0,0.03562184423208237,0.030934378504753113,0.029329700395464897,0.0,0.0,1.0,0.0,1.0,0.00629214383661747,0.004687465727329254
test:1267,Qwen3-8B,42,benign,norm_matched,6,final,237,0.0,0.0,0.020111534744501114,0.029304075986146927,0.025785543024539948,0.0,0.0,1.0,0.0,0.0,-0.005674008280038834,-0.009192541241645813
test:2014,Qwen3-8B,42,benign,norm_matched,6,final,38,0.0,0.0,0.06697483360767365,0.04973631724715233,0.042747434228658676,0.0,0.0,1.0,0.0,1.0,0.02422739937901497,0.017238516360521317
test:747,Qwen3-8B,42,benign,norm_matched,6,final,144,0.0,0.0,0.0524756945669651,0.05074356868863106,0.04634206369519234,0.0,0.0,1.0,0.0,1.0,0.006133630871772766,0.0017321258783340454
test:1536,Qwen3-8B,42,benign,norm_matched,6,final,31,0.0,0.0,0.018310094252228737,0.010979469865560532,0.018688982352614403,0.0,0.0,0.0,0.0,0.0,-0.0003788881003856659,0.007330624386668205
test:495,Qwen3-8B,42,benign,norm_matched,6,final,10,0.0,0.0,0.040599267929792404,0.018087344244122505,0.04038495570421219,0.0,0.0,0.0,0.0,1.0,0.00021431222558021545,0.0225119236856699
test:1218,Qwen3-8B,42,benign,norm_matched,6,final,37,0.0,0.0,0.024134645238518715,0.025992920622229576,0.03329797461628914,0.0,0.0,0.0,0.0,0.0,-0.009163329377770424,-0.0018582753837108612
test:908,Qwen3-8B,42,benign,norm_matched,6,final,36,0.0,0.0,0.0529928095638752,0.046585507690906525,-0.02191799320280552,0.0,0.0,1.0,0.0,1.0,0.07491080276668072,0.006407301872968674
test:284,Qwen3-8B,42,benign,norm_matched,6,final,83,0.0,0.0,0.11791954934597015,0.11077263206243515,0.05875546485185623,0.0,0.0,1.0,0.0,1.0,0.05916408449411392,0.007146917283535004
test:307,Qwen3-8B,42,benign,norm_matched,6,final,55,0.0,0.0,0.015514916740357876,0.010779356583952904,0.00804467685520649,0.0,0.0,1.0,0.0,1.0,0.007470239885151386,0.004735560156404972
test:1101,Qwen3-8B,42,benign,norm_matched,6,final,39,0.0,0.0,0.026585575193166733,0.014568733982741833,0.018745293840765953,0.0,0.0,0.0,0.0,1.0,0.00784028135240078,0.0120168412104249
test:2091,Qwen3-8B,42,benign,norm_matched,6,final,31,0.0,0.0,0.0580703467130661,0.049485914409160614,0.04214392229914665,0.0,0.0,1.0,0.0,1.0,0.01592642441391945,0.008584432303905487
test:1343,Qwen3-8B,42,benign,norm_matched,6,final,299,0.0,0.0,0.02874063327908516,0.029759814962744713,0.0327637642621994,0.0,0.0,0.0,0.0,0.0,-0.0040231309831142426,-0.0010191816836595535
test:312,Qwen3-8B,42,benign,norm_matched,6,final,32,0.0,0.0,0.055771294981241226,0.04614952579140663,0.03171948343515396,0.0,0.0,1.0,0.0,1.0,0.024051811546087265,0.009621769189834595
test:1853,Qwen3-8B,42,benign,norm_matched,6,final,153,0.0,0.0,0.01132182963192463,0.027209492400288582,0.024625375866889954,0.0,0.0,1.0,0.0,0.0,-0.013303546234965324,-0.015887662768363953
test:2161,Qwen3-8B,42,benign,norm_matched,6,final,205,0.0,0.0,0.017129085958003998,0.019019167870283127,0.016466880217194557,0.0,0.0,1.0,0.0,1.0,0.0006622057408094406,-0.001890081912279129
test:993,Qwen3-8B,42,benign,norm_matched,6,final,50,0.0,0.0,0.0457661934196949,0.03171151876449585,0.016666028648614883,0.0,0.0,1.0,0.0,1.0,0.029100164771080017,0.014054674655199051
test:1764,Qwen3-8B,42,benign,norm_matched,6,final,81,0.0,0.0,0.04669945687055588,0.060684822499752045,0.03225678578019142,0.0,0.0,1.0,0.0,1.0,0.014442671090364456,-0.013985365629196167
test:1238,Qwen3-8B,42,benign,norm_matched,6,final,126,0.0,0.0,0.030724026262760162,0.025139382109045982,0.022436439990997314,0.0,0.0,1.0,0.0,1.0,0.008287586271762848,0.00558464415371418
test:2222,Qwen3-8B,42,benign,norm_matched,6,final,27,0.0,0.0,0.05409933626651764,0.06312812119722366,0.07751938700675964,0.0,0.0,0.0,0.0,0.0,-0.023420050740242004,-0.009028784930706024
test:2007,Qwen3-8B,42,benign,norm_matched,6,final,92,0.0,0.0,0.03431101143360138,0.03491077944636345,0.042699601501226425,0.0,0.0,0.0,0.0,0.0,-0.008388590067625046,-0.0005997680127620697
test:1177,Qwen3-8B,42,benign,norm_matched,6,final,54,0.0,0.0,0.017782682552933693,0.030963841825723648,0.030335962772369385,0.0,0.0,1.0,0.0,0.0,-0.012553280219435692,-0.013181159272789955
test:378,Qwen3-8B,42,benign,norm_matched,6,final,320,0.0,0.0,0.011718453839421272,0.026552844792604446,0.015539534389972687,0.0,0.0,1.0,0.0,0.0,-0.0038210805505514145,-0.014834390953183174
test:1086,Qwen3-8B,42,benign,norm_matched,6,final,80,0.0,0.0,0.029738055542111397,0.040897186845541,0.037044648081064224,0.0,0.0,1.0,0.0,0.0,-0.0073065925389528275,-0.011159131303429604
test:350,Qwen3-8B,42,benign,norm_matched,6,final,55,0.0,0.0,0.0400613434612751,0.013711749576032162,0.020310744643211365,0.0,0.0,0.0,0.0,1.0,0.019750598818063736,0.02634959388524294
test:2256,Qwen3-8B,42,benign,norm_matched,6,final,10,0.0,0.0,0.02666482888162136,0.0323498360812664,0.025482874363660812,0.0,0.0,1.0,0.0,1.0,0.0011819545179605484,-0.005685007199645042
test:2064,Qwen3-8B,42,benign,norm_matched,6,final,249,0.0,0.0,0.01812075637280941,0.016910359263420105,0.023172518238425255,0.0,0.0,0.0,0.0,0.0,-0.005051761865615845,0.0012103971093893051
test:635,Qwen3-8B,42,benign,norm_matched,6,final,10,0.0,0.0,0.035263072699308395,0.03583819046616554,0.010334810242056847,0.0,0.0,1.0,0.0,1.0,0.02492826245725155,-0.0005751177668571472
test:2182,Qwen3-8B,42,benign,norm_matched,6,final,272,0.0,0.0,0.03840848058462143,0.050655607134103775,0.04830795153975487,0.0,0.0,1.0,0.0,0.0,-0.009899470955133438,-0.012247126549482346
test:502,Qwen3-8B,42,benign,norm_matched,6,final,44,0.0,0.0,0.04771695286035538,0.024602718651294708,0.01959232985973358,0.0,0.0,1.0,0.0,1.0,0.028124623000621796,0.02311423420906067
test:434,Qwen3-8B,42,benign,norm_matched,6,final,77,0.0,0.0,0.05094023048877716,0.05270592123270035,0.04347672313451767,0.0,0.0,1.0,0.0,1.0,0.007463507354259491,-0.0017656907439231873
test:1225,Qwen3-8B,42,benign,norm_matched,6,final,130,0.0,0.0,0.02097233384847641,0.027426064014434814,0.02696390263736248,0.0,0.0,1.0,0.0,0.0,-0.00599156878888607,-0.0064537301659584045
test:1483,Qwen3-8B,42,benign,norm_matched,6,final,314,0.0,0.0,0.023787228390574455,0.027438048273324966,0.018812334164977074,0.0,0.0,1.0,0.0,1.0,0.004974894225597382,-0.003650819882750511
test:327,Qwen3-8B,42,benign,norm_matched,6,final,178,0.0,0.0,0.052792537957429886,0.05113993585109711,0.04048901051282883,0.0,0.0,1.0,0.0,1.0,0.012303527444601059,0.001652602106332779
test:646,Qwen3-8B,42,benign,norm_matched,6,final,241,0.0,0.0,0.07452000677585602,0.05817950516939163,0.00962922815233469,0.0,0.0,1.0,0.0,1.0,0.06489077862352133,0.016340501606464386
test:1214,Qwen3-8B,42,benign,norm_matched,6,final,312,0.0,0.0,0.03863289952278137,0.03645496442914009,0.04094652459025383,0.0,0.0,0.0,0.0,0.0,-0.002313625067472458,0.002177935093641281
test:1722,Qwen3-8B,42,benign,norm_matched,6,final,199,0.0,0.0,0.05417539179325104,0.045659251511096954,0.045163705945014954,0.0,0.0,1.0,0.0,1.0,0.009011685848236084,0.008516140282154083
test:2062,Qwen3-8B,42,benign,norm_matched,6,final,309,0.0,0.0,0.03145395219326019,0.04958822950720787,0.041687577962875366,0.0,0.0,1.0,0.0,0.0,-0.010233625769615173,-0.018134277313947678
test:1009,Qwen3-8B,42,benign,norm_matched,6,final,33,0.0,0.0,0.045528918504714966,0.02844565361738205,0.044213466346263885,0.0,0.0,0.0,0.0,1.0,0.0013154521584510803,0.017083264887332916
test:92,Qwen3-8B,42,benign,norm_matched,6,final,83,0.0,0.0,0.031665220856666565,0.03312715142965317,0.02073904685676098,0.0,0.0,1.0,0.0,1.0,0.010926173999905586,-0.0014619305729866028
test:471,Qwen3-8B,42,benign,norm_matched,6,final,29,0.0,0.0,0.03178732842206955,0.023951532319188118,0.027040980756282806,0.0,0.0,0.0,0.0,1.0,0.004746347665786743,0.007835796102881432
test:1083,Qwen3-8B,42,benign,norm_matched,6,final,149,0.0,0.0,0.05557025969028473,0.09080483764410019,0.09474894404411316,0.0,0.0,0.0,0.0,0.0,-0.03917868435382843,-0.03523457795381546
test:2108,Qwen3-8B,42,benign,norm_matched,6,final,53,0.0,0.0,0.054344601929187775,0.05363290756940842,0.04778924584388733,0.0,0.0,1.0,0.0,1.0,0.0065553560853004456,0.0007116943597793579
test:2227,Qwen3-8B,42,benign,norm_matched,6,final,94,0.0,0.0,0.02968217059969902,0.027278155088424683,0.021907862275838852,0.0,0.0,1.0,0.0,1.0,0.0077743083238601685,0.0024040155112743378
test:1251,Qwen3-8B,42,benign,norm_matched,6,final,53,0.0,0.0,0.017161361873149872,0.016960326582193375,0.020999129861593246,0.0,0.0,0.0,0.0,0.0,-0.0038377679884433746,0.0002010352909564972
test:498,Qwen3-8B,42,benign,norm_matched,6,final,23,0.0,0.0,0.04822900518774986,0.028557801619172096,0.03538614138960838,0.0,0.0,0.0,0.0,1.0,0.01284286379814148,0.019671203568577766
test:1920,Qwen3-8B,42,benign,norm_matched,6,final,271,0.0,0.0,0.06857208907604218,0.06104050204157829,0.048119883984327316,0.0,0.0,1.0,0.0,1.0,0.02045220509171486,0.0075315870344638824
test:1845,Qwen3-8B,42,benign,norm_matched,6,final,95,0.0,0.0,0.03072553314268589,0.03943882882595062,0.036258019506931305,0.0,0.0,1.0,0.0,0.0,-0.005532486364245415,-0.008713295683264732
test:1790,Qwen3-8B,42,benign,norm_matched,6,final,278,0.0,0.0,0.01644389145076275,0.02344462275505066,0.01525814551860094,0.0,0.0,1.0,0.0,1.0,0.001185745932161808,-0.0070007313042879105
test:1563,Qwen3-8B,42,benign,norm_matched,6,final,60,0.0,0.0,0.02290564589202404,0.027700457721948624,0.02881765179336071,0.0,0.0,0.0,0.0,0.0,-0.00591200590133667,-0.0047948118299245834
test:1715,Qwen3-8B,42,benign,norm_matched,6,final,154,0.0,0.0,0.036741532385349274,0.038369737565517426,0.038708142936229706,0.0,0.0,0.0,0.0,0.0,-0.001966610550880432,-0.0016282051801681519
test:1395,Qwen3-8B,42,benign,norm_matched,6,final,63,0.0,0.0,0.0500003881752491,0.052906136959791183,0.042692650109529495,0.0,0.0,1.0,0.0,1.0,0.0073077380657196045,-0.0029057487845420837
test:923,Qwen3-8B,42,benign,norm_matched,6,final,309,0.0,0.0,0.015919463708996773,0.02447693422436714,0.021411534398794174,0.0,0.0,1.0,0.0,0.0,-0.005492070689797401,-0.008557470515370369
test:800,Qwen3-8B,42,benign,norm_matched,6,final,38,0.0,0.0,0.04797469079494476,0.04440002143383026,0.05611683800816536,0.0,0.0,0.0,0.0,0.0,-0.008142147213220596,0.003574669361114502
test:1525,Qwen3-8B,42,benign,norm_matched,6,final,338,0.0,0.0,0.021064480766654015,0.022072654217481613,0.02648376300930977,0.0,0.0,0.0,0.0,0.0,-0.005419282242655754,-0.0010081734508275986
test:617,Qwen3-8B,42,benign,norm_matched,6,final,4,0.0,0.0,0.020897015929222107,0.015448023565113544,0.024233145639300346,0.0,0.0,0.0,0.0,0.0,-0.0033361297100782394,0.0054489923641085625
test:2225,Qwen3-8B,42,benign,norm_matched,6,final,61,0.0,0.0,0.025467634201049805,0.03382427617907524,0.03418009355664253,0.0,0.0,0.0,0.0,0.0,-0.008712459355592728,-0.008356641978025436
test:125,Qwen3-8B,42,benign,norm_matched,6,final,28,0.0,0.0,0.033693425357341766,0.02136804535984993,0.019986532628536224,0.0,0.0,1.0,0.0,1.0,0.013706892728805542,0.012325379997491837
test:1316,Qwen3-8B,42,benign,norm_matched,6,final,140,0.0,0.0,0.018306482583284378,0.023766884580254555,0.013675548136234283,0.0,0.0,1.0,0.0,1.0,0.004630934447050095,-0.005460401996970177
test:1848,Qwen3-8B,42,benign,norm_matched,6,final,36,0.0,0.0,0.028759794309735298,0.039306383579969406,0.037506185472011566,0.0,0.0,1.0,0.0,0.0,-0.008746391162276268,-0.010546589270234108
test:1481,Qwen3-8B,42,benign,norm_matched,6,final,68,0.0,0.0,0.03459445759654045,0.01904454082250595,0.02078063413500786,0.0,0.0,0.0,0.0,1.0,0.013813823461532593,0.0155499167740345
test:1667,Qwen3-8B,42,benign,norm_matched,6,final,270,0.0,0.0,0.02028992399573326,0.026412777602672577,0.024482131004333496,0.0,0.0,1.0,0.0,0.0,-0.004192207008600235,-0.006122853606939316
test:1901,Qwen3-8B,42,benign,norm_matched,6,final,162,0.0,0.0,0.034194283187389374,0.03465048223733902,0.034519877284765244,0.0,0.0,1.0,0.0,0.0,-0.00032559409737586975,-0.000456199049949646
test:1673,Qwen3-8B,42,benign,norm_matched,6,final,362,0.0,0.0,0.02617560513317585,0.038494523614645004,0.03712281212210655,0.0,0.0,1.0,0.0,0.0,-0.010947206988930702,-0.012318918481469154
test:2280,Qwen3-8B,42,benign,norm_matched,6,final,43,0.0,0.0,0.045138757675886154,0.037636566907167435,0.03847773000597954,0.0,0.0,0.0,0.0,1.0,0.006661027669906616,0.0075021907687187195
test:2251,Qwen3-8B,42,benign,norm_matched,6,final,62,0.0,0.0,0.039054155349731445,0.028710100799798965,0.02169742062687874,0.0,0.0,1.0,0.0,1.0,0.017356734722852707,0.01034405454993248
test:512,Qwen3-8B,42,benign,norm_matched,6,final,232,0.0,0.0,0.03514930233359337,0.03575548529624939,0.029462872073054314,0.0,0.0,1.0,0.0,1.0,0.005686430260539055,-0.0006061829626560211
test:220,Qwen3-8B,42,benign,norm_matched,6,final,352,0.0,0.0,0.01703704334795475,0.02969576045870781,0.026866592466831207,0.0,0.0,1.0,0.0,0.0,-0.009829549118876457,-0.01265871711075306
test:997,Qwen3-8B,42,benign,norm_matched,6,final,73,0.0,0.0,0.043422020971775055,0.039102423936128616,0.0182343702763319,0.0,0.0,1.0,0.0,1.0,0.025187650695443153,0.004319597035646439
test:1553,Qwen3-8B,42,benign,norm_matched,6,final,13,0.0,0.0,0.050479307770729065,0.05189308524131775,0.036575548350811005,0.0,0.0,1.0,0.0,1.0,0.01390375941991806,-0.001413777470588684
test:731,Qwen3-8B,42,benign,norm_matched,6,final,80,0.0,0.0,0.034077536314725876,0.03701469302177429,0.0273133534938097,0.0,0.0,1.0,0.0,1.0,0.006764182820916176,-0.002937156707048416
test:1433,Qwen3-8B,42,benign,norm_matched,6,final,24,0.0,0.0,0.016873398795723915,0.02725430577993393,0.016944510862231255,0.0,0.0,1.0,0.0,0.0,-7.111206650733948e-05,-0.010380906984210014
test:65,Qwen3-8B,42,benign,norm_matched,6,final,354,0.0,0.0,0.03749678283929825,0.0473291277885437,0.04762052372097969,0.0,0.0,0.0,0.0,0.0,-0.010123740881681442,-0.009832344949245453
test:1575,Qwen3-8B,42,benign,norm_matched,6,final,62,0.0,0.0,0.026790659874677658,0.033936403691768646,0.026178302243351936,0.0,0.0,1.0,0.0,1.0,0.0006123576313257217,-0.007145743817090988
test:1784,Qwen3-8B,42,benign,norm_matched,6,final,200,0.0,0.0,0.022419577464461327,0.019300537183880806,0.02228810079395771,0.0,0.0,0.0,0.0,1.0,0.00013147667050361633,0.0031190402805805206
test:1566,Qwen3-8B,42,benign,norm_matched,6,final,27,0.0,0.0,0.0486782006919384,0.0446927584707737,0.04029301181435585,0.0,0.0,1.0,0.0,1.0,0.00838518887758255,0.003985442221164703
test:1807,Qwen3-8B,42,benign,norm_matched,6,final,48,0.0,0.0,0.04862360656261444,0.02630077861249447,0.030121836811304092,0.0,0.0,0.0,0.0,1.0,0.01850176975131035,0.022322827950119972
test:1408,Qwen3-8B,42,benign,norm_matched,6,final,59,0.0,0.0,0.042740486562252045,0.05739288404583931,0.04834455996751785,0.0,0.0,1.0,0.0,0.0,-0.005604073405265808,-0.014652397483587265
test:621,Qwen3-8B,42,benign,norm_matched,6,final,102,0.0,0.0,0.02913733758032322,0.030074885115027428,0.02655061148107052,0.0,0.0,1.0,0.0,1.0,0.002586726099252701,-0.0009375475347042084
test:531,Qwen3-8B,42,benign,norm_matched,6,final,49,0.0,0.0,0.07426615059375763,0.02410861849784851,0.03329966217279434,0.0,0.0,0.0,0.0,1.0,0.04096648842096329,0.05015753209590912
test:394,Qwen3-8B,42,benign,norm_matched,6,final,38,0.0,0.0,0.054127711802721024,0.026846107095479965,0.0019416104769334197,0.0,0.0,1.0,0.0,1.0,0.052186101325787604,0.02728160470724106
test:641,Qwen3-8B,42,benign,norm_matched,6,final,50,0.0,0.0,0.04856385290622711,0.10115951299667358,0.07151065021753311,0.0,0.0,1.0,0.0,0.0,-0.022946797311306,-0.05259566009044647
test:2003,Qwen3-8B,42,benign,norm_matched,6,final,17,0.0,0.0,0.03802430257201195,0.023637790232896805,0.03277665376663208,0.0,0.0,0.0,0.0,1.0,0.0052476488053798676,0.014386512339115143
test:243,Qwen3-8B,42,benign,norm_matched,6,final,177,0.0,0.0,0.017803726717829704,0.023873627185821533,0.033241309225559235,0.0,0.0,0.0,0.0,0.0,-0.01543758250772953,-0.006069900467991829
test:85,Qwen3-8B,42,benign,norm_matched,6,final,458,0.0,0.0,0.026669073849916458,0.028989914804697037,0.04309558868408203,0.0,0.0,0.0,0.0,0.0,-0.016426514834165573,-0.0023208409547805786
test:847,Qwen3-8B,42,benign,norm_matched,6,final,362,0.0,0.0,0.014644240960478783,0.060160938650369644,0.012036568485200405,0.0,0.0,1.0,0.0,1.0,0.0026076724752783775,-0.04551669768989086
test:4,Qwen3-8B,42,benign,norm_matched,6,final,15,0.0,0.0,0.037413306534290314,0.06005191057920456,0.06422516703605652,0.0,0.0,0.0,0.0,0.0,-0.026811860501766205,-0.022638604044914246
test:468,Qwen3-8B,42,benign,norm_matched,6,final,176,0.0,0.0,0.020890504121780396,0.03339305520057678,0.021116528660058975,0.0,0.0,1.0,0.0,0.0,-0.0002260245382785797,-0.012502551078796387
test:1928,Qwen3-8B,42,benign,norm_matched,6,final,222,0.0,0.0,0.06543669104576111,0.06216741353273392,0.0333951972424984,0.0,0.0,1.0,0.0,1.0,0.03204149380326271,0.003269277513027191
test:822,Qwen3-8B,42,benign,norm_matched,6,final,161,0.0,0.0,0.07173094898462296,0.025489656254649162,0.05338691920042038,0.0,0.0,0.0,0.0,1.0,0.018344029784202576,0.04624129272997379
test:1805,Qwen3-8B,42,benign,norm_matched,6,final,124,0.0,0.0,0.03379388526082039,0.04515606537461281,0.022649627178907394,0.0,0.0,1.0,0.0,1.0,0.011144258081912994,-0.01136218011379242
test:879,Qwen3-8B,42,benign,norm_matched,6,final,83,0.0,0.0,0.03733062744140625,0.020371560007333755,0.02756805159151554,0.0,0.0,0.0,0.0,1.0,0.009762575849890709,0.016959067434072495
test:1902,Qwen3-8B,42,benign,norm_matched,6,final,399,0.0,0.0,0.019048793241381645,0.031550854444503784,0.03514090180397034,0.0,0.0,0.0,0.0,0.0,-0.01609210856258869,-0.012502061203122139
test:1933,Qwen3-8B,42,benign,norm_matched,6,final,389,0.0,0.0,0.018918227404356003,0.02644936367869377,0.011243571527302265,0.0,0.0,1.0,0.0,1.0,0.007674655877053738,-0.0075311362743377686
test:577,Qwen3-8B,42,benign,norm_matched,6,final,417,0.0,0.0,0.02025732770562172,0.0268204677850008,0.030932102352380753,0.0,0.0,0.0,0.0,0.0,-0.010674774646759033,-0.006563140079379082
test:1749,Qwen3-8B,42,benign,norm_matched,6,final,398,0.0,0.0,0.015178676694631577,0.028216378763318062,0.02505638264119625,0.0,0.0,1.0,0.0,0.0,-0.009877705946564674,-0.013037702068686485
test:15,Qwen3-8B,42,benign,norm_matched,6,final,69,0.0,0.0,0.09222815185785294,0.03373623266816139,0.06360441446304321,0.0,0.0,0.0,0.0,1.0,0.028623737394809723,0.058491919189691544
test:1753,Qwen3-8B,42,benign,norm_matched,6,final,282,0.0,0.0,0.042539652436971664,0.030989373102784157,0.03487527742981911,0.0,0.0,0.0,0.0,1.0,0.007664375007152557,0.011550279334187508
test:665,Qwen3-8B,42,benign,norm_matched,6,final,524,0.0,0.0,0.014707615599036217,0.027163514867424965,0.025861887261271477,0.0,0.0,1.0,0.0,0.0,-0.01115427166223526,-0.012455899268388748
test:569,Qwen3-8B,42,benign,norm_matched,6,final,115,0.0,0.0,0.027130475267767906,0.025261791422963142,0.019667865708470345,0.0,0.0,1.0,0.0,1.0,0.007462609559297562,0.0018686838448047638
test:1203,Qwen3-8B,42,benign,norm_matched,6,final,113,0.0,0.0,0.04218953847885132,0.03814532235264778,0.024990171194076538,0.0,0.0,1.0,0.0,1.0,0.01719936728477478,0.004044216126203537
test:2105,Qwen3-8B,42,benign,norm_matched,6,final,67,0.0,0.0,0.08711407333612442,0.09977655112743378,0.1140793189406395,0.0,0.0,0.0,0.0,0.0,-0.026965245604515076,-0.012662477791309357
test:426,Qwen3-8B,42,benign,norm_matched,6,final,370,0.0,0.0,0.0220651812851429,0.02580895461142063,0.022119326516985893,0.0,0.0,1.0,0.0,0.0,-5.414523184299469e-05,-0.003743773326277733
test:123,Qwen3-8B,42,benign,norm_matched,6,final,418,0.0,0.0,0.02076910249888897,0.02230161800980568,0.027108781039714813,0.0,0.0,0.0,0.0,0.0,-0.006339678540825844,-0.00153251551091671
test:1405,Qwen3-8B,42,benign,norm_matched,6,final,5,0.0,0.0,0.03319229930639267,0.03310133144259453,0.023163385689258575,0.0,0.0,1.0,0.0,1.0,0.010028913617134094,9.096786379814148e-05
test:796,Qwen3-8B,42,benign,norm_matched,6,final,113,0.0,0.0,0.028212683275341988,0.03309673070907593,0.052438121289014816,0.0,0.0,0.0,0.0,0.0,-0.02422543801367283,-0.00488404743373394
test:2166,Qwen3-8B,42,benign,norm_matched,6,final,44,0.0,0.0,0.05070849508047104,0.0534508116543293,0.026006989181041718,0.0,0.0,1.0,0.0,1.0,0.02470150589942932,-0.002742316573858261
test:1179,Qwen3-8B,42,benign,norm_matched,6,final,4,0.0,0.0,0.031835149973630905,0.028947843238711357,0.029099933803081512,0.0,0.0,0.0,0.0,1.0,0.0027352161705493927,0.002887306734919548
test:375,Qwen3-8B,42,benign,norm_matched,6,final,461,0.0,0.0,0.01893041841685772,0.028721841052174568,0.015380015596747398,0.0,0.0,1.0,0.0,1.0,0.003550402820110321,-0.009791422635316849
test:1143,Qwen3-8B,42,benign,norm_matched,6,final,55,0.0,0.0,0.04416681453585625,0.04428232088685036,0.04516950622200966,0.0,0.0,0.0,0.0,0.0,-0.0010026916861534119,-0.00011550635099411011
test:1882,Qwen3-8B,42,benign,norm_matched,6,final,109,0.0,0.0,0.04444773867726326,0.03148554265499115,0.046210676431655884,0.0,0.0,0.0,0.0,0.0,-0.001762937754392624,0.01296219602227211
test:404,Qwen3-8B,42,benign,norm_matched,6,final,39,0.0,0.0,0.036273013800382614,0.02251308038830757,0.01676805689930916,0.0,0.0,1.0,0.0,1.0,0.019504956901073456,0.013759933412075043
test:2056,Qwen3-8B,42,benign,norm_matched,6,final,470,0.0,0.0,0.04134565591812134,0.04749255254864693,0.040522560477256775,0.0,0.0,1.0,0.0,1.0,0.000823095440864563,-0.006146896630525589
test:1331,Qwen3-8B,42,benign,norm_matched,6,final,247,0.0,0.0,0.0371849499642849,0.04757033288478851,0.03740161657333374,0.0,0.0,1.0,0.0,0.0,-0.00021666660904884338,-0.010385382920503616
test:2255,Qwen3-8B,42,benign,norm_matched,6,final,430,0.0,0.0,0.03829920291900635,0.05686546117067337,0.01667095348238945,0.0,0.0,1.0,0.0,1.0,0.021628249436616898,-0.018566258251667023
test:1122,Qwen3-8B,42,benign,norm_matched,6,final,47,0.0,0.0,0.02815415896475315,0.03966135531663895,0.0426052063703537,0.0,0.0,0.0,0.0,0.0,-0.014451047405600548,-0.011507196351885796
test:1063,Qwen3-8B,42,benign,norm_matched,6,final,60,0.0,0.0,0.030392860993742943,-0.0016113753663375974,0.04708203673362732,0.0,0.0,0.0,0.0,0.0,-0.016689175739884377,0.03200423636008054
test:1994,Qwen3-8B,42,benign,norm_matched,6,final,63,0.0,0.0,0.03111635521054268,0.04459434747695923,0.04025927931070328,0.0,0.0,1.0,0.0,0.0,-0.009142924100160599,-0.01347799226641655
test:2291,Qwen3-8B,42,benign,norm_matched,6,final,29,0.0,0.0,0.025406364351511,0.034346360713243484,0.020998036488890648,0.0,0.0,1.0,0.0,1.0,0.004408327862620354,-0.008939996361732483
test:287,Qwen3-8B,42,benign,norm_matched,6,final,41,0.0,0.0,0.042456623166799545,0.03991534188389778,0.020921975374221802,0.0,0.0,1.0,0.0,1.0,0.021534647792577744,0.002541281282901764
test:1257,Qwen3-8B,42,benign,norm_matched,6,final,38,0.0,0.0,0.05676743760704994,0.01725025475025177,0.01969827339053154,0.0,0.0,0.0,0.0,1.0,0.0370691642165184,0.03951718285679817
test:564,Qwen3-8B,42,benign,norm_matched,6,final,561,0.0,0.0,0.015918798744678497,0.023504801094532013,0.02388399839401245,0.0,0.0,0.0,0.0,0.0,-0.007965199649333954,-0.007586002349853516
test:1836,Qwen3-8B,42,benign,norm_matched,6,final,33,0.0,0.0,0.033368296921253204,0.04550032690167427,0.05053986236453056,0.0,0.0,0.0,0.0,0.0,-0.01717156544327736,-0.012132029980421066
test:1915,Qwen3-8B,42,benign,norm_matched,6,final,23,0.0,0.0,0.07042311131954193,0.07186120748519897,0.003955898340791464,0.0,0.0,1.0,0.0,1.0,0.06646721297875047,-0.0014380961656570435
test:444,Qwen3-8B,42,benign,norm_matched,6,final,577,0.0,0.0,0.02861618436872959,0.03306221589446068,0.028683586046099663,0.0,0.0,1.0,0.0,0.0,-6.740167737007141e-05,-0.004446031525731087
test:2176,Qwen3-8B,42,benign,norm_matched,6,final,180,0.0,0.0,0.0204914640635252,0.01974206231534481,0.0195716954767704,0.0,0.0,1.0,0.0,1.0,0.0009197685867547989,0.0007494017481803894
test:2145,Qwen3-8B,42,benign,norm_matched,6,final,31,0.0,0.0,0.02815389074385166,0.04416481405496597,0.011256142519414425,0.0,0.0,1.0,0.0,1.0,0.016897748224437237,-0.01601092331111431
test:1174,Qwen3-8B,42,benign,norm_matched,6,final,519,0.0,0.0,0.0137173505499959,0.025878768414258957,0.026852566748857498,0.0,0.0,0.0,0.0,0.0,-0.013135216198861599,-0.012161417864263058
test:1230,Qwen3-8B,42,benign,norm_matched,6,final,24,0.0,0.0,0.031806234270334244,0.03193465247750282,0.02369409054517746,0.0,0.0,1.0,0.0,1.0,0.008112143725156784,-0.0001284182071685791
test:1244,Qwen3-8B,42,benign,norm_matched,6,final,81,0.0,0.0,0.03139365091919899,0.03441997617483139,0.013231064192950726,0.0,0.0,1.0,0.0,1.0,0.018162586726248264,-0.0030263252556324005
test:606,Qwen3-8B,42,benign,norm_matched,6,final,59,0.0,0.0,0.04617293179035187,0.01397697813808918,0.026154667139053345,0.0,0.0,0.0,0.0,1.0,0.020018264651298523,0.03219595365226269
test:304,Qwen3-8B,42,benign,norm_matched,6,final,56,0.0,0.0,0.018673516809940338,0.02007032372057438,0.024206064641475677,0.0,0.0,0.0,0.0,0.0,-0.005532547831535339,-0.0013968069106340408
test:1390,Qwen3-8B,42,benign,norm_matched,6,final,178,0.0,0.0,0.05693900212645531,0.030279211699962616,0.028438780456781387,0.0,0.0,1.0,0.0,1.0,0.02850022166967392,0.02665979042649269
test:1729,Qwen3-8B,42,benign,norm_matched,6,final,54,0.0,0.0,0.03434479981660843,0.040913715958595276,0.029674947261810303,0.0,0.0,1.0,0.0,1.0,0.004669852554798126,-0.006568916141986847
test:1454,Qwen3-8B,42,benign,norm_matched,6,final,67,0.0,0.0,0.06605569273233414,0.05050847679376602,0.06514164805412292,0.0,0.0,0.0,0.0,1.0,0.0009140446782112122,0.015547215938568115
test:858,Qwen3-8B,42,benign,norm_matched,6,final,114,0.0,0.0,0.05109153315424919,0.043654173612594604,0.0043746610172092915,0.0,0.0,1.0,0.0,1.0,0.0467168721370399,0.007437359541654587
test:771,Qwen3-8B,42,benign,norm_matched,6,final,65,0.0,0.0,0.032249972224235535,0.04232069477438927,0.041723981499671936,0.0,0.0,1.0,0.0,0.0,-0.009474009275436401,-0.010070722550153732
test:660,Qwen3-8B,42,benign,norm_matched,6,final,149,0.0,0.0,0.024878907948732376,0.019490843638777733,0.022974591702222824,0.0,0.0,0.0,0.0,1.0,0.001904316246509552,0.005388064309954643
test:888,Qwen3-8B,42,benign,norm_matched,6,final,697,0.0,0.0,0.01937274821102619,0.026331555098295212,0.023746054619550705,0.0,0.0,1.0,0.0,0.0,-0.004373306408524513,-0.00695880688726902
test:413,Qwen3-8B,42,benign,norm_matched,6,final,105,0.0,0.0,0.03721662238240242,0.012767428532242775,0.03363896533846855,0.0,0.0,0.0,0.0,1.0,0.0035776570439338684,0.024449193850159645
test:130,Qwen3-8B,42,benign,norm_matched,6,final,61,0.0,0.0,0.04831209406256676,0.06005735695362091,0.05849051475524902,0.0,0.0,1.0,0.0,0.0,-0.010178420692682266,-0.011745262891054153
test:1147,Qwen3-8B,42,benign,norm_matched,6,final,56,0.0,0.0,0.035835329443216324,0.03004199080169201,0.032993052154779434,0.0,0.0,0.0,0.0,1.0,0.0028422772884368896,0.005793338641524315
test:42,Qwen3-8B,42,benign,norm_matched,6,final,526,0.0,0.0,0.026872947812080383,0.01894097402691841,0.033976659178733826,0.0,0.0,0.0,0.0,0.0,-0.007103711366653442,0.007931973785161972
test:1114,Qwen3-8B,42,benign,norm_matched,6,final,29,0.0,0.0,0.07009232044219971,0.06101126968860626,0.07082756608724594,0.0,0.0,0.0,0.0,0.0,-0.0007352456450462341,0.009081050753593445
test:1302,Qwen3-8B,42,benign,norm_matched,6,final,407,0.0,0.0,0.02207251638174057,0.030513236299157143,0.02575266733765602,0.0,0.0,1.0,0.0,0.0,-0.003680150955915451,-0.008440719917416573
test:662,Qwen3-8B,42,benign,norm_matched,6,final,536,0.0,0.0,0.02802222967147827,0.03395037725567818,0.03360557556152344,0.0,0.0,1.0,0.0,0.0,-0.005583345890045166,-0.005928147584199905
test:705,Qwen3-8B,42,benign,norm_matched,6,final,23,0.0,0.0,0.06913946568965912,0.0218490082770586,0.02958369441330433,0.0,0.0,0.0,0.0,1.0,0.03955577127635479,0.04729045741260052
test:1413,Qwen3-8B,42,benign,norm_matched,6,final,376,0.0,0.0,0.03620880842208862,0.033864352852106094,0.028227176517248154,0.0,0.0,1.0,0.0,1.0,0.00798163190484047,0.0023444555699825287
test:940,Qwen3-8B,42,benign,norm_matched,6,final,876,0.0,0.0,0.039905209094285965,0.046407997608184814,0.03615972399711609,0.0,0.0,1.0,0.0,1.0,0.003745485097169876,-0.0065027885138988495
test:2162,Qwen3-8B,42,benign,norm_matched,6,final,310,0.0,0.0,0.007361557800322771,0.012723518535494804,0.0001363348710583523,0.0,0.0,1.0,0.0,1.0,0.007225222929264419,-0.005361960735172033
test:51,Qwen3-8B,42,benign,norm_matched,6,final,106,0.0,0.0,0.07304220646619797,0.06707655638456345,0.08768194168806076,0.0,0.0,0.0,0.0,0.0,-0.014639735221862793,0.0059656500816345215
test:914,Qwen3-8B,42,benign,norm_matched,6,final,885,0.0,0.0,-0.004515097476541996,0.059278231114149094,-0.009016105905175209,0.0,0.0,1.0,0.0,1.0,0.004501008428633213,-0.06379332859069109
test:1558,Qwen3-8B,42,benign,norm_matched,6,final,864,0.0,0.0,0.06539654731750488,0.059598345309495926,0.06346407532691956,0.0,0.0,0.0,0.0,1.0,0.0019324719905853271,0.005798202008008957
test:351,Qwen3-8B,42,benign,norm_matched,6,final,3,0.0,0.0,0.03280937671661377,0.020710501819849014,0.01681005023419857,0.0,0.0,1.0,0.0,1.0,0.0159993264824152,0.012098874896764755
test:1503,Qwen3-8B,42,benign,norm_matched,6,final,519,0.0,0.0,0.04802761226892471,0.04475301131606102,0.032672520726919174,0.0,0.0,1.0,0.0,1.0,0.015355091542005539,0.0032746009528636932
test:1138,Qwen3-8B,42,benign,norm_matched,6,final,191,0.0,0.0,0.012738832272589207,0.020270148292183876,0.011339778080582619,0.0,0.0,1.0,0.0,1.0,0.001399054192006588,-0.007531316019594669
test:1205,Qwen3-8B,42,benign,norm_matched,6,final,66,0.0,0.0,0.03644018992781639,0.04802662879228592,-0.006557154934853315,0.0,0.0,1.0,0.0,1.0,0.042997344862669706,-0.011586438864469528
test:279,Qwen3-8B,42,benign,norm_matched,6,final,41,0.0,0.0,0.03504504635930061,0.029480241239070892,0.020731862634420395,0.0,0.0,1.0,0.0,1.0,0.014313183724880219,0.005564805120229721
test:1783,Qwen3-8B,42,benign,norm_matched,6,final,72,0.0,0.0,0.03652869164943695,0.03455617278814316,0.007660418748855591,0.0,0.0,1.0,0.0,1.0,0.02886827290058136,0.0019725188612937927
test:684,Qwen3-8B,42,benign,norm_matched,6,final,65,0.0,0.0,0.023135967552661896,0.02408626303076744,0.04044317454099655,0.0,0.0,0.0,0.0,0.0,-0.017307206988334656,-0.000950295478105545
test:158,Qwen3-8B,42,benign,norm_matched,6,final,1073,0.0,0.0,0.03533680737018585,0.04516735300421715,0.04767586290836334,0.0,0.0,0.0,0.0,0.0,-0.01233905553817749,-0.009830545634031296
test:295,Qwen3-8B,42,benign,norm_matched,6,final,2070,0.0,0.0,0.008041130378842354,0.0335477776825428,0.01442804466933012,0.0,0.0,1.0,0.0,0.0,-0.006386914290487766,-0.025506647303700447
test:1988,Qwen3-8B,42,benign,norm_matched,6,final,2022,0.0,0.0,0.01497423555701971,0.027458572760224342,0.02487342618405819,0.0,0.0,1.0,0.0,0.0,-0.009899190627038479,-0.012484337203204632
test:1735,Qwen3-8B,42,benign,norm_matched,6,final,81,0.0,0.0,0.0353466235101223,0.022884024307131767,0.015983950346708298,0.0,0.0,1.0,0.0,1.0,0.019362673163414,0.012462599202990532
test:179,Qwen3-8B,42,benign,norm_matched,6,final,46,0.0,0.0,0.06802397966384888,0.0593220479786396,0.0046952576376497746,0.0,0.0,1.0,0.0,1.0,0.0633287220261991,0.008701931685209274
test:1458,Qwen3-8B,42,benign,norm_matched,6,final,1729,0.0,0.0,-0.005478335544466972,0.03792406618595123,-0.013834042474627495,0.0,0.0,1.0,0.0,1.0,0.008355706930160522,-0.043402401730418205
test:2202,Qwen3-8B,42,conflict,norm_matched,6,final,5,0.0,0.0,0.018550893291831017,0.018550893291831017,0.023374482989311218,0.0,0.0,0.0,0.0,0.0,-0.004823589697480202,0.0
test:1068,Qwen3-8B,42,conflict,norm_matched,6,final,15,0.0,0.0,0.04248104989528656,0.04208176210522652,0.04248104989528656,0.0,0.0,0.0,0.0,0.0,0.0,0.00039928779006004333
test:913,Qwen3-8B,42,conflict,norm_matched,6,final,28,0.0,0.0,0.014723566360771656,0.016749488189816475,0.016704345121979713,0.0,0.0,1.0,0.0,0.0,-0.0019807787612080574,-0.002025921829044819
test:1076,Qwen3-8B,42,conflict,norm_matched,6,final,22,0.0,0.0,0.026221875101327896,0.03724002093076706,0.025824004784226418,0.0,0.0,1.0,0.0,1.0,0.0003978703171014786,-0.011018145829439163
test:563,Qwen3-8B,42,conflict,norm_matched,6,final,22,0.0,0.0,0.026181261986494064,0.016066424548625946,0.02636353112757206,0.0,0.0,0.0,0.0,0.0,-0.0001822691410779953,0.010114837437868118
test:463,Qwen3-8B,42,conflict,norm_matched,6,final,34,0.0,0.0,0.013966953381896019,0.02182602882385254,0.01948607712984085,0.0,0.0,1.0,0.0,0.0,-0.005519123747944832,-0.00785907544195652
test:1684,Qwen3-8B,42,conflict,norm_matched,6,final,31,0.0,0.0,0.022844556719064713,0.036126960068941116,0.03402604162693024,0.0,0.0,1.0,0.0,0.0,-0.011181484907865524,-0.013282403349876404
test:2243,Qwen3-8B,42,conflict,norm_matched,6,final,27,0.0,0.0,0.04226725921034813,0.04976780340075493,0.0423014871776104,0.0,0.0,1.0,0.0,0.0,-3.4227967262268066e-05,-0.007500544190406799
test:1507,Qwen3-8B,42,conflict,norm_matched,6,final,27,0.0,0.0,0.028453780338168144,0.06190505251288414,0.046463336795568466,0.0,0.0,1.0,0.0,0.0,-0.018009556457400322,-0.033451272174715996
test:797,Qwen3-8B,42,conflict,norm_matched,6,final,16,0.0,0.0,0.040900833904743195,0.029906777665019035,0.028807969763875008,0.0,0.0,1.0,0.0,1.0,0.012092864140868187,0.01099405623972416
test:991,Qwen3-8B,42,conflict,norm_matched,6,final,26,0.0,0.0,0.026836594566702843,0.030911728739738464,0.03192680701613426,0.0,0.0,0.0,0.0,0.0,-0.005090212449431419,-0.004075134173035622
test:109,Qwen3-8B,42,conflict,norm_matched,6,final,39,0.0,0.0,0.020159974694252014,0.029563112184405327,0.01732722669839859,0.0,0.0,1.0,0.0,1.0,0.002832747995853424,-0.009403137490153313
test:1456,Qwen3-8B,42,conflict,norm_matched,6,final,11,0.0,0.0,0.03924409672617912,0.0406775176525116,0.03568048030138016,0.0,0.0,1.0,0.0,1.0,0.0035636164247989655,-0.0014334209263324738
test:1171,Qwen3-8B,42,conflict,norm_matched,6,final,22,0.0,0.0,0.02492067962884903,0.02699217014014721,0.032836396247148514,0.0,0.0,0.0,0.0,0.0,-0.007915716618299484,-0.0020714905112981796
test:1045,Qwen3-8B,42,conflict,norm_matched,6,final,33,0.0,0.0,0.0282779298722744,0.04116295650601387,0.01616520620882511,0.0,0.0,1.0,0.0,1.0,0.012112723663449287,-0.012885026633739471
test:897,Qwen3-8B,42,conflict,norm_matched,6,final,22,0.0,0.0,0.030629565939307213,0.03125502169132233,0.03049316257238388,0.0,0.0,1.0,0.0,1.0,0.00013640336692333221,-0.0006254557520151138
test:427,Qwen3-8B,42,conflict,norm_matched,6,final,37,0.0,0.0,0.022341124713420868,0.030951503664255142,0.03279354050755501,0.0,0.0,0.0,0.0,0.0,-0.01045241579413414,-0.008610378950834274
test:536,Qwen3-8B,42,conflict,norm_matched,6,final,30,0.0,0.0,0.0244399793446064,0.04030132666230202,0.024125711992383003,0.0,0.0,1.0,0.0,1.0,0.0003142673522233963,-0.015861347317695618
test:1556,Qwen3-8B,42,conflict,norm_matched,6,final,31,0.0,0.0,0.02163003198802471,0.021890928968787193,0.031628306955099106,0.0,0.0,0.0,0.0,0.0,-0.009998274967074394,-0.0002608969807624817
test:1638,Qwen3-8B,42,conflict,norm_matched,6,final,32,0.0,0.0,0.01794423721730709,0.028568774461746216,0.025720244273543358,0.0,0.0,1.0,0.0,0.0,-0.007776007056236267,-0.010624537244439125
test:481,Qwen3-8B,42,conflict,norm_matched,6,final,32,0.0,0.0,0.020546985790133476,0.030039548873901367,0.036054398864507675,0.0,0.0,0.0,0.0,0.0,-0.015507413074374199,-0.009492563083767891
test:640,Qwen3-8B,42,conflict,norm_matched,6,final,43,0.0,0.0,0.012178226374089718,0.03218264877796173,0.02387271448969841,0.0,0.0,1.0,0.0,0.0,-0.011694488115608692,-0.020004422403872013
test:903,Qwen3-8B,42,conflict,norm_matched,6,final,39,0.0,0.0,0.026181451976299286,0.026822740212082863,0.03154570981860161,0.0,0.0,0.0,0.0,0.0,-0.005364257842302322,-0.000641288235783577
test:466,Qwen3-8B,42,conflict,norm_matched,6,final,32,0.0,0.0,0.015178637579083443,0.03662761300802231,0.03060600347816944,0.0,0.0,1.0,0.0,0.0,-0.015427365899085999,-0.021448975428938866
test:787,Qwen3-8B,42,conflict,norm_matched,6,final,19,0.0,0.0,0.03844785317778587,0.03477362170815468,0.022873124107718468,0.0,0.0,1.0,0.0,1.0,0.015574729070067406,0.003674231469631195
test:63,Qwen3-8B,42,conflict,norm_matched,6,final,27,0.0,0.0,0.04038967937231064,0.047407366335392,0.02268475852906704,0.0,0.0,1.0,0.0,1.0,0.0177049208432436,-0.00701768696308136
test:1639,Qwen3-8B,42,conflict,norm_matched,6,final,49,0.0,0.0,0.011612567119300365,0.012345847673714161,0.01274794526398182,0.0,0.0,0.0,0.0,0.0,-0.0011353781446814537,-0.0007332805544137955
test:2265,Qwen3-8B,42,conflict,norm_matched,6,final,33,0.0,0.0,0.019211167469620705,0.018142802640795708,0.02050267904996872,0.0,0.0,0.0,0.0,0.0,-0.0012915115803480148,0.001068364828824997
test:1745,Qwen3-8B,42,conflict,norm_matched,6,final,59,0.0,0.0,0.02056967467069626,0.036397114396095276,0.036690980195999146,0.0,0.0,0.0,0.0,0.0,-0.016121305525302887,-0.015827439725399017
test:9,Qwen3-8B,42,conflict,norm_matched,6,final,49,0.0,0.0,0.03240802511572838,0.08137275278568268,0.06592001020908356,0.0,0.0,1.0,0.0,0.0,-0.03351198509335518,-0.0489647276699543
test:1279,Qwen3-8B,42,conflict,norm_matched,6,final,3,0.0,0.0,0.03151239454746246,0.03613991662859917,0.03790043666958809,0.0,0.0,0.0,0.0,0.0,-0.006388042122125626,-0.0046275220811367035
test:576,Qwen3-8B,42,conflict,norm_matched,6,final,47,0.0,0.0,0.025234166532754898,0.057423077523708344,0.04822539538145065,0.0,0.0,1.0,0.0,0.0,-0.022991228848695755,-0.032188910990953445
test:2207,Qwen3-8B,42,conflict,norm_matched,6,final,56,0.0,0.0,0.03392525017261505,0.04054011404514313,0.038929570466279984,0.0,0.0,1.0,0.0,0.0,-0.005004320293664932,-0.006614863872528076
test:2168,Qwen3-8B,42,conflict,norm_matched,6,final,11,0.0,0.0,0.0495983250439167,0.049067962914705276,0.02239176258444786,0.0,0.0,1.0,0.0,1.0,0.02720656245946884,0.0005303621292114258
test:805,Qwen3-8B,42,conflict,norm_matched,6,final,43,0.0,0.0,0.007286495994776487,0.07015776634216309,0.03743727505207062,0.0,0.0,1.0,0.0,0.0,-0.03015077905729413,-0.0628712703473866
test:1197,Qwen3-8B,42,conflict,norm_matched,6,final,45,0.0,0.0,0.017506331205368042,0.023731593042612076,0.021593812853097916,0.0,0.0,1.0,0.0,0.0,-0.004087481647729874,-0.006225261837244034
test:364,Qwen3-8B,42,conflict,norm_matched,6,final,15,0.0,0.0,0.048679765313863754,0.031096089631319046,0.04715454950928688,0.0,0.0,0.0,0.0,1.0,0.0015252158045768738,0.017583675682544708
test:1644,Qwen3-8B,42,conflict,norm_matched,6,final,58,0.0,0.0,0.018532363697886467,0.03148322552442551,0.03970971331000328,0.0,0.0,0.0,0.0,0.0,-0.021177349612116814,-0.01295086182653904
test:91,Qwen3-8B,42,conflict,norm_matched,6,final,25,0.0,0.0,0.03241458907723427,0.04608168452978134,0.061679743230342865,0.0,0.0,0.0,0.0,0.0,-0.029265154153108597,-0.013667095452547073
test:328,Qwen3-8B,42,conflict,norm_matched,6,final,56,0.0,0.0,0.03420644998550415,0.03176862373948097,0.02254372276365757,0.0,0.0,1.0,0.0,1.0,0.01166272722184658,0.002437826246023178
test:205,Qwen3-8B,42,conflict,norm_matched,6,final,46,0.0,0.0,0.020905273035168648,0.045384448021650314,0.03670845180749893,0.0,0.0,1.0,0.0,0.0,-0.015803178772330284,-0.024479174986481667
test:1797,Qwen3-8B,42,conflict,norm_matched,6,final,58,0.0,0.0,0.020028844475746155,0.026317769661545753,0.02208745665848255,0.0,0.0,1.0,0.0,0.0,-0.002058612182736397,-0.006288925185799599
test:1072,Qwen3-8B,42,conflict,norm_matched,6,final,62,0.0,0.0,0.02727474458515644,0.041201069951057434,0.01803530752658844,0.0,0.0,1.0,0.0,1.0,0.009239437058568,-0.013926325365900993
test:1445,Qwen3-8B,42,conflict,norm_matched,6,final,53,0.0,0.0,0.06692460179328918,0.07220671325922012,0.06581086665391922,0.0,0.0,1.0,0.0,1.0,0.0011137351393699646,-0.005282111465930939
test:630,Qwen3-8B,42,conflict,norm_matched,6,final,53,0.0,0.0,0.03208320587873459,0.04052482172846794,0.03396992012858391,0.0,0.0,1.0,0.0,0.0,-0.0018867142498493195,-0.008441615849733353
test:1252,Qwen3-8B,42,conflict,norm_matched,6,final,65,0.0,0.0,0.02891896292567253,0.024492505937814713,0.039362430572509766,0.0,0.0,0.0,0.0,0.0,-0.010443467646837234,0.004426456987857819
test:1721,Qwen3-8B,42,conflict,norm_matched,6,final,14,0.0,0.0,0.02629530057311058,0.02210959792137146,0.020747873932123184,0.0,0.0,1.0,0.0,1.0,0.005547426640987396,0.0041857026517391205
test:236,Qwen3-8B,42,conflict,norm_matched,6,final,39,0.0,0.0,0.05612218379974365,0.05651416257023811,0.05529411882162094,0.0,0.0,1.0,0.0,1.0,0.0008280649781227112,-0.00039197877049446106
test:612,Qwen3-8B,42,conflict,norm_matched,6,final,45,0.0,0.0,0.03000607341527939,0.023135440424084663,0.025180598720908165,0.0,0.0,0.0,0.0,1.0,0.0048254746943712234,0.006870632991194725
test:354,Qwen3-8B,42,conflict,norm_matched,6,final,66,0.0,0.0,0.028852567076683044,0.05962434783577919,0.04777444154024124,0.0,0.0,1.0,0.0,0.0,-0.018921874463558197,-0.030771780759096146
test:2047,Qwen3-8B,42,conflict,norm_matched,6,final,52,0.0,0.0,0.02756955474615097,0.03559940308332443,0.029182162135839462,0.0,0.0,1.0,0.0,0.0,-0.0016126073896884918,-0.008029848337173462
test:1687,Qwen3-8B,42,conflict,norm_matched,6,final,64,0.0,0.0,0.022166596725583076,0.02209591306746006,0.023016884922981262,0.0,0.0,0.0,0.0,0.0,-0.0008502881973981857,7.068365812301636e-05
test:1787,Qwen3-8B,42,conflict,norm_matched,6,final,63,0.0,0.0,0.017630819231271744,0.03150687366724014,0.040028899908065796,0.0,0.0,0.0,0.0,0.0,-0.022398080676794052,-0.013876054435968399
test:896,Qwen3-8B,42,conflict,norm_matched,6,final,36,0.0,0.0,0.05796674266457558,0.04505109041929245,0.07029420137405396,0.0,0.0,0.0,0.0,0.0,-0.012327458709478378,0.012915652245283127
test:1282,Qwen3-8B,42,conflict,norm_matched,6,final,15,0.0,0.0,0.02785871922969818,0.032222773879766464,0.027866756543517113,0.0,0.0,1.0,0.0,0.0,-8.03731381893158e-06,-0.004364054650068283
test:1036,Qwen3-8B,42,conflict,norm_matched,6,final,38,0.0,0.0,0.018947022035717964,0.017479710280895233,0.015866074711084366,0.0,0.0,1.0,0.0,1.0,0.0030809473246335983,0.001467311754822731
test:2230,Qwen3-8B,42,conflict,norm_matched,6,final,73,0.0,0.0,0.0296158604323864,0.041089288890361786,0.046100202947854996,0.0,0.0,0.0,0.0,0.0,-0.016484342515468597,-0.011473428457975388
test:376,Qwen3-8B,42,conflict,norm_matched,6,final,82,0.0,0.0,0.02470351941883564,0.05307251587510109,0.04932393878698349,0.0,0.0,1.0,0.0,0.0,-0.02462041936814785,-0.02836899645626545
test:1544,Qwen3-8B,42,conflict,norm_matched,6,final,21,0.0,0.0,0.028212055563926697,0.030310029163956642,0.027767017483711243,0.0,0.0,1.0,0.0,1.0,0.0004450380802154541,-0.0020979736000299454
test:863,Qwen3-8B,42,conflict,norm_matched,6,final,35,0.0,0.0,0.039743684232234955,0.04058244824409485,0.039898648858070374,0.0,0.0,1.0,0.0,0.0,-0.0001549646258354187,-0.0008387640118598938
test:2292,Qwen3-8B,42,conflict,norm_matched,6,final,76,0.0,0.0,0.012126740999519825,0.010466779582202435,0.01677709072828293,0.0,0.0,0.0,0.0,0.0,-0.0046503497287631035,0.0016599614173173904
test:392,Qwen3-8B,42,conflict,norm_matched,6,final,24,0.0,0.0,0.02943606674671173,0.02213100716471672,0.028466351330280304,0.0,0.0,0.0,0.0,1.0,0.000969715416431427,0.00730505958199501
test:1675,Qwen3-8B,42,conflict,norm_matched,6,final,72,0.0,0.0,0.023207318037748337,0.023272579535841942,0.021734239533543587,0.0,0.0,1.0,0.0,1.0,0.00147307850420475,-6.526149809360504e-05
test:1718,Qwen3-8B,42,conflict,norm_matched,6,final,75,0.0,0.0,0.03175955265760422,0.042125359177589417,0.04166904091835022,0.0,0.0,1.0,0.0,0.0,-0.009909488260746002,-0.010365806519985199
test:1150,Qwen3-8B,42,conflict,norm_matched,6,final,72,0.0,0.0,0.016167255118489265,0.014053578488528728,0.010610914789140224,0.0,0.0,1.0,0.0,1.0,0.005556340329349041,0.002113676629960537
test:1659,Qwen3-8B,42,conflict,norm_matched,6,final,64,0.0,0.0,0.011826347559690475,0.01894564926624298,0.018922319635748863,0.0,0.0,1.0,0.0,0.0,-0.007095972076058388,-0.0071193017065525055
test:1213,Qwen3-8B,42,conflict,norm_matched,6,final,73,0.0,0.0,0.03114001825451851,0.04359908401966095,0.02489594556391239,0.0,0.0,1.0,0.0,1.0,0.006244072690606117,-0.01245906576514244
test:1037,Qwen3-8B,42,conflict,norm_matched,6,final,61,0.0,0.0,0.05224859341979027,0.02336476929485798,0.013749729841947556,0.0,0.0,1.0,0.0,1.0,0.03849886357784271,0.02888382412493229
test:1201,Qwen3-8B,42,conflict,norm_matched,6,final,48,0.0,0.0,0.04661736637353897,0.04780704155564308,0.03591059148311615,0.0,0.0,1.0,0.0,1.0,0.010706774890422821,-0.0011896751821041107
test:1093,Qwen3-8B,42,conflict,norm_matched,6,final,64,0.0,0.0,0.009374849498271942,0.04129748046398163,0.030604345723986626,0.0,0.0,1.0,0.0,0.0,-0.021229496225714684,-0.031922630965709686
test:37,Qwen3-8B,42,conflict,norm_matched,6,final,46,0.0,0.0,0.061353377997875214,0.07070042192935944,0.040690869092941284,0.0,0.0,1.0,0.0,1.0,0.02066250890493393,-0.009347043931484222
test:785,Qwen3-8B,42,conflict,norm_matched,6,final,53,0.0,0.0,0.062208227813243866,0.042697418481111526,0.04079759865999222,0.0,0.0,1.0,0.0,1.0,0.021410629153251648,0.01951080933213234
test:1842,Qwen3-8B,42,conflict,norm_matched,6,final,34,0.0,0.0,0.03984031453728676,0.04115334525704384,0.03280927240848541,0.0,0.0,1.0,0.0,1.0,0.007031042128801346,-0.00131303071975708
test:1860,Qwen3-8B,42,conflict,norm_matched,6,final,95,0.0,0.0,0.01291720476001501,0.019270537421107292,0.009800916537642479,0.0,0.0,1.0,0.0,1.0,0.003116288222372532,-0.006353332661092281
test:963,Qwen3-8B,42,conflict,norm_matched,6,final,65,0.0,0.0,0.04918554797768593,0.06303268671035767,0.025236312299966812,0.0,0.0,1.0,0.0,1.0,0.023949235677719116,-0.013847138732671738
test:827,Qwen3-8B,42,conflict,norm_matched,6,final,86,0.0,0.0,0.02754567749798298,0.028239857405424118,0.02743643708527088,0.0,0.0,1.0,0.0,1.0,0.00010924041271209717,-0.0006941799074411392
test:17,Qwen3-8B,42,conflict,norm_matched,6,final,73,0.0,0.0,0.022164948284626007,0.031544994562864304,0.047630295157432556,0.0,0.0,0.0,0.0,0.0,-0.02546534687280655,-0.009380046278238297
test:1937,Qwen3-8B,42,conflict,norm_matched,6,final,30,0.0,0.0,0.04414895176887512,0.03694571182131767,0.03979525342583656,0.0,0.0,0.0,0.0,1.0,0.004353698343038559,0.007203239947557449
test:765,Qwen3-8B,42,conflict,norm_matched,6,final,62,0.0,0.0,0.034194644540548325,0.05672203004360199,0.048937827348709106,0.0,0.0,1.0,0.0,0.0,-0.014743182808160782,-0.022527385503053665
test:2008,Qwen3-8B,42,conflict,norm_matched,6,final,99,0.0,0.0,0.03547519072890282,0.036794260144233704,0.04102177545428276,0.0,0.0,0.0,0.0,0.0,-0.005546584725379944,-0.0013190694153308868
test:520,Qwen3-8B,42,conflict,norm_matched,6,final,25,0.0,0.0,0.04233913868665695,0.04351745918393135,0.03401812165975571,0.0,0.0,1.0,0.0,1.0,0.008321017026901245,-0.0011783204972743988
test:1124,Qwen3-8B,42,conflict,norm_matched,6,final,88,0.0,0.0,0.029639972373843193,0.016539668664336205,0.015536499209702015,0.0,0.0,1.0,0.0,1.0,0.014103473164141178,0.013100303709506989
test:459,Qwen3-8B,42,conflict,norm_matched,6,final,61,0.0,0.0,0.02181672491133213,0.030198542401194572,0.02923225238919258,0.0,0.0,1.0,0.0,0.0,-0.007415527477860451,-0.008381817489862442
test:177,Qwen3-8B,42,conflict,norm_matched,6,final,93,0.0,0.0,0.015295113436877728,0.026380395516753197,0.024590233340859413,0.0,0.0,1.0,0.0,0.0,-0.009295119903981686,-0.01108528207987547
test:192,Qwen3-8B,42,conflict,norm_matched,6,final,73,0.0,0.0,0.03328542411327362,0.03440627083182335,0.04298889636993408,0.0,0.0,0.0,0.0,0.0,-0.009703472256660461,-0.0011208467185497284
test:2160,Qwen3-8B,42,conflict,norm_matched,6,final,87,0.0,0.0,0.02646915428340435,0.03798448294401169,0.031420327723026276,0.0,0.0,1.0,0.0,0.0,-0.004951173439621925,-0.011515328660607338
test:1617,Qwen3-8B,42,conflict,norm_matched,6,final,80,0.0,0.0,0.02436082251369953,0.016930945217609406,0.012295149266719818,0.0,0.0,1.0,0.0,1.0,0.012065673246979713,0.007429877296090126
test:100,Qwen3-8B,42,conflict,norm_matched,6,final,71,0.0,0.0,0.02457735687494278,0.042587798088788986,0.037534233182668686,0.0,0.0,1.0,0.0,0.0,-0.012956876307725906,-0.018010441213846207
test:693,Qwen3-8B,42,conflict,norm_matched,6,final,109,0.0,0.0,0.03425208479166031,0.03292861953377724,0.030070835724473,0.0,0.0,1.0,0.0,1.0,0.004181249067187309,0.001323465257883072
test:195,Qwen3-8B,42,conflict,norm_matched,6,final,49,0.0,0.0,0.015605123713612556,0.015635831281542778,0.01548827439546585,0.0,0.0,1.0,0.0,1.0,0.00011684931814670563,-3.070756793022156e-05
test:114,Qwen3-8B,42,conflict,norm_matched,6,final,15,0.0,0.0,0.03702530637383461,0.03163721412420273,0.031230786815285683,0.0,0.0,1.0,0.0,1.0,0.005794519558548927,0.005388092249631882
test:2205,Qwen3-8B,42,conflict,norm_matched,6,final,60,0.0,0.0,0.03742529824376106,0.036767035722732544,0.040840502828359604,0.0,0.0,0.0,0.0,0.0,-0.0034152045845985413,0.0006582625210285187
test:1380,Qwen3-8B,42,conflict,norm_matched,6,final,86,0.0,0.0,0.02974298596382141,0.04202079400420189,0.04231655225157738,0.0,0.0,0.0,0.0,0.0,-0.012573566287755966,-0.012277808040380478
test:668,Qwen3-8B,42,conflict,norm_matched,6,final,50,0.0,0.0,0.02699495479464531,0.024495305493474007,0.015869541093707085,0.0,0.0,1.0,0.0,1.0,0.011125413700938225,0.002499649301171303
test:874,Qwen3-8B,42,conflict,norm_matched,6,final,104,0.0,0.0,0.026340221986174583,0.05121135711669922,0.043307073414325714,0.0,0.0,1.0,0.0,0.0,-0.01696685142815113,-0.024871135130524635
test:1824,Qwen3-8B,42,conflict,norm_matched,6,final,62,0.0,0.0,0.02535148710012436,0.030458109453320503,0.01124571356922388,0.0,0.0,1.0,0.0,1.0,0.014105773530900478,-0.005106622353196144
test:1248,Qwen3-8B,42,conflict,norm_matched,6,final,56,0.0,0.0,0.0005755148595198989,0.045304179191589355,0.0015171492705121636,0.0,0.0,1.0,0.0,0.0,-0.0009416344109922647,-0.04472866433206946
test:714,Qwen3-8B,42,conflict,norm_matched,6,final,65,0.0,0.0,0.03105504810810089,0.04728521406650543,0.03592139109969139,0.0,0.0,1.0,0.0,0.0,-0.0048663429915905,-0.01623016595840454
test:133,Qwen3-8B,42,conflict,norm_matched,6,final,65,0.0,0.0,0.014693752862513065,0.01749473065137863,0.013299395330250263,0.0,0.0,1.0,0.0,1.0,0.0013943575322628021,-0.0028009777888655663
test:162,Qwen3-8B,42,conflict,norm_matched,6,final,103,0.0,0.0,0.03578314930200577,0.038535457104444504,0.03981546312570572,0.0,0.0,0.0,0.0,0.0,-0.004032313823699951,-0.002752307802438736
test:2079,Qwen3-8B,42,conflict,norm_matched,6,final,87,0.0,0.0,0.017426414415240288,0.021732566878199577,0.019817078486084938,0.0,0.0,1.0,0.0,0.0,-0.0023906640708446503,-0.0043061524629592896
test:1795,Qwen3-8B,42,conflict,norm_matched,6,final,100,0.0,0.0,0.03456323966383934,0.03709864988923073,0.026917263865470886,0.0,0.0,1.0,0.0,1.0,0.007645975798368454,-0.002535410225391388
test:1760,Qwen3-8B,42,conflict,norm_matched,6,final,94,0.0,0.0,0.02411811798810959,0.01980210654437542,0.02094239741563797,0.0,0.0,0.0,0.0,1.0,0.0031757205724716187,0.004316011443734169
test:1424,Qwen3-8B,42,conflict,norm_matched,6,final,103,0.0,0.0,0.01992814615368843,0.03208855912089348,0.023851264268159866,0.0,0.0,1.0,0.0,0.0,-0.0039231181144714355,-0.012160412967205048
test:62,Qwen3-8B,42,conflict,norm_matched,6,final,52,0.0,0.0,0.03704715520143509,0.03568577021360397,0.018724555149674416,0.0,0.0,1.0,0.0,1.0,0.018322600051760674,0.0013613849878311157
test:522,Qwen3-8B,42,conflict,norm_matched,6,final,121,0.0,0.0,0.03353066369891167,0.05341830104589462,0.04647373780608177,0.0,0.0,1.0,0.0,0.0,-0.012943074107170105,-0.019887637346982956
test:1227,Qwen3-8B,42,conflict,norm_matched,6,final,77,0.0,0.0,0.045449886471033096,0.04681151360273361,0.04481379687786102,0.0,0.0,1.0,0.0,1.0,0.0006360895931720734,-0.0013616271317005157
test:397,Qwen3-8B,42,conflict,norm_matched,6,final,74,0.0,0.0,0.01291861105710268,0.01863616146147251,0.015454663895070553,0.0,0.0,1.0,0.0,0.0,-0.0025360528379678726,-0.005717550404369831
test:374,Qwen3-8B,42,conflict,norm_matched,6,final,19,0.0,0.0,0.02753157913684845,0.027998296543955803,0.03173096477985382,0.0,0.0,0.0,0.0,0.0,-0.004199385643005371,-0.0004667174071073532
test:1078,Qwen3-8B,42,conflict,norm_matched,6,final,96,0.0,0.0,0.03451545536518097,0.029466120526194572,0.03451651334762573,0.0,0.0,0.0,0.0,0.0,-1.0579824447631836e-06,0.005049334838986397
test:1664,Qwen3-8B,42,conflict,norm_matched,6,final,55,0.0,0.0,0.042318832129240036,0.03640042245388031,0.029690224677324295,0.0,0.0,1.0,0.0,1.0,0.012628607451915741,0.005918409675359726
test:1818,Qwen3-8B,42,conflict,norm_matched,6,final,39,0.0,0.0,0.038690172135829926,0.039484765380620956,0.03346621245145798,0.0,0.0,1.0,0.0,1.0,0.005223959684371948,-0.0007945932447910309
test:1246,Qwen3-8B,42,conflict,norm_matched,6,final,103,0.0,0.0,0.03214235231280327,0.044632624834775925,0.050974033772945404,0.0,0.0,0.0,0.0,0.0,-0.018831681460142136,-0.012490272521972656
test:1887,Qwen3-8B,42,conflict,norm_matched,6,final,54,0.0,0.0,0.02255992591381073,0.01646612584590912,0.019997280091047287,0.0,0.0,0.0,0.0,1.0,0.002562645822763443,0.006093800067901611
test:1623,Qwen3-8B,42,conflict,norm_matched,6,final,114,0.0,0.0,0.0335456021130085,0.02869616448879242,0.031508032232522964,0.0,0.0,0.0,0.0,1.0,0.0020375698804855347,0.00484943762421608
test:196,Qwen3-8B,42,conflict,norm_matched,6,final,103,0.0,0.0,0.01789233088493347,0.04744129627943039,0.050325408577919006,0.0,0.0,0.0,0.0,0.0,-0.032433077692985535,-0.029548965394496918
test:1899,Qwen3-8B,42,conflict,norm_matched,6,final,78,0.0,0.0,0.029816338792443275,0.022008487954735756,0.021332111209630966,0.0,0.0,1.0,0.0,1.0,0.00848422758281231,0.0078078508377075195
test:1208,Qwen3-8B,42,conflict,norm_matched,6,final,105,0.0,0.0,0.02529074065387249,0.033550016582012177,0.029105059802532196,0.0,0.0,1.0,0.0,0.0,-0.003814319148659706,-0.008259275928139687
test:1441,Qwen3-8B,42,conflict,norm_matched,6,final,40,0.0,0.0,0.0431857705116272,0.05181339383125305,0.021747170016169548,0.0,0.0,1.0,0.0,1.0,0.02143860049545765,-0.008627623319625854
test:1102,Qwen3-8B,42,conflict,norm_matched,6,final,121,0.0,0.0,0.039469294250011444,0.04104384034872055,0.0398552305996418,0.0,0.0,1.0,0.0,0.0,-0.00038593634963035583,-0.0015745460987091064
test:76,Qwen3-8B,42,conflict,norm_matched,6,final,122,0.0,0.0,0.01973205804824829,0.027228238061070442,0.016986127942800522,0.0,0.0,1.0,0.0,1.0,0.002745930105447769,-0.007496180012822151
test:1855,Qwen3-8B,42,conflict,norm_matched,6,final,133,0.0,0.0,0.01777351275086403,0.035768069326877594,0.04020359367132187,0.0,0.0,0.0,0.0,0.0,-0.02243008092045784,-0.017994556576013565
test:1652,Qwen3-8B,42,conflict,norm_matched,6,final,55,0.0,0.0,0.04789842665195465,0.04584162309765816,0.049088094383478165,0.0,0.0,0.0,0.0,0.0,-0.0011896677315235138,0.0020568035542964935
test:355,Qwen3-8B,42,conflict,norm_matched,6,final,91,0.0,0.0,0.024760905653238297,0.020613476634025574,0.019033605232834816,0.0,0.0,1.0,0.0,1.0,0.0057273004204034805,0.004147429019212723
test:2144,Qwen3-8B,42,conflict,norm_matched,6,final,128,0.0,0.0,0.024437155574560165,0.031340133398771286,0.019333908334374428,0.0,0.0,1.0,0.0,1.0,0.005103247240185738,-0.006902977824211121
test:210,Qwen3-8B,42,conflict,norm_matched,6,final,78,0.0,0.0,0.028522910550236702,0.02434711530804634,0.023544324561953545,0.0,0.0,1.0,0.0,1.0,0.004978585988283157,0.004175795242190361
test:1713,Qwen3-8B,42,conflict,norm_matched,6,final,45,0.0,0.0,0.027535976842045784,0.02339143492281437,0.0362585186958313,0.0,0.0,0.0,0.0,0.0,-0.008722541853785515,0.004144541919231415
test:1574,Qwen3-8B,42,conflict,norm_matched,6,final,80,0.0,0.0,0.04083609953522682,0.027601858600974083,0.04280906170606613,0.0,0.0,0.0,0.0,0.0,-0.0019729621708393097,0.013234240934252739
test:1488,Qwen3-8B,42,conflict,norm_matched,6,final,106,0.0,0.0,0.021804027259349823,0.020287062972784042,0.02763660065829754,0.0,0.0,0.0,0.0,0.0,-0.005832573398947716,0.0015169642865657806
test:1868,Qwen3-8B,42,conflict,norm_matched,6,final,24,0.0,0.0,0.02571866475045681,0.021604401990771294,0.02594667673110962,0.0,0.0,0.0,0.0,0.0,-0.00022801198065280914,0.004114262759685516
test:2233,Qwen3-8B,42,conflict,norm_matched,6,final,63,0.0,0.0,0.054688211530447006,0.05528062582015991,0.07279399782419205,0.0,0.0,0.0,0.0,0.0,-0.01810578629374504,-0.0005924142897129059
test:692,Qwen3-8B,42,conflict,norm_matched,6,final,156,0.0,0.0,0.01269785687327385,0.03745220601558685,0.03848736733198166,0.0,0.0,0.0,0.0,0.0,-0.02578951045870781,-0.024754349142313004
test:1732,Qwen3-8B,42,conflict,norm_matched,6,final,23,0.0,0.0,0.02842574566602707,0.060607343912124634,0.03425855562090874,0.0,0.0,1.0,0.0,0.0,-0.005832809954881668,-0.032181598246097565
test:1002,Qwen3-8B,42,conflict,norm_matched,6,final,28,0.0,0.0,0.023746078833937645,0.012768340297043324,0.03668024390935898,0.0,0.0,0.0,0.0,0.0,-0.012934165075421333,0.010977738536894321
test:1607,Qwen3-8B,42,conflict,norm_matched,6,final,82,0.0,0.0,0.03427811712026596,0.010678359307348728,0.014076083898544312,0.0,0.0,0.0,0.0,1.0,0.02020203322172165,0.023599757812917233
test:1123,Qwen3-8B,42,conflict,norm_matched,6,final,144,0.0,0.0,0.013932512141764164,0.026326632127165794,0.022154562175273895,0.0,0.0,1.0,0.0,0.0,-0.008222050033509731,-0.01239411998540163
test:120,Qwen3-8B,42,conflict,norm_matched,6,final,32,0.0,0.0,0.038754284381866455,0.04425707831978798,0.0493888333439827,0.0,0.0,0.0,0.0,0.0,-0.010634548962116241,-0.005502793937921524
test:652,Qwen3-8B,42,conflict,norm_matched,6,final,58,0.0,0.0,0.031201161444187164,0.028437476605176926,0.03517518192529678,0.0,0.0,0.0,0.0,0.0,-0.003974020481109619,0.0027636848390102386
test:850,Qwen3-8B,42,conflict,norm_matched,6,final,118,0.0,0.0,0.021341748535633087,0.031679730862379074,0.036088570952415466,0.0,0.0,0.0,0.0,0.0,-0.01474682241678238,-0.010337982326745987
test:1633,Qwen3-8B,42,conflict,norm_matched,6,final,72,0.0,0.0,0.030413344502449036,0.030375860631465912,0.03204607963562012,0.0,0.0,0.0,0.0,0.0,-0.0016327351331710815,3.748387098312378e-05
test:1126,Qwen3-8B,42,conflict,norm_matched,6,final,82,0.0,0.0,0.06923388689756393,0.06772703677415848,0.05800674483180046,0.0,0.0,1.0,0.0,1.0,0.011227142065763474,0.0015068501234054565
test:2130,Qwen3-8B,42,conflict,norm_matched,6,final,83,0.0,0.0,0.04012023285031319,0.02573155239224434,0.026581326499581337,0.0,0.0,0.0,0.0,1.0,0.01353890635073185,0.014388680458068848
test:1982,Qwen3-8B,42,conflict,norm_matched,6,final,127,0.0,0.0,0.013573604635894299,0.015600311569869518,0.015360087156295776,0.0,0.0,1.0,0.0,0.0,-0.0017864825204014778,-0.0020267069339752197
test:941,Qwen3-8B,42,conflict,norm_matched,6,final,127,0.0,0.0,0.03217992186546326,0.02343733049929142,0.05888930708169937,0.0,0.0,0.0,0.0,0.0,-0.026709385216236115,0.008742591366171837
test:1038,Qwen3-8B,42,conflict,norm_matched,6,final,144,0.0,0.0,0.027096640318632126,0.024641022086143494,0.02725192718207836,0.0,0.0,0.0,0.0,0.0,-0.00015528686344623566,0.002455618232488632
test:359,Qwen3-8B,42,conflict,norm_matched,6,final,68,0.0,0.0,0.04070582985877991,0.03133486211299896,0.03780696541070938,0.0,0.0,0.0,0.0,1.0,0.002898864448070526,0.009370967745780945
test:1015,Qwen3-8B,42,conflict,norm_matched,6,final,82,0.0,0.0,0.03097986802458763,0.026449380442500114,0.029796099290251732,0.0,0.0,0.0,0.0,1.0,0.0011837687343358994,0.004530487582087517
test:680,Qwen3-8B,42,conflict,norm_matched,6,final,15,0.0,0.0,0.025094101205468178,0.02218613773584366,0.0185347069054842,0.0,0.0,1.0,0.0,1.0,0.006559394299983978,0.0029079634696245193
test:1240,Qwen3-8B,42,conflict,norm_matched,6,final,137,0.0,0.0,0.03836141526699066,0.043346717953681946,0.04200941324234009,0.0,0.0,1.0,0.0,0.0,-0.0036479979753494263,-0.004985302686691284
test:1330,Qwen3-8B,42,conflict,norm_matched,6,final,117,0.0,0.0,0.04184047877788544,0.03229430317878723,0.028479333966970444,0.0,0.0,1.0,0.0,1.0,0.013361144810914993,0.009546175599098206
test:544,Qwen3-8B,42,conflict,norm_matched,6,final,154,0.0,0.0,0.037329502403736115,0.039825282990932465,0.03886754438281059,0.0,0.0,1.0,0.0,0.0,-0.0015380419790744781,-0.00249578058719635
test:695,Qwen3-8B,42,conflict,norm_matched,6,final,177,0.0,0.0,0.027495546266436577,0.03462814912199974,0.02871314063668251,0.0,0.0,1.0,0.0,0.0,-0.0012175943702459335,-0.007132602855563164
test:1019,Qwen3-8B,42,conflict,norm_matched,6,final,119,0.0,0.0,0.026324253529310226,0.030834488570690155,0.0304853692650795,0.0,0.0,1.0,0.0,0.0,-0.004161115735769272,-0.004510235041379929
test:2172,Qwen3-8B,42,conflict,norm_matched,6,final,68,0.0,0.0,0.06979255378246307,0.08633050322532654,0.06197468191385269,0.0,0.0,1.0,0.0,1.0,0.007817871868610382,-0.016537949442863464
test:446,Qwen3-8B,42,conflict,norm_matched,6,final,171,0.0,0.0,0.021666349843144417,0.018311403691768646,0.0513102151453495,0.0,0.0,0.0,0.0,0.0,-0.029643865302205086,0.0033549461513757706
test:7,Qwen3-8B,42,conflict,norm_matched,6,final,30,0.0,0.0,0.01780007965862751,0.014029642567038536,0.015029540285468102,0.0,0.0,0.0,0.0,1.0,0.0027705393731594086,0.003770437091588974
test:1589,Qwen3-8B,42,conflict,norm_matched,6,final,15,0.0,0.0,0.031919222325086594,0.03172814100980759,0.029096750542521477,0.0,0.0,1.0,0.0,1.0,0.002822471782565117,0.00019108131527900696
test:1087,Qwen3-8B,42,conflict,norm_matched,6,final,124,0.0,0.0,0.04792140796780586,0.05046980828046799,0.0521598719060421,0.0,0.0,0.0,0.0,0.0,-0.004238463938236237,-0.0025484003126621246
test:603,Qwen3-8B,42,conflict,norm_matched,6,final,63,0.0,0.0,0.02302408218383789,0.017806386575102806,0.026213843375444412,0.0,0.0,0.0,0.0,0.0,-0.0031897611916065216,0.0052176956087350845
test:1608,Qwen3-8B,42,conflict,norm_matched,6,final,91,0.0,0.0,0.03277920186519623,0.031852301210165024,0.02368340641260147,0.0,0.0,1.0,0.0,1.0,0.009095795452594757,0.0009269006550312042
test:774,Qwen3-8B,42,conflict,norm_matched,6,final,95,0.0,0.0,0.02467559650540352,0.02276451140642166,0.022209906950592995,0.0,0.0,1.0,0.0,1.0,0.002465689554810524,0.0019110850989818573
test:1996,Qwen3-8B,42,conflict,norm_matched,6,final,115,0.0,0.0,0.04843984544277191,0.035277266055345535,0.02914772927761078,0.0,0.0,1.0,0.0,1.0,0.019292116165161133,0.013162579387426376
test:2221,Qwen3-8B,42,conflict,norm_matched,6,final,79,0.0,0.0,0.04659290239214897,0.034367885440588,0.04109180346131325,0.0,0.0,0.0,0.0,1.0,0.005501098930835724,0.012225016951560974
test:1313,Qwen3-8B,42,conflict,norm_matched,6,final,200,0.0,0.0,0.04182707145810127,0.043404094874858856,0.0364898256957531,0.0,0.0,1.0,0.0,1.0,0.005337245762348175,-0.0015770234167575836
test:1515,Qwen3-8B,42,conflict,norm_matched,6,final,95,0.0,0.0,0.003080080496147275,0.030419640243053436,0.03410397842526436,0.0,0.0,0.0,0.0,0.0,-0.031023897929117084,-0.02733955974690616
test:1418,Qwen3-8B,42,conflict,norm_matched,6,final,145,0.0,0.0,0.034975815564394,0.03530656173825264,0.033098701387643814,0.0,0.0,1.0,0.0,1.0,0.001877114176750183,-0.0003307461738586426
test:999,Qwen3-8B,42,conflict,norm_matched,6,final,165,0.0,0.0,0.028380032628774643,0.03660110756754875,0.01995086297392845,0.0,0.0,1.0,0.0,1.0,0.008429169654846191,-0.008221074938774109
test:1431,Qwen3-8B,42,conflict,norm_matched,6,final,209,0.0,0.0,0.01703587919473648,0.024643322452902794,0.029579220339655876,0.0,0.0,0.0,0.0,0.0,-0.012543341144919395,-0.007607443258166313
test:702,Qwen3-8B,42,conflict,norm_matched,6,final,40,0.0,0.0,0.03242868185043335,0.031053630635142326,0.03446730971336365,0.0,0.0,0.0,0.0,0.0,-0.002038627862930298,0.0013750512152910233
test:111,Qwen3-8B,42,conflict,norm_matched,6,final,92,0.0,0.0,0.058172982186079025,0.06068383529782295,0.04446542263031006,0.0,0.0,1.0,0.0,1.0,0.013707559555768967,-0.002510853111743927
test:1039,Qwen3-8B,42,conflict,norm_matched,6,final,142,0.0,0.0,0.03237771987915039,0.025209501385688782,0.031210333108901978,0.0,0.0,0.0,0.0,1.0,0.001167386770248413,0.007168218493461609
test:586,Qwen3-8B,42,conflict,norm_matched,6,final,57,0.0,0.0,0.04636099189519882,0.048097334802150726,0.011467620730400085,0.0,0.0,1.0,0.0,1.0,0.03489337116479874,-0.0017363429069519043
test:733,Qwen3-8B,42,conflict,norm_matched,6,final,15,0.0,0.0,0.03563612699508667,0.035845983773469925,0.03137714043259621,0.0,0.0,1.0,0.0,1.0,0.004258986562490463,-0.000209856778383255
test:562,Qwen3-8B,42,conflict,norm_matched,6,final,136,0.0,0.0,0.01779884286224842,0.03134762495756149,-0.00046938774175941944,0.0,0.0,1.0,0.0,1.0,0.01826823060400784,-0.013548782095313072
test:367,Qwen3-8B,42,conflict,norm_matched,6,final,27,0.0,0.0,0.01848379150032997,0.025999369099736214,0.01384661253541708,0.0,0.0,1.0,0.0,1.0,0.004637178964912891,-0.007515577599406242
test:2093,Qwen3-8B,42,conflict,norm_matched,6,final,189,0.0,0.0,0.044964950531721115,0.044616714119911194,0.04153711348772049,0.0,0.0,1.0,0.0,1.0,0.0034278370440006256,0.00034823641180992126
test:298,Qwen3-8B,42,conflict,norm_matched,6,final,144,0.0,0.0,0.05326111614704132,0.03160490095615387,0.03343015909194946,0.0,0.0,0.0,0.0,1.0,0.019830957055091858,0.02165621519088745
test:618,Qwen3-8B,42,conflict,norm_matched,6,final,56,0.0,0.0,0.02828449010848999,0.020447954535484314,0.015347568318247795,0.0,0.0,1.0,0.0,1.0,0.012936921790242195,0.007836535573005676
test:213,Qwen3-8B,42,conflict,norm_matched,6,final,105,0.0,0.0,0.02486562170088291,0.05578002706170082,0.02882612682878971,0.0,0.0,1.0,0.0,0.0,-0.003960505127906799,-0.03091440536081791
test:1770,Qwen3-8B,42,conflict,norm_matched,6,final,30,0.0,0.0,0.02320980466902256,0.021050570532679558,0.009758824482560158,0.0,0.0,1.0,0.0,1.0,0.013450980186462402,0.0021592341363430023
test:784,Qwen3-8B,42,conflict,norm_matched,6,final,100,0.0,0.0,0.04942038655281067,0.051401518285274506,0.05152948200702667,0.0,0.0,0.0,0.0,0.0,-0.0021090954542160034,-0.0019811317324638367
test:748,Qwen3-8B,42,conflict,norm_matched,6,final,79,0.0,0.0,0.016906829550862312,0.019002795219421387,0.01583894155919552,0.0,0.0,1.0,0.0,1.0,0.0010678879916667938,-0.0020959656685590744
test:691,Qwen3-8B,42,conflict,norm_matched,6,final,211,0.0,0.0,0.052357301115989685,0.07333496958017349,0.07758796215057373,0.0,0.0,0.0,0.0,0.0,-0.025230661034584045,-0.020977668464183807
test:1521,Qwen3-8B,42,conflict,norm_matched,6,final,75,0.0,0.0,0.025465907528996468,0.024079149588942528,0.02293907105922699,0.0,0.0,1.0,0.0,1.0,0.002526836469769478,0.0013867579400539398
test:153,Qwen3-8B,42,conflict,norm_matched,6,final,162,0.0,0.0,0.039772674441337585,0.031286630779504776,0.040125772356987,0.0,0.0,0.0,0.0,0.0,-0.00035309791564941406,0.00848604366183281
test:1145,Qwen3-8B,42,conflict,norm_matched,6,final,205,0.0,0.0,0.032808754593133926,0.04901095852255821,0.04536941647529602,0.0,0.0,1.0,0.0,0.0,-0.012560661882162094,-0.016202203929424286
test:1941,Qwen3-8B,42,conflict,norm_matched,6,final,172,0.0,0.0,0.04157876595854759,0.03575668856501579,0.03313988447189331,0.0,0.0,1.0,0.0,1.0,0.008438881486654282,0.005822077393531799
test:128,Qwen3-8B,42,conflict,norm_matched,6,final,131,0.0,0.0,0.03757178783416748,0.027504287660121918,0.03508080914616585,0.0,0.0,0.0,0.0,1.0,0.0024909786880016327,0.010067500174045563
test:499,Qwen3-8B,42,conflict,norm_matched,6,final,24,0.0,0.0,0.019730323925614357,0.018387366086244583,0.01722164824604988,0.0,0.0,1.0,0.0,1.0,0.002508675679564476,0.0013429578393697739
test:869,Qwen3-8B,42,conflict,norm_matched,6,final,68,0.0,0.0,0.023367466405034065,0.02983703278005123,0.01264268346130848,0.0,0.0,1.0,0.0,1.0,0.010724782943725586,-0.006469566375017166
test:1236,Qwen3-8B,42,conflict,norm_matched,6,final,202,0.0,0.0,0.03651096299290657,0.03589646518230438,0.029405152425169945,0.0,0.0,1.0,0.0,1.0,0.007105810567736626,0.0006144978106021881
test:1870,Qwen3-8B,42,conflict,norm_matched,6,final,204,0.0,0.0,0.026897044852375984,0.022617213428020477,0.0237162783741951,0.0,0.0,0.0,0.0,1.0,0.0031807664781808853,0.004279831424355507
test:1310,Qwen3-8B,42,conflict,norm_matched,6,final,106,0.0,0.0,0.05637271702289581,0.039855387061834335,0.04417217895388603,0.0,0.0,0.0,0.0,1.0,0.012200538069009781,0.016517329961061478
test:1221,Qwen3-8B,42,conflict,norm_matched,6,final,100,0.0,0.0,0.022211821749806404,0.02053280733525753,0.0224005039781332,0.0,0.0,0.0,0.0,0.0,-0.00018868222832679749,0.001679014414548874
test:257,Qwen3-8B,42,conflict,norm_matched,6,final,198,0.0,0.0,0.019112301990389824,0.02625417336821556,0.028815584257245064,0.0,0.0,0.0,0.0,0.0,-0.00970328226685524,-0.007141871377825737
test:1513,Qwen3-8B,42,conflict,norm_matched,6,final,150,0.0,0.0,0.02583848498761654,0.019915973767638206,0.025100070983171463,0.0,0.0,0.0,0.0,1.0,0.000738414004445076,0.0059225112199783325
test:553,Qwen3-8B,42,conflict,norm_matched,6,final,74,0.0,0.0,0.05659831687808037,0.0492524690926075,0.004144221544265747,0.0,0.0,1.0,0.0,1.0,0.05245409533381462,0.00734584778547287
test:1881,Qwen3-8B,42,conflict,norm_matched,6,final,162,0.0,0.0,0.041591767221689224,0.05140937864780426,0.0469571016728878,0.0,0.0,1.0,0.0,0.0,-0.005365334451198578,-0.009817611426115036
test:2262,Qwen3-8B,42,conflict,norm_matched,6,final,97,0.0,0.0,0.048343632370233536,0.032803162932395935,0.03239752724766731,0.0,0.0,1.0,0.0,1.0,0.015946105122566223,0.0155404694378376
test:911,Qwen3-8B,42,conflict,norm_matched,6,final,133,0.0,0.0,0.03843173012137413,0.05438019707798958,0.035656969994306564,0.0,0.0,1.0,0.0,1.0,0.002774760127067566,-0.015948466956615448
test:1947,Qwen3-8B,42,conflict,norm_matched,6,final,113,0.0,0.0,0.03740609064698219,0.042582765221595764,0.03969439119100571,0.0,0.0,1.0,0.0,0.0,-0.002288300544023514,-0.005176674574613571
test:675,Qwen3-8B,42,conflict,norm_matched,6,final,87,0.0,0.0,0.03270233795046806,0.04574866592884064,0.029057087376713753,0.0,0.0,1.0,0.0,1.0,0.0036452505737543106,-0.013046327978372574
test:979,Qwen3-8B,42,conflict,norm_matched,6,final,222,0.0,0.0,0.025245027616620064,0.025272274389863014,0.03481375798583031,0.0,0.0,0.0,0.0,0.0,-0.009568730369210243,-2.724677324295044e-05
test:783,Qwen3-8B,42,conflict,norm_matched,6,final,75,0.0,0.0,0.051806919276714325,0.05469164624810219,0.05669013038277626,0.0,0.0,0.0,0.0,0.0,-0.004883211106061935,-0.002884726971387863
test:2149,Qwen3-8B,42,conflict,norm_matched,6,final,143,0.0,0.0,0.0397176668047905,0.04798242449760437,0.030489496886730194,0.0,0.0,1.0,0.0,1.0,0.009228169918060303,-0.008264757692813873
test:1231,Qwen3-8B,42,conflict,norm_matched,6,final,206,0.0,0.0,0.030653348192572594,0.028346046805381775,0.018615128472447395,0.0,0.0,1.0,0.0,1.0,0.012038219720125198,0.002307301387190819
test:68,Qwen3-8B,42,conflict,norm_matched,6,final,84,0.0,0.0,0.04867805913090706,0.045228905975818634,0.04819967597723007,0.0,0.0,0.0,0.0,1.0,0.0004783831536769867,0.0034491531550884247
test:180,Qwen3-8B,42,conflict,norm_matched,6,final,203,0.0,0.0,0.012180694378912449,0.01634923182427883,0.014757297933101654,0.0,0.0,1.0,0.0,0.0,-0.002576603554189205,-0.004168537445366383
test:2034,Qwen3-8B,42,conflict,norm_matched,6,final,18,0.0,0.0,0.03576582670211792,0.035508617758750916,0.03852696344256401,0.0,0.0,0.0,0.0,0.0,-0.0027611367404460907,0.0002572089433670044
test:1007,Qwen3-8B,42,conflict,norm_matched,6,final,193,0.0,0.0,0.029130181297659874,0.046674471348524094,0.04536779224872589,0.0,0.0,1.0,0.0,0.0,-0.016237610951066017,-0.01754429005086422
test:1917,Qwen3-8B,42,conflict,norm_matched,6,final,61,0.0,0.0,0.03928731381893158,0.02839893475174904,0.02954145520925522,0.0,0.0,0.0,0.0,1.0,0.009745858609676361,0.010888379067182541
test:1869,Qwen3-8B,42,conflict,norm_matched,6,final,120,0.0,0.0,0.01615162566304207,0.05381469056010246,0.010453087277710438,0.0,0.0,1.0,0.0,1.0,0.005698538385331631,-0.037663064897060394
test:1819,Qwen3-8B,42,conflict,norm_matched,6,final,62,0.0,0.0,0.020486142486333847,0.055540814995765686,0.029356610029935837,0.0,0.0,1.0,0.0,0.0,-0.00887046754360199,-0.03505467250943184
test:225,Qwen3-8B,42,conflict,norm_matched,6,final,210,0.0,0.0,0.020530125126242638,0.029606230556964874,0.025335364043712616,0.0,0.0,1.0,0.0,0.0,-0.004805238917469978,-0.009076105430722237
test:1978,Qwen3-8B,42,conflict,norm_matched,6,final,35,0.0,0.0,0.0737292617559433,0.07490245997905731,0.08392030000686646,0.0,0.0,0.0,0.0,0.0,-0.010191038250923157,-0.0011731982231140137
test:1849,Qwen3-8B,42,conflict,norm_matched,6,final,64,0.0,0.0,0.036860886961221695,0.030934378504753113,0.029329700395464897,0.0,0.0,1.0,0.0,1.0,0.007531186565756798,0.005926508456468582
test:1267,Qwen3-8B,42,conflict,norm_matched,6,final,236,0.0,0.0,0.021720828488469124,0.029304075986146927,0.025785543024539948,0.0,0.0,1.0,0.0,0.0,-0.004064714536070824,-0.007583247497677803
test:2014,Qwen3-8B,42,conflict,norm_matched,6,final,85,0.0,0.0,0.048664920032024384,0.04973631724715233,0.042747434228658676,0.0,0.0,1.0,0.0,1.0,0.005917485803365707,-0.001071397215127945
test:747,Qwen3-8B,42,conflict,norm_matched,6,final,135,0.0,0.0,0.0493214912712574,0.05074356868863106,0.04634206369519234,0.0,0.0,1.0,0.0,1.0,0.0029794275760650635,-0.0014220774173736572
test:1536,Qwen3-8B,42,conflict,norm_matched,6,final,93,0.0,0.0,0.0201095100492239,0.010979469865560532,0.018688982352614403,0.0,0.0,0.0,0.0,1.0,0.001420527696609497,0.009130040183663368
test:495,Qwen3-8B,42,conflict,norm_matched,6,final,177,0.0,0.0,0.03315259516239166,0.018087344244122505,0.04038495570421219,0.0,0.0,0.0,0.0,0.0,-0.007232360541820526,0.015065250918269157
test:1218,Qwen3-8B,42,conflict,norm_matched,6,final,90,0.0,0.0,0.026053495705127716,0.025992920622229576,0.03329797461628914,0.0,0.0,0.0,0.0,0.0,-0.007244478911161423,6.0575082898139954e-05
test:908,Qwen3-8B,42,conflict,norm_matched,6,final,34,0.0,0.0,0.056001707911491394,0.046585507690906525,-0.02191799320280552,0.0,0.0,1.0,0.0,1.0,0.07791970111429691,0.00941620022058487
test:284,Qwen3-8B,42,conflict,norm_matched,6,final,13,0.0,0.0,0.09707425534725189,0.11077263206243515,0.05875546485185623,0.0,0.0,1.0,0.0,1.0,0.03831879049539566,-0.013698376715183258
test:307,Qwen3-8B,42,conflict,norm_matched,6,final,188,0.0,0.0,0.01362096332013607,0.010779356583952904,0.00804467685520649,0.0,0.0,1.0,0.0,1.0,0.005576286464929581,0.0028416067361831665
test:1101,Qwen3-8B,42,conflict,norm_matched,6,final,144,0.0,0.0,0.02246614173054695,0.014568733982741833,0.018745293840765953,0.0,0.0,0.0,0.0,1.0,0.0037208478897809982,0.007897407747805119
test:2091,Qwen3-8B,42,conflict,norm_matched,6,final,161,0.0,0.0,0.06451212614774704,0.049485914409160614,0.04214392229914665,0.0,0.0,1.0,0.0,1.0,0.022368203848600388,0.015026211738586426
test:1343,Qwen3-8B,42,conflict,norm_matched,6,final,182,0.0,0.0,0.03677189350128174,0.029759814962744713,0.0327637642621994,0.0,0.0,0.0,0.0,1.0,0.004008129239082336,0.0070120785385370255
test:312,Qwen3-8B,42,conflict,norm_matched,6,final,229,0.0,0.0,0.025643296539783478,0.04614952579140663,0.03171948343515396,0.0,0.0,1.0,0.0,0.0,-0.006076186895370483,-0.020506229251623154
test:1853,Qwen3-8B,42,conflict,norm_matched,6,final,74,0.0,0.0,0.016812695190310478,0.027209492400288582,0.024625375866889954,0.0,0.0,1.0,0.0,0.0,-0.007812680676579475,-0.010396797209978104
test:2161,Qwen3-8B,42,conflict,norm_matched,6,final,94,0.0,0.0,0.02352006733417511,0.019019167870283127,0.016466880217194557,0.0,0.0,1.0,0.0,1.0,0.007053187116980553,0.004500899463891983
test:993,Qwen3-8B,42,conflict,norm_matched,6,final,77,0.0,0.0,0.03150247409939766,0.03171151876449585,0.016666028648614883,0.0,0.0,1.0,0.0,1.0,0.014836445450782776,-0.0002090446650981903
test:1764,Qwen3-8B,42,conflict,norm_matched,6,final,72,0.0,0.0,0.061796046793460846,0.060684822499752045,0.03225678578019142,0.0,0.0,1.0,0.0,1.0,0.029539261013269424,0.0011112242937088013
test:1238,Qwen3-8B,42,conflict,norm_matched,6,final,114,0.0,0.0,0.015411058440804482,0.025139382109045982,0.022436439990997314,0.0,0.0,1.0,0.0,0.0,-0.007025381550192833,-0.0097283236682415
test:2222,Qwen3-8B,42,conflict,norm_matched,6,final,225,0.0,0.0,0.061634305864572525,0.06312812119722366,0.07751938700675964,0.0,0.0,0.0,0.0,0.0,-0.01588508114218712,-0.0014938153326511383
test:2007,Qwen3-8B,42,conflict,norm_matched,6,final,106,0.0,0.0,0.04159963130950928,0.03491077944636345,0.042699601501226425,0.0,0.0,0.0,0.0,0.0,-0.0010999701917171478,0.006688851863145828
test:1177,Qwen3-8B,42,conflict,norm_matched,6,final,104,0.0,0.0,0.013435043394565582,0.030963841825723648,0.030335962772369385,0.0,0.0,1.0,0.0,0.0,-0.016900919377803802,-0.017528798431158066
test:378,Qwen3-8B,42,conflict,norm_matched,6,final,234,0.0,0.0,0.03170371428132057,0.026552844792604446,0.015539534389972687,0.0,0.0,1.0,0.0,1.0,0.016164179891347885,0.0051508694887161255
test:1086,Qwen3-8B,42,conflict,norm_matched,6,final,174,0.0,0.0,0.04213273152709007,0.040897186845541,0.037044648081064224,0.0,0.0,1.0,0.0,1.0,0.005088083446025848,0.0012355446815490723
test:350,Qwen3-8B,42,conflict,norm_matched,6,final,70,0.0,0.0,0.027376143261790276,0.013711749576032162,0.020310744643211365,0.0,0.0,0.0,0.0,1.0,0.007065398618578911,0.013664393685758114
test:2256,Qwen3-8B,42,conflict,norm_matched,6,final,48,0.0,0.0,0.022956877946853638,0.0323498360812664,0.025482874363660812,0.0,0.0,1.0,0.0,0.0,-0.0025259964168071747,-0.009392958134412766
test:2064,Qwen3-8B,42,conflict,norm_matched,6,final,199,0.0,0.0,0.029687056317925453,0.016910359263420105,0.023172518238425255,0.0,0.0,0.0,0.0,1.0,0.006514538079500198,0.012776697054505348
test:635,Qwen3-8B,42,conflict,norm_matched,6,final,34,0.0,0.0,0.01789468340575695,0.03583819046616554,0.010334810242056847,0.0,0.0,1.0,0.0,1.0,0.007559873163700104,-0.017943507060408592
test:2182,Qwen3-8B,42,conflict,norm_matched,6,final,139,0.0,0.0,0.05963661149144173,0.050655607134103775,0.04830795153975487,0.0,0.0,1.0,0.0,1.0,0.011328659951686859,0.008981004357337952
test:502,Qwen3-8B,42,conflict,norm_matched,6,final,62,0.0,0.0,0.02774747461080551,0.024602718651294708,0.01959232985973358,0.0,0.0,1.0,0.0,1.0,0.00815514475107193,0.0031447559595108032
test:434,Qwen3-8B,42,conflict,norm_matched,6,final,220,0.0,0.0,0.034892722964286804,0.05270592123270035,0.04347672313451767,0.0,0.0,1.0,0.0,0.0,-0.008584000170230865,-0.017813198268413544
test:1225,Qwen3-8B,42,conflict,norm_matched,6,final,53,0.0,0.0,0.024889010936021805,0.027426064014434814,0.02696390263736248,0.0,0.0,1.0,0.0,0.0,-0.0020748917013406754,-0.0025370530784130096
test:1483,Qwen3-8B,42,conflict,norm_matched,6,final,230,0.0,0.0,0.03013388253748417,0.027438048273324966,0.018812334164977074,0.0,0.0,1.0,0.0,1.0,0.011321548372507095,0.0026958342641592026
test:327,Qwen3-8B,42,conflict,norm_matched,6,final,212,0.0,0.0,0.055824168026447296,0.05113993585109711,0.04048901051282883,0.0,0.0,1.0,0.0,1.0,0.01533515751361847,0.004684232175350189
test:646,Qwen3-8B,42,conflict,norm_matched,6,final,47,0.0,0.0,0.03181416168808937,0.05817950516939163,0.00962922815233469,0.0,0.0,1.0,0.0,1.0,0.02218493353575468,-0.02636534348130226
test:1214,Qwen3-8B,42,conflict,norm_matched,6,final,156,0.0,0.0,0.046969879418611526,0.03645496442914009,0.04094652459025383,0.0,0.0,0.0,0.0,1.0,0.0060233548283576965,0.010514914989471436
test:1722,Qwen3-8B,42,conflict,norm_matched,6,final,254,0.0,0.0,0.03585270792245865,0.045659251511096954,0.045163705945014954,0.0,0.0,1.0,0.0,0.0,-0.009310998022556305,-0.009806543588638306
test:2062,Qwen3-8B,42,conflict,norm_matched,6,final,278,0.0,0.0,0.037705130875110626,0.04958822950720787,0.041687577962875366,0.0,0.0,1.0,0.0,0.0,-0.00398244708776474,-0.011883098632097244
test:1009,Qwen3-8B,42,conflict,norm_matched,6,final,81,0.0,0.0,0.029908381402492523,0.02844565361738205,0.044213466346263885,0.0,0.0,0.0,0.0,0.0,-0.014305084943771362,0.0014627277851104736
test:92,Qwen3-8B,42,conflict,norm_matched,6,final,119,0.0,0.0,0.03181155025959015,0.03312715142965317,0.02073904685676098,0.0,0.0,1.0,0.0,1.0,0.01107250340282917,-0.0013156011700630188
test:471,Qwen3-8B,42,conflict,norm_matched,6,final,73,0.0,0.0,0.03968868404626846,0.023951532319188118,0.027040980756282806,0.0,0.0,0.0,0.0,1.0,0.012647703289985657,0.015737151727080345
test:1083,Qwen3-8B,42,conflict,norm_matched,6,final,281,0.0,0.0,0.07547733187675476,0.09080483764410019,0.09474894404411316,0.0,0.0,0.0,0.0,0.0,-0.0192716121673584,-0.015327505767345428
test:2108,Qwen3-8B,42,conflict,norm_matched,6,final,212,0.0,0.0,0.05519985780119896,0.05363290756940842,0.04778924584388733,0.0,0.0,1.0,0.0,1.0,0.00741061195731163,0.0015669502317905426
test:2227,Qwen3-8B,42,conflict,norm_matched,6,final,270,0.0,0.0,0.013831855729222298,0.027278155088424683,0.021907862275838852,0.0,0.0,1.0,0.0,0.0,-0.008076006546616554,-0.013446299359202385
test:1251,Qwen3-8B,42,conflict,norm_matched,6,final,75,0.0,0.0,0.012705211527645588,0.016960326582193375,0.020999129861593246,0.0,0.0,0.0,0.0,0.0,-0.008293918333947659,-0.004255115054547787
test:498,Qwen3-8B,42,conflict,norm_matched,6,final,305,0.0,0.0,0.026442114263772964,0.028557801619172096,0.03538614138960838,0.0,0.0,0.0,0.0,0.0,-0.008944027125835419,-0.0021156873553991318
test:1920,Qwen3-8B,42,conflict,norm_matched,6,final,87,0.0,0.0,0.08956322073936462,0.06104050204157829,0.048119883984327316,0.0,0.0,1.0,0.0,1.0,0.04144333675503731,0.02852271869778633
test:1845,Qwen3-8B,42,conflict,norm_matched,6,final,100,0.0,0.0,0.03119223564863205,0.03943882882595062,0.036258019506931305,0.0,0.0,1.0,0.0,0.0,-0.005065783858299255,-0.008246593177318573
test:1790,Qwen3-8B,42,conflict,norm_matched,6,final,140,0.0,0.0,0.021666182205080986,0.02344462275505066,0.01525814551860094,0.0,0.0,1.0,0.0,1.0,0.006408036686480045,-0.0017784405499696732
test:1563,Qwen3-8B,42,conflict,norm_matched,6,final,113,0.0,0.0,0.02577701024711132,0.027700457721948624,0.02881765179336071,0.0,0.0,0.0,0.0,0.0,-0.0030406415462493896,-0.0019234474748373032
test:1715,Qwen3-8B,42,conflict,norm_matched,6,final,255,0.0,0.0,0.04524824023246765,0.038369737565517426,0.038708142936229706,0.0,0.0,0.0,0.0,1.0,0.0065400972962379456,0.006878502666950226
test:1395,Qwen3-8B,42,conflict,norm_matched,6,final,168,0.0,0.0,0.03998101130127907,0.052906136959791183,0.042692650109529495,0.0,0.0,1.0,0.0,0.0,-0.0027116388082504272,-0.012925125658512115
test:923,Qwen3-8B,42,conflict,norm_matched,6,final,242,0.0,0.0,0.026238014921545982,0.02447693422436714,0.021411534398794174,0.0,0.0,1.0,0.0,1.0,0.004826480522751808,0.0017610806971788406
test:800,Qwen3-8B,42,conflict,norm_matched,6,final,103,0.0,0.0,0.06476004421710968,0.04440002143383026,0.05611683800816536,0.0,0.0,0.0,0.0,1.0,0.00864320620894432,0.02036002278327942
test:1525,Qwen3-8B,42,conflict,norm_matched,6,final,173,0.0,0.0,0.0264570415019989,0.022072654217481613,0.02648376300930977,0.0,0.0,0.0,0.0,0.0,-2.672150731086731e-05,0.004384387284517288
test:617,Qwen3-8B,42,conflict,norm_matched,6,final,311,0.0,0.0,0.025576500222086906,0.015448023565113544,0.024233145639300346,0.0,0.0,0.0,0.0,1.0,0.00134335458278656,0.010128476656973362
test:2225,Qwen3-8B,42,conflict,norm_matched,6,final,83,0.0,0.0,0.02461288310587406,0.03382427617907524,0.03418009355664253,0.0,0.0,0.0,0.0,0.0,-0.00956721045076847,-0.00921139307320118
test:125,Qwen3-8B,42,conflict,norm_matched,6,final,16,0.0,0.0,0.024457985535264015,0.02136804535984993,0.019986532628536224,0.0,0.0,1.0,0.0,1.0,0.004471452906727791,0.0030899401754140854
test:1316,Qwen3-8B,42,conflict,norm_matched,6,final,256,0.0,0.0,0.02097446657717228,0.023766884580254555,0.013675548136234283,0.0,0.0,1.0,0.0,1.0,0.007298918440937996,-0.0027924180030822754
test:1848,Qwen3-8B,42,conflict,norm_matched,6,final,101,0.0,0.0,0.03736299276351929,0.039306383579969406,0.037506185472011566,0.0,0.0,1.0,0.0,0.0,-0.00014319270849227905,-0.001943390816450119
test:1481,Qwen3-8B,42,conflict,norm_matched,6,final,88,0.0,0.0,0.03582729399204254,0.01904454082250595,0.02078063413500786,0.0,0.0,0.0,0.0,1.0,0.015046659857034683,0.01678275316953659
test:1667,Qwen3-8B,42,conflict,norm_matched,6,final,131,0.0,0.0,0.02770937606692314,0.026412777602672577,0.024482131004333496,0.0,0.0,1.0,0.0,1.0,0.0032272450625896454,0.0012965984642505646
test:1901,Qwen3-8B,42,conflict,norm_matched,6,final,315,0.0,0.0,0.02142573706805706,0.03465048223733902,0.034519877284765244,0.0,0.0,1.0,0.0,0.0,-0.013094140216708183,-0.01322474516928196
test:1673,Qwen3-8B,42,conflict,norm_matched,6,final,120,0.0,0.0,0.03630300238728523,0.038494523614645004,0.03712281212210655,0.0,0.0,1.0,0.0,0.0,-0.0008198097348213196,-0.0021915212273597717
test:2280,Qwen3-8B,42,conflict,norm_matched,6,final,95,0.0,0.0,0.04723075404763222,0.037636566907167435,0.03847773000597954,0.0,0.0,0.0,0.0,1.0,0.00875302404165268,0.009594187140464783
test:2251,Qwen3-8B,42,conflict,norm_matched,6,final,68,0.0,0.0,0.03016829863190651,0.028710100799798965,0.02169742062687874,0.0,0.0,1.0,0.0,1.0,0.008470878005027771,0.001458197832107544
test:512,Qwen3-8B,42,conflict,norm_matched,6,final,73,0.0,0.0,0.038077034056186676,0.03575548529624939,0.029462872073054314,0.0,0.0,1.0,0.0,1.0,0.008614161983132362,0.0023215487599372864
test:220,Qwen3-8B,42,conflict,norm_matched,6,final,219,0.0,0.0,0.0326814278960228,0.02969576045870781,0.026866592466831207,0.0,0.0,1.0,0.0,1.0,0.005814835429191589,0.002985667437314987
test:997,Qwen3-8B,42,conflict,norm_matched,6,final,73,0.0,0.0,0.043422020971775055,0.039102423936128616,0.0182343702763319,0.0,0.0,1.0,0.0,1.0,0.025187650695443153,0.004319597035646439
test:1553,Qwen3-8B,42,conflict,norm_matched,6,final,320,0.0,0.0,0.021131649613380432,0.05189308524131775,0.036575548350811005,0.0,0.0,1.0,0.0,0.0,-0.015443898737430573,-0.030761435627937317
test:731,Qwen3-8B,42,conflict,norm_matched,6,final,116,0.0,0.0,0.03611352667212486,0.03701469302177429,0.0273133534938097,0.0,0.0,1.0,0.0,1.0,0.008800173178315163,-0.0009011663496494293
test:1433,Qwen3-8B,42,conflict,norm_matched,6,final,71,0.0,0.0,0.04295293614268303,0.02725430577993393,0.016944510862231255,0.0,0.0,1.0,0.0,1.0,0.026008425280451775,0.0156986303627491
test:65,Qwen3-8B,42,conflict,norm_matched,6,final,255,0.0,0.0,0.05630221962928772,0.0473291277885437,0.04762052372097969,0.0,0.0,0.0,0.0,1.0,0.00868169590830803,0.008973091840744019
test:1575,Qwen3-8B,42,conflict,norm_matched,6,final,92,0.0,0.0,0.020155906677246094,0.033936403691768646,0.026178302243351936,0.0,0.0,1.0,0.0,0.0,-0.006022395566105843,-0.013780497014522552
test:1784,Qwen3-8B,42,conflict,norm_matched,6,final,136,0.0,0.0,0.015812817960977554,0.019300537183880806,0.02228810079395771,0.0,0.0,0.0,0.0,0.0,-0.006475282832980156,-0.0034877192229032516
test:1566,Qwen3-8B,42,conflict,norm_matched,6,final,60,0.0,0.0,0.044647328555583954,0.0446927584707737,0.04029301181435585,0.0,0.0,1.0,0.0,1.0,0.004354316741228104,-4.542991518974304e-05
test:1807,Qwen3-8B,42,conflict,norm_matched,6,final,44,0.0,0.0,0.030454540625214577,0.02630077861249447,0.030121836811304092,0.0,0.0,0.0,0.0,1.0,0.0003327038139104843,0.004153762012720108
test:1408,Qwen3-8B,42,conflict,norm_matched,6,final,119,0.0,0.0,0.05255723372101784,0.05739288404583931,0.04834455996751785,0.0,0.0,1.0,0.0,1.0,0.004212673753499985,-0.004835650324821472
test:621,Qwen3-8B,42,conflict,norm_matched,6,final,190,0.0,0.0,0.030807409435510635,0.030074885115027428,0.02655061148107052,0.0,0.0,1.0,0.0,1.0,0.004256797954440117,0.0007325243204832077
test:531,Qwen3-8B,42,conflict,norm_matched,6,final,113,0.0,0.0,0.04363083466887474,0.02410861849784851,0.03329966217279434,0.0,0.0,0.0,0.0,1.0,0.010331172496080399,0.01952221617102623
test:394,Qwen3-8B,42,conflict,norm_matched,6,final,93,0.0,0.0,0.04880790784955025,0.026846107095479965,0.0019416104769334197,0.0,0.0,1.0,0.0,1.0,0.04686629737261683,0.021961800754070282
test:641,Qwen3-8B,42,conflict,norm_matched,6,final,51,0.0,0.0,0.07156513631343842,0.10115951299667358,0.07151065021753311,0.0,0.0,1.0,0.0,1.0,5.4486095905303955e-05,-0.02959437668323517
test:2003,Qwen3-8B,42,conflict,norm_matched,6,final,51,0.0,0.0,0.023471465334296227,0.023637790232896805,0.03277665376663208,0.0,0.0,0.0,0.0,0.0,-0.009305188432335854,-0.0001663248986005783
test:243,Qwen3-8B,42,conflict,norm_matched,6,final,216,0.0,0.0,0.025566672906279564,0.023873627185821533,0.033241309225559235,0.0,0.0,0.0,0.0,0.0,-0.007674636319279671,0.0016930457204580307
test:85,Qwen3-8B,42,conflict,norm_matched,6,final,409,0.0,0.0,0.01990566775202751,0.028989914804697037,0.04309558868408203,0.0,0.0,0.0,0.0,0.0,-0.02318992093205452,-0.009084247052669525
test:847,Qwen3-8B,42,conflict,norm_matched,6,final,43,0.0,0.0,0.005774047691375017,0.060160938650369644,0.012036568485200405,0.0,0.0,1.0,0.0,0.0,-0.006262520793825388,-0.05438689095899463
test:4,Qwen3-8B,42,conflict,norm_matched,6,final,15,0.0,0.0,0.03770586475729942,0.06005191057920456,0.06422516703605652,0.0,0.0,0.0,0.0,0.0,-0.026519302278757095,-0.022346045821905136
test:468,Qwen3-8B,42,conflict,norm_matched,6,final,88,0.0,0.0,0.028551135212183,0.03339305520057678,0.021116528660058975,0.0,0.0,1.0,0.0,1.0,0.0074346065521240234,-0.004841919988393784
test:1928,Qwen3-8B,42,conflict,norm_matched,6,final,155,0.0,0.0,0.06260795146226883,0.06216741353273392,0.0333951972424984,0.0,0.0,1.0,0.0,1.0,0.02921275421977043,0.0004405379295349121
test:822,Qwen3-8B,42,conflict,norm_matched,6,final,219,0.0,0.0,0.044817425310611725,0.025489656254649162,0.05338691920042038,0.0,0.0,0.0,0.0,0.0,-0.008569493889808655,0.019327769055962563
test:1805,Qwen3-8B,42,conflict,norm_matched,6,final,253,0.0,0.0,0.03781867027282715,0.04515606537461281,0.022649627178907394,0.0,0.0,1.0,0.0,1.0,0.015169043093919754,-0.00733739510178566
test:879,Qwen3-8B,42,conflict,norm_matched,6,final,97,0.0,0.0,0.029376588761806488,0.020371560007333755,0.02756805159151554,0.0,0.0,0.0,0.0,1.0,0.001808537170290947,0.009005028754472733
test:1902,Qwen3-8B,42,conflict,norm_matched,6,final,306,0.0,0.0,0.035622015595436096,0.031550854444503784,0.03514090180397034,0.0,0.0,0.0,0.0,1.0,0.0004811137914657593,0.004071161150932312
test:1933,Qwen3-8B,42,conflict,norm_matched,6,final,41,0.0,0.0,0.024082770571112633,0.02644936367869377,0.011243571527302265,0.0,0.0,1.0,0.0,1.0,0.012839199043810368,-0.0023665931075811386
test:577,Qwen3-8B,42,conflict,norm_matched,6,final,393,0.0,0.0,0.015978114679455757,0.0268204677850008,0.030932102352380753,0.0,0.0,0.0,0.0,0.0,-0.014953987672924995,-0.010842353105545044
test:1749,Qwen3-8B,42,conflict,norm_matched,6,final,205,0.0,0.0,0.026858193799853325,0.028216378763318062,0.02505638264119625,0.0,0.0,1.0,0.0,1.0,0.001801811158657074,-0.001358184963464737
test:15,Qwen3-8B,42,conflict,norm_matched,6,final,78,0.0,0.0,0.07787948846817017,0.03373623266816139,0.06360441446304321,0.0,0.0,0.0,0.0,1.0,0.014275074005126953,0.044143255800008774
test:1753,Qwen3-8B,42,conflict,norm_matched,6,final,197,0.0,0.0,0.03549755737185478,0.030989373102784157,0.03487527742981911,0.0,0.0,0.0,0.0,1.0,0.000622279942035675,0.004508184269070625
test:665,Qwen3-8B,42,conflict,norm_matched,6,final,137,0.0,0.0,0.036963336169719696,0.027163514867424965,0.025861887261271477,0.0,0.0,1.0,0.0,1.0,0.01110144890844822,0.009799821302294731
test:569,Qwen3-8B,42,conflict,norm_matched,6,final,346,0.0,0.0,0.04092928394675255,0.025261791422963142,0.019667865708470345,0.0,0.0,1.0,0.0,1.0,0.021261418238282204,0.015667492523789406
test:1203,Qwen3-8B,42,conflict,norm_matched,6,final,110,0.0,0.0,0.03357621654868126,0.03814532235264778,0.024990171194076538,0.0,0.0,1.0,0.0,1.0,0.008586045354604721,-0.004569105803966522
test:2105,Qwen3-8B,42,conflict,norm_matched,6,final,50,0.0,0.0,0.11289570480585098,0.09977655112743378,0.1140793189406395,0.0,0.0,0.0,0.0,0.0,-0.0011836141347885132,0.013119153678417206
test:426,Qwen3-8B,42,conflict,norm_matched,6,final,60,0.0,0.0,0.029194427654147148,0.02580895461142063,0.022119326516985893,0.0,0.0,1.0,0.0,1.0,0.007075101137161255,0.0033854730427265167
test:123,Qwen3-8B,42,conflict,norm_matched,6,final,393,0.0,0.0,0.02907470054924488,0.02230161800980568,0.027108781039714813,0.0,0.0,0.0,0.0,1.0,0.0019659195095300674,0.006773082539439201
test:1405,Qwen3-8B,42,conflict,norm_matched,6,final,221,0.0,0.0,0.0371142141520977,0.03310133144259453,0.023163385689258575,0.0,0.0,1.0,0.0,1.0,0.013950828462839127,0.004012882709503174
test:796,Qwen3-8B,42,conflict,norm_matched,6,final,132,0.0,0.0,0.02191385067999363,0.03309673070907593,0.052438121289014816,0.0,0.0,0.0,0.0,0.0,-0.030524270609021187,-0.011182880029082298
test:2166,Qwen3-8B,42,conflict,norm_matched,6,final,248,0.0,0.0,0.03711690008640289,0.0534508116543293,0.026006989181041718,0.0,0.0,1.0,0.0,1.0,0.011109910905361176,-0.016333911567926407
test:1179,Qwen3-8B,42,conflict,norm_matched,6,final,50,0.0,0.0,0.0330812893807888,0.028947843238711357,0.029099933803081512,0.0,0.0,0.0,0.0,1.0,0.003981355577707291,0.004133446142077446
test:375,Qwen3-8B,42,conflict,norm_matched,6,final,535,0.0,0.0,0.017133764922618866,0.028721841052174568,0.015380015596747398,0.0,0.0,1.0,0.0,1.0,0.0017537493258714676,-0.011588076129555702
test:1143,Qwen3-8B,42,conflict,norm_matched,6,final,119,0.0,0.0,0.05874623358249664,0.04428232088685036,0.04516950622200966,0.0,0.0,0.0,0.0,1.0,0.013576727360486984,0.014463912695646286
test:1882,Qwen3-8B,42,conflict,norm_matched,6,final,93,0.0,0.0,0.046296123415231705,0.03148554265499115,0.046210676431655884,0.0,0.0,0.0,0.0,1.0,8.544698357582092e-05,0.014810580760240555
test:404,Qwen3-8B,42,conflict,norm_matched,6,final,69,0.0,0.0,0.026991194114089012,0.02251308038830757,0.01676805689930916,0.0,0.0,1.0,0.0,1.0,0.010223137214779854,0.004478113725781441
test:2056,Qwen3-8B,42,conflict,norm_matched,6,final,193,0.0,0.0,0.046141818165779114,0.04749255254864693,0.040522560477256775,0.0,0.0,1.0,0.0,1.0,0.005619257688522339,-0.0013507343828678131
test:1331,Qwen3-8B,42,conflict,norm_matched,6,final,154,0.0,0.0,0.040484718978405,0.04757033288478851,0.03740161657333374,0.0,0.0,1.0,0.0,1.0,0.0030831024050712585,-0.007085613906383514
test:2255,Qwen3-8B,42,conflict,norm_matched,6,final,60,0.0,0.0,0.046700507402420044,0.05686546117067337,0.01667095348238945,0.0,0.0,1.0,0.0,1.0,0.030029553920030594,-0.010164953768253326
test:1122,Qwen3-8B,42,conflict,norm_matched,6,final,13,0.0,0.0,0.02613169699907303,0.03966135531663895,0.0426052063703537,0.0,0.0,0.0,0.0,0.0,-0.01647350937128067,-0.013529658317565918
test:1063,Qwen3-8B,42,conflict,norm_matched,6,final,451,0.0,0.0,0.0017252701800316572,-0.0016113753663375974,0.04708203673362732,0.0,0.0,0.0,0.0,0.0,-0.04535676655359566,0.0033366455463692546
test:1994,Qwen3-8B,42,conflict,norm_matched,6,final,196,0.0,0.0,0.0365249328315258,0.04459434747695923,0.04025927931070328,0.0,0.0,1.0,0.0,0.0,-0.003734346479177475,-0.008069414645433426
test:2291,Qwen3-8B,42,conflict,norm_matched,6,final,19,0.0,0.0,0.019314467906951904,0.034346360713243484,0.020998036488890648,0.0,0.0,1.0,0.0,0.0,-0.0016835685819387436,-0.01503189280629158
test:287,Qwen3-8B,42,conflict,norm_matched,6,final,122,0.0,0.0,0.042091965675354004,0.03991534188389778,0.020921975374221802,0.0,0.0,1.0,0.0,1.0,0.021169990301132202,0.0021766237914562225
test:1257,Qwen3-8B,42,conflict,norm_matched,6,final,44,0.0,0.0,0.051846083253622055,0.01725025475025177,0.01969827339053154,0.0,0.0,0.0,0.0,1.0,0.032147809863090515,0.034595828503370285
test:564,Qwen3-8B,42,conflict,norm_matched,6,final,121,0.0,0.0,0.024951865896582603,0.023504801094532013,0.02388399839401245,0.0,0.0,0.0,0.0,1.0,0.0010678675025701523,0.0014470648020505905
test:1836,Qwen3-8B,42,conflict,norm_matched,6,final,112,0.0,0.0,0.045440539717674255,0.04550032690167427,0.05053986236453056,0.0,0.0,0.0,0.0,0.0,-0.005099322646856308,-5.978718400001526e-05
test:1915,Qwen3-8B,42,conflict,norm_matched,6,final,214,0.0,0.0,0.06258042901754379,0.07186120748519897,0.003955898340791464,0.0,0.0,1.0,0.0,1.0,0.05862453067675233,-0.009280778467655182
test:444,Qwen3-8B,42,conflict,norm_matched,6,final,97,0.0,0.0,0.03309933841228485,0.03306221589446068,0.028683586046099663,0.0,0.0,1.0,0.0,1.0,0.004415752366185188,3.7122517824172974e-05
test:2176,Qwen3-8B,42,conflict,norm_matched,6,final,169,0.0,0.0,0.020950263366103172,0.01974206231534481,0.0195716954767704,0.0,0.0,1.0,0.0,1.0,0.0013785678893327713,0.0012082010507583618
test:2145,Qwen3-8B,42,conflict,norm_matched,6,final,429,0.0,0.0,0.01694031059741974,0.04416481405496597,0.011256142519414425,0.0,0.0,1.0,0.0,1.0,0.005684168078005314,-0.027224503457546234
test:1174,Qwen3-8B,42,conflict,norm_matched,6,final,157,0.0,0.0,0.029185166582465172,0.025878768414258957,0.026852566748857498,0.0,0.0,0.0,0.0,1.0,0.0023325998336076736,0.003306398168206215
test:1230,Qwen3-8B,42,conflict,norm_matched,6,final,141,0.0,0.0,0.03250450640916824,0.03193465247750282,0.02369409054517746,0.0,0.0,1.0,0.0,1.0,0.008810415863990784,0.0005698539316654205
test:1244,Qwen3-8B,42,conflict,norm_matched,6,final,90,0.0,0.0,0.03546987846493721,0.03441997617483139,0.013231064192950726,0.0,0.0,1.0,0.0,1.0,0.022238814271986485,0.0010499022901058197
test:606,Qwen3-8B,42,conflict,norm_matched,6,final,51,0.0,0.0,0.030814239755272865,0.01397697813808918,0.026154667139053345,0.0,0.0,0.0,0.0,1.0,0.004659572616219521,0.016837261617183685
test:304,Qwen3-8B,42,conflict,norm_matched,6,final,59,0.0,0.0,0.023479552939534187,0.02007032372057438,0.024206064641475677,0.0,0.0,0.0,0.0,0.0,-0.0007265117019414902,0.0034092292189598083
test:1390,Qwen3-8B,42,conflict,norm_matched,6,final,336,0.0,0.0,0.03251967206597328,0.030279211699962616,0.028438780456781387,0.0,0.0,1.0,0.0,1.0,0.0040808916091918945,0.002240460366010666
test:1729,Qwen3-8B,42,conflict,norm_matched,6,final,77,0.0,0.0,0.039171699434518814,0.040913715958595276,0.029674947261810303,0.0,0.0,1.0,0.0,1.0,0.009496752172708511,-0.0017420165240764618
test:1454,Qwen3-8B,42,conflict,norm_matched,6,final,49,0.0,0.0,0.04225889593362808,0.05050847679376602,0.06514164805412292,0.0,0.0,0.0,0.0,0.0,-0.022882752120494843,-0.00824958086013794
test:858,Qwen3-8B,42,conflict,norm_matched,6,final,39,0.0,0.0,0.057090338319540024,0.043654173612594604,0.0043746610172092915,0.0,0.0,1.0,0.0,1.0,0.05271567730233073,0.01343616470694542
test:771,Qwen3-8B,42,conflict,norm_matched,6,final,130,0.0,0.0,0.044730573892593384,0.04232069477438927,0.041723981499671936,0.0,0.0,1.0,0.0,1.0,0.0030065923929214478,0.002409879118204117
test:660,Qwen3-8B,42,conflict,norm_matched,6,final,184,0.0,0.0,0.022464217618107796,0.019490843638777733,0.022974591702222824,0.0,0.0,0.0,0.0,0.0,-0.0005103740841150284,0.002973373979330063
test:888,Qwen3-8B,42,conflict,norm_matched,6,final,284,0.0,0.0,0.0281149223446846,0.026331555098295212,0.023746054619550705,0.0,0.0,1.0,0.0,1.0,0.004368867725133896,0.001783367246389389
test:413,Qwen3-8B,42,conflict,norm_matched,6,final,525,0.0,0.0,0.02365162782371044,0.012767428532242775,0.03363896533846855,0.0,0.0,0.0,0.0,0.0,-0.00998733751475811,0.010884199291467667
test:130,Qwen3-8B,42,conflict,norm_matched,6,final,160,0.0,0.0,0.05977907031774521,0.06005735695362091,0.05849051475524902,0.0,0.0,1.0,0.0,1.0,0.0012885555624961853,-0.0002782866358757019
test:1147,Qwen3-8B,42,conflict,norm_matched,6,final,172,0.0,0.0,0.05918440595269203,0.03004199080169201,0.032993052154779434,0.0,0.0,0.0,0.0,1.0,0.026191353797912598,0.029142415151000023
test:42,Qwen3-8B,42,conflict,norm_matched,6,final,226,0.0,0.0,0.03428203985095024,0.01894097402691841,0.033976659178733826,0.0,0.0,0.0,0.0,1.0,0.0003053806722164154,0.01534106582403183
test:1114,Qwen3-8B,42,conflict,norm_matched,6,final,233,0.0,0.0,0.06678560376167297,0.06101126968860626,0.07082756608724594,0.0,0.0,0.0,0.0,0.0,-0.0040419623255729675,0.005774334073066711
test:1302,Qwen3-8B,42,conflict,norm_matched,6,final,165,0.0,0.0,0.03074176236987114,0.030513236299157143,0.02575266733765602,0.0,0.0,1.0,0.0,1.0,0.004989095032215118,0.0002285260707139969
test:662,Qwen3-8B,42,conflict,norm_matched,6,final,506,0.0,0.0,0.035553548485040665,0.03395037725567818,0.03360557556152344,0.0,0.0,1.0,0.0,1.0,0.0019479729235172272,0.0016031712293624878
test:705,Qwen3-8B,42,conflict,norm_matched,6,final,205,0.0,0.0,0.04406163468956947,0.0218490082770586,0.02958369441330433,0.0,0.0,0.0,0.0,1.0,0.014477940276265144,0.022212626412510872
test:1413,Qwen3-8B,42,conflict,norm_matched,6,final,158,0.0,0.0,0.039017029106616974,0.033864352852106094,0.028227176517248154,0.0,0.0,1.0,0.0,1.0,0.01078985258936882,0.0051526762545108795
test:940,Qwen3-8B,42,conflict,norm_matched,6,final,137,0.0,0.0,0.04191036522388458,0.046407997608184814,0.03615972399711609,0.0,0.0,1.0,0.0,1.0,0.005750641226768494,-0.004497632384300232
test:2162,Qwen3-8B,42,conflict,norm_matched,6,final,108,0.0,0.0,0.013195453211665154,0.012723518535494804,0.0001363348710583523,0.0,0.0,1.0,0.0,1.0,0.013059118340606801,0.0004719346761703491
test:51,Qwen3-8B,42,conflict,norm_matched,6,final,36,0.0,0.0,0.06898479163646698,0.06707655638456345,0.08768194168806076,0.0,0.0,0.0,0.0,0.0,-0.01869715005159378,0.001908235251903534
test:914,Qwen3-8B,42,conflict,norm_matched,6,final,760,0.0,0.0,0.020159970968961716,0.059278231114149094,-0.009016105905175209,0.0,0.0,1.0,0.0,1.0,0.029176076874136925,-0.03911826014518738
test:1558,Qwen3-8B,42,conflict,norm_matched,6,final,237,0.0,0.0,0.07105007022619247,0.059598345309495926,0.06346407532691956,0.0,0.0,0.0,0.0,1.0,0.007585994899272919,0.011451724916696548
test:351,Qwen3-8B,42,conflict,norm_matched,6,final,217,0.0,0.0,0.036104753613471985,0.020710501819849014,0.01681005023419857,0.0,0.0,1.0,0.0,1.0,0.019294703379273415,0.01539425179362297
test:1503,Qwen3-8B,42,conflict,norm_matched,6,final,174,0.0,0.0,0.045030977576971054,0.04475301131606102,0.032672520726919174,0.0,0.0,1.0,0.0,1.0,0.01235845685005188,0.0002779662609100342
test:1138,Qwen3-8B,42,conflict,norm_matched,6,final,30,0.0,0.0,0.02306147664785385,0.020270148292183876,0.011339778080582619,0.0,0.0,1.0,0.0,1.0,0.011721698567271233,0.0027913283556699753
test:1205,Qwen3-8B,42,conflict,norm_matched,6,final,97,0.0,0.0,0.037599965929985046,0.04802662879228592,-0.006557154934853315,0.0,0.0,1.0,0.0,1.0,0.04415712086483836,-0.010426662862300873
test:279,Qwen3-8B,42,conflict,norm_matched,6,final,1021,0.0,0.0,0.016918398439884186,0.029480241239070892,0.020731862634420395,0.0,0.0,1.0,0.0,0.0,-0.003813464194536209,-0.012561842799186707
test:1783,Qwen3-8B,42,conflict,norm_matched,6,final,470,0.0,0.0,0.00542200542986393,0.03455617278814316,0.007660418748855591,0.0,0.0,1.0,0.0,0.0,-0.002238413318991661,-0.029134167358279228
test:684,Qwen3-8B,42,conflict,norm_matched,6,final,71,0.0,0.0,0.04043601453304291,0.02408626303076744,0.04044317454099655,0.0,0.0,0.0,0.0,0.0,-7.160007953643799e-06,0.016349751502275467
test:158,Qwen3-8B,42,conflict,norm_matched,6,final,370,0.0,0.0,0.0531327947974205,0.04516735300421715,0.04767586290836334,0.0,0.0,0.0,0.0,1.0,0.005456931889057159,0.007965441793203354
test:295,Qwen3-8B,42,conflict,norm_matched,6,final,847,0.0,0.0,0.0193246528506279,0.0335477776825428,0.01442804466933012,0.0,0.0,1.0,0.0,1.0,0.004896608181297779,-0.014223124831914902
test:1988,Qwen3-8B,42,conflict,norm_matched,6,final,252,0.0,0.0,0.028576429933309555,0.027458572760224342,0.02487342618405819,0.0,0.0,1.0,0.0,1.0,0.0037030037492513657,0.0011178571730852127
test:1735,Qwen3-8B,42,conflict,norm_matched,6,final,115,0.0,0.0,0.03594375401735306,0.022884024307131767,0.015983950346708298,0.0,0.0,1.0,0.0,1.0,0.01995980367064476,0.01305972971022129
test:179,Qwen3-8B,42,conflict,norm_matched,6,final,26,0.0,0.0,0.05975588411092758,0.0593220479786396,0.0046952576376497746,0.0,0.0,1.0,0.0,1.0,0.05506062647327781,0.0004338361322879791
test:1458,Qwen3-8B,42,conflict,norm_matched,6,final,45,0.0,0.0,0.03628925606608391,0.03792406618595123,-0.013834042474627495,0.0,0.0,1.0,0.0,1.0,0.0501232985407114,-0.0016348101198673248
test:2202,Qwen3-8B,43,benign,norm_matched,6,final,5,0.0,0.0,0.018550893291831017,0.018550893291831017,0.023374482989311218,0.0,0.0,0.0,0.0,0.0,-0.004823589697480202,0.0
test:1068,Qwen3-8B,43,benign,norm_matched,6,final,15,0.0,0.0,0.042880911380052567,0.04208176210522652,0.04248104989528656,0.0,0.0,0.0,0.0,1.0,0.00039986148476600647,0.0007991492748260498
test:913,Qwen3-8B,43,benign,norm_matched,6,final,32,0.0,0.0,0.012498936615884304,0.016749488189816475,0.016704345121979713,0.0,0.0,1.0,0.0,0.0,-0.004205408506095409,-0.004250551573932171
test:1076,Qwen3-8B,43,benign,norm_matched,6,final,29,0.0,0.0,0.01281428150832653,0.03724002093076706,0.025824004784226418,0.0,0.0,1.0,0.0,0.0,-0.013009723275899887,-0.02442573942244053
test:563,Qwen3-8B,43,benign,norm_matched,6,final,27,0.0,0.0,0.014354297891259193,0.016066424548625946,0.02636353112757206,0.0,0.0,0.0,0.0,0.0,-0.012009233236312866,-0.0017121266573667526
test:463,Qwen3-8B,43,benign,norm_matched,6,final,31,0.0,0.0,0.016577215865254402,0.02182602882385254,0.01948607712984085,0.0,0.0,1.0,0.0,0.0,-0.0029088612645864487,-0.005248812958598137
test:1684,Qwen3-8B,43,benign,norm_matched,6,final,22,0.0,0.0,0.04642361029982567,0.036126960068941116,0.03402604162693024,0.0,0.0,1.0,0.0,1.0,0.012397568672895432,0.010296650230884552
test:2243,Qwen3-8B,43,benign,norm_matched,6,final,22,0.0,0.0,0.057403821498155594,0.04976780340075493,0.0423014871776104,0.0,0.0,1.0,0.0,1.0,0.015102334320545197,0.007636018097400665
test:1507,Qwen3-8B,43,benign,norm_matched,6,final,19,0.0,0.0,0.05695492774248123,0.06190505251288414,0.046463336795568466,0.0,0.0,1.0,0.0,1.0,0.010491590946912766,-0.004950124770402908
test:797,Qwen3-8B,43,benign,norm_matched,6,final,25,0.0,0.0,0.023542027920484543,0.029906777665019035,0.028807969763875008,0.0,0.0,1.0,0.0,0.0,-0.005265941843390465,-0.0063647497445344925
test:991,Qwen3-8B,43,benign,norm_matched,6,final,24,0.0,0.0,0.015434439294040203,0.030911728739738464,0.03192680701613426,0.0,0.0,0.0,0.0,0.0,-0.01649236772209406,-0.015477289445698261
test:109,Qwen3-8B,43,benign,norm_matched,6,final,34,0.0,0.0,0.0167606882750988,0.029563112184405327,0.01732722669839859,0.0,0.0,1.0,0.0,0.0,-0.0005665384232997894,-0.012802423909306526
test:1456,Qwen3-8B,43,benign,norm_matched,6,final,32,0.0,0.0,0.02053394541144371,0.0406775176525116,0.03568048030138016,0.0,0.0,1.0,0.0,0.0,-0.015146534889936447,-0.020143572241067886
test:1171,Qwen3-8B,43,benign,norm_matched,6,final,37,0.0,0.0,0.01916971430182457,0.02699217014014721,0.032836396247148514,0.0,0.0,0.0,0.0,0.0,-0.013666681945323944,-0.00782245583832264
test:1045,Qwen3-8B,43,benign,norm_matched,6,final,15,0.0,0.0,0.024897558614611626,0.04116295650601387,0.01616520620882511,0.0,0.0,1.0,0.0,1.0,0.008732352405786514,-0.016265397891402245
test:897,Qwen3-8B,43,benign,norm_matched,6,final,32,0.0,0.0,0.02375301904976368,0.03125502169132233,0.03049316257238388,0.0,0.0,1.0,0.0,0.0,-0.006740143522620201,-0.007502002641558647
test:427,Qwen3-8B,43,benign,norm_matched,6,final,20,0.0,0.0,0.023615224286913872,0.030951503664255142,0.03279354050755501,0.0,0.0,0.0,0.0,0.0,-0.009178316220641136,-0.0073362793773412704
test:536,Qwen3-8B,43,benign,norm_matched,6,final,15,0.0,0.0,0.03979601338505745,0.04030132666230202,0.024125711992383003,0.0,0.0,1.0,0.0,1.0,0.015670301392674446,-0.0005053132772445679
test:1556,Qwen3-8B,43,benign,norm_matched,6,final,4,0.0,0.0,0.025168973952531815,0.021890928968787193,0.031628306955099106,0.0,0.0,0.0,0.0,0.0,-0.006459333002567291,0.0032780449837446213
test:1638,Qwen3-8B,43,benign,norm_matched,6,final,35,0.0,0.0,0.00808645412325859,0.028568774461746216,0.025720244273543358,0.0,0.0,1.0,0.0,0.0,-0.017633790150284767,-0.020482320338487625
test:481,Qwen3-8B,43,benign,norm_matched,6,final,48,0.0,0.0,0.015030170790851116,0.030039548873901367,0.036054398864507675,0.0,0.0,0.0,0.0,0.0,-0.02102422807365656,-0.015009378083050251
test:640,Qwen3-8B,43,benign,norm_matched,6,final,33,0.0,0.0,0.015140400268137455,0.03218264877796173,0.02387271448969841,0.0,0.0,1.0,0.0,0.0,-0.008732314221560955,-0.017042248509824276
test:903,Qwen3-8B,43,benign,norm_matched,6,final,54,0.0,0.0,0.02107744850218296,0.026822740212082863,0.03154570981860161,0.0,0.0,0.0,0.0,0.0,-0.010468261316418648,-0.005745291709899902
test:466,Qwen3-8B,43,benign,norm_matched,6,final,19,0.0,0.0,0.030385831370949745,0.03662761300802231,0.03060600347816944,0.0,0.0,1.0,0.0,0.0,-0.00022017210721969604,-0.006241781637072563
test:787,Qwen3-8B,43,benign,norm_matched,6,final,38,0.0,0.0,0.044536519795656204,0.03477362170815468,0.022873124107718468,0.0,0.0,1.0,0.0,1.0,0.021663395687937737,0.009762898087501526
test:63,Qwen3-8B,43,benign,norm_matched,6,final,51,0.0,0.0,0.018356386572122574,0.047407366335392,0.02268475852906704,0.0,0.0,1.0,0.0,0.0,-0.004328371956944466,-0.029050979763269424
test:1639,Qwen3-8B,43,benign,norm_matched,6,final,34,0.0,0.0,0.007618409115821123,0.012345847673714161,0.01274794526398182,0.0,0.0,0.0,0.0,0.0,-0.005129536148160696,-0.004727438557893038
test:2265,Qwen3-8B,43,benign,norm_matched,6,final,49,0.0,0.0,0.014162695035338402,0.018142802640795708,0.02050267904996872,0.0,0.0,0.0,0.0,0.0,-0.006339984014630318,-0.003980107605457306
test:1745,Qwen3-8B,43,benign,norm_matched,6,final,49,0.0,0.0,0.019199026748538017,0.036397114396095276,0.036690980195999146,0.0,0.0,0.0,0.0,0.0,-0.017491953447461128,-0.01719808764755726
test:9,Qwen3-8B,43,benign,norm_matched,6,final,37,0.0,0.0,0.033105459064245224,0.08137275278568268,0.06592001020908356,0.0,0.0,1.0,0.0,0.0,-0.03281455114483833,-0.048267293721437454
test:1279,Qwen3-8B,43,benign,norm_matched,6,final,17,0.0,0.0,0.02321050688624382,0.03613991662859917,0.03790043666958809,0.0,0.0,0.0,0.0,0.0,-0.014689929783344269,-0.012929409742355347
test:576,Qwen3-8B,43,benign,norm_matched,6,final,44,0.0,0.0,0.043038997799158096,0.057423077523708344,0.04822539538145065,0.0,0.0,1.0,0.0,0.0,-0.005186397582292557,-0.014384079724550247
test:2207,Qwen3-8B,43,benign,norm_matched,6,final,59,0.0,0.0,0.023762507364153862,0.04054011404514313,0.038929570466279984,0.0,0.0,1.0,0.0,0.0,-0.015167063102126122,-0.016777606680989265
test:2168,Qwen3-8B,43,benign,norm_matched,6,final,33,0.0,0.0,0.040038954466581345,0.049067962914705276,0.02239176258444786,0.0,0.0,1.0,0.0,1.0,0.017647191882133484,-0.009029008448123932
test:805,Qwen3-8B,43,benign,norm_matched,6,final,58,0.0,0.0,0.04483290761709213,0.07015776634216309,0.03743727505207062,0.0,0.0,1.0,0.0,1.0,0.007395632565021515,-0.025324858725070953
test:1197,Qwen3-8B,43,benign,norm_matched,6,final,27,0.0,0.0,0.017939409241080284,0.023731593042612076,0.021593812853097916,0.0,0.0,1.0,0.0,0.0,-0.0036544036120176315,-0.005792183801531792
test:364,Qwen3-8B,43,benign,norm_matched,6,final,33,0.0,0.0,0.04835056886076927,0.031096089631319046,0.04715454950928688,0.0,0.0,0.0,0.0,1.0,0.0011960193514823914,0.017254479229450226
test:1644,Qwen3-8B,43,benign,norm_matched,6,final,64,0.0,0.0,0.027178335934877396,0.03148322552442551,0.03970971331000328,0.0,0.0,0.0,0.0,0.0,-0.012531377375125885,-0.004304889589548111
test:91,Qwen3-8B,43,benign,norm_matched,6,final,64,0.0,0.0,0.03854949772357941,0.04608168452978134,0.061679743230342865,0.0,0.0,0.0,0.0,0.0,-0.023130245506763458,-0.007532186806201935
test:328,Qwen3-8B,43,benign,norm_matched,6,final,55,0.0,0.0,0.021794937551021576,0.03176862373948097,0.02254372276365757,0.0,0.0,1.0,0.0,0.0,-0.000748785212635994,-0.009973686188459396
test:205,Qwen3-8B,43,benign,norm_matched,6,final,62,0.0,0.0,0.03074794076383114,0.045384448021650314,0.03670845180749893,0.0,0.0,1.0,0.0,0.0,-0.005960511043667793,-0.014636507257819176
test:1797,Qwen3-8B,43,benign,norm_matched,6,final,56,0.0,0.0,0.022122757509350777,0.026317769661545753,0.02208745665848255,0.0,0.0,1.0,0.0,1.0,3.53008508682251e-05,-0.004195012152194977
test:1072,Qwen3-8B,43,benign,norm_matched,6,final,53,0.0,0.0,0.053771939128637314,0.041201069951057434,0.01803530752658844,0.0,0.0,1.0,0.0,1.0,0.035736631602048874,0.01257086917757988
test:1445,Qwen3-8B,43,benign,norm_matched,6,final,65,0.0,0.0,0.04573114216327667,0.07220671325922012,0.06581086665391922,0.0,0.0,1.0,0.0,0.0,-0.020079724490642548,-0.02647557109594345
test:630,Qwen3-8B,43,benign,norm_matched,6,final,31,0.0,0.0,0.08354523032903671,0.04052482172846794,0.03396992012858391,0.0,0.0,1.0,0.0,1.0,0.049575310200452805,0.04302040860056877
test:1252,Qwen3-8B,43,benign,norm_matched,6,final,4,0.0,0.0,0.038038965314626694,0.024492505937814713,0.039362430572509766,0.0,0.0,0.0,0.0,0.0,-0.001323465257883072,0.013546459376811981
test:1721,Qwen3-8B,43,benign,norm_matched,6,final,47,0.0,0.0,0.017759492620825768,0.02210959792137146,0.020747873932123184,0.0,0.0,1.0,0.0,0.0,-0.0029883813112974167,-0.0043501053005456924
test:236,Qwen3-8B,43,benign,norm_matched,6,final,37,0.0,0.0,0.06459437310695648,0.05651416257023811,0.05529411882162094,0.0,0.0,1.0,0.0,1.0,0.00930025428533554,0.008080210536718369
test:612,Qwen3-8B,43,benign,norm_matched,6,final,42,0.0,0.0,0.022561730816960335,0.023135440424084663,0.025180598720908165,0.0,0.0,0.0,0.0,0.0,-0.00261886790394783,-0.0005737096071243286
test:354,Qwen3-8B,43,benign,norm_matched,6,final,66,0.0,0.0,0.029532823711633682,0.05962434783577919,0.04777444154024124,0.0,0.0,1.0,0.0,0.0,-0.01824161782860756,-0.030091524124145508
test:2047,Qwen3-8B,43,benign,norm_matched,6,final,43,0.0,0.0,0.03468099609017372,0.03559940308332443,0.029182162135839462,0.0,0.0,1.0,0.0,1.0,0.005498833954334259,-0.0009184069931507111
test:1687,Qwen3-8B,43,benign,norm_matched,6,final,41,0.0,0.0,0.020055575296282768,0.02209591306746006,0.023016884922981262,0.0,0.0,0.0,0.0,0.0,-0.002961309626698494,-0.002040337771177292
test:1787,Qwen3-8B,43,benign,norm_matched,6,final,73,0.0,0.0,0.023658301681280136,0.03150687366724014,0.040028899908065796,0.0,0.0,0.0,0.0,0.0,-0.01637059822678566,-0.007848571985960007
test:896,Qwen3-8B,43,benign,norm_matched,6,final,41,0.0,0.0,0.06776174902915955,0.04505109041929245,0.07029420137405396,0.0,0.0,0.0,0.0,0.0,-0.002532452344894409,0.022710658609867096
test:1282,Qwen3-8B,43,benign,norm_matched,6,final,37,0.0,0.0,0.026102030649781227,0.032222773879766464,0.027866756543517113,0.0,0.0,1.0,0.0,0.0,-0.0017647258937358856,-0.006120743229985237
test:1036,Qwen3-8B,43,benign,norm_matched,6,final,50,0.0,0.0,0.007387315854430199,0.017479710280895233,0.015866074711084366,0.0,0.0,1.0,0.0,0.0,-0.008478758856654167,-0.010092394426465034
test:2230,Qwen3-8B,43,benign,norm_matched,6,final,68,0.0,0.0,0.03361942619085312,0.041089288890361786,0.046100202947854996,0.0,0.0,0.0,0.0,0.0,-0.012480776757001877,-0.007469862699508667
test:376,Qwen3-8B,43,benign,norm_matched,6,final,26,0.0,0.0,0.06638564169406891,0.05307251587510109,0.04932393878698349,0.0,0.0,1.0,0.0,1.0,0.01706170290708542,0.01331312581896782
test:1544,Qwen3-8B,43,benign,norm_matched,6,final,56,0.0,0.0,0.021904049441218376,0.030310029163956642,0.027767017483711243,0.0,0.0,1.0,0.0,0.0,-0.0058629680424928665,-0.008405979722738266
test:863,Qwen3-8B,43,benign,norm_matched,6,final,78,0.0,0.0,0.03223827853798866,0.04058244824409485,0.039898648858070374,0.0,0.0,1.0,0.0,0.0,-0.007660370320081711,-0.008344169706106186
test:2292,Qwen3-8B,43,benign,norm_matched,6,final,80,0.0,0.0,0.017016643658280373,0.010466779582202435,0.01677709072828293,0.0,0.0,0.0,0.0,1.0,0.00023955292999744415,0.006549864076077938
test:392,Qwen3-8B,43,benign,norm_matched,6,final,63,0.0,0.0,0.018868859857320786,0.02213100716471672,0.028466351330280304,0.0,0.0,0.0,0.0,0.0,-0.009597491472959518,-0.003262147307395935
test:1675,Qwen3-8B,43,benign,norm_matched,6,final,60,0.0,0.0,0.015400990843772888,0.023272579535841942,0.021734239533543587,0.0,0.0,1.0,0.0,0.0,-0.0063332486897706985,-0.007871588692069054
test:1718,Qwen3-8B,43,benign,norm_matched,6,final,40,0.0,0.0,0.04676787555217743,0.042125359177589417,0.04166904091835022,0.0,0.0,1.0,0.0,1.0,0.0050988346338272095,0.004642516374588013
test:1150,Qwen3-8B,43,benign,norm_matched,6,final,71,0.0,0.0,0.009581106714904308,0.014053578488528728,0.010610914789140224,0.0,0.0,1.0,0.0,0.0,-0.0010298080742359161,-0.00447247177362442
test:1659,Qwen3-8B,43,benign,norm_matched,6,final,38,0.0,0.0,0.030385581776499748,0.01894564926624298,0.018922319635748863,0.0,0.0,1.0,0.0,1.0,0.011463262140750885,0.011439932510256767
test:1213,Qwen3-8B,43,benign,norm_matched,6,final,45,0.0,0.0,0.00858314335346222,0.04359908401966095,0.02489594556391239,0.0,0.0,1.0,0.0,0.0,-0.016312802210450172,-0.03501594066619873
test:1037,Qwen3-8B,43,benign,norm_matched,6,final,34,0.0,0.0,0.05371028184890747,0.02336476929485798,0.013749729841947556,0.0,0.0,1.0,0.0,1.0,0.039960552006959915,0.030345512554049492
test:1201,Qwen3-8B,43,benign,norm_matched,6,final,73,0.0,0.0,0.025541452690958977,0.04780704155564308,0.03591059148311615,0.0,0.0,1.0,0.0,0.0,-0.010369138792157173,-0.022265588864684105
test:1093,Qwen3-8B,43,benign,norm_matched,6,final,75,0.0,0.0,0.021790899336338043,0.04129748046398163,0.030604345723986626,0.0,0.0,1.0,0.0,0.0,-0.008813446387648582,-0.019506581127643585
test:37,Qwen3-8B,43,benign,norm_matched,6,final,60,0.0,0.0,0.022726070135831833,0.07070042192935944,0.040690869092941284,0.0,0.0,1.0,0.0,0.0,-0.01796479895710945,-0.0479743517935276
test:785,Qwen3-8B,43,benign,norm_matched,6,final,44,0.0,0.0,0.042432885617017746,0.042697418481111526,0.04079759865999222,0.0,0.0,1.0,0.0,1.0,0.001635286957025528,-0.0002645328640937805
test:1842,Qwen3-8B,43,benign,norm_matched,6,final,67,0.0,0.0,0.03331046178936958,0.04115334525704384,0.03280927240848541,0.0,0.0,1.0,0.0,1.0,0.0005011893808841705,-0.007842883467674255
test:1860,Qwen3-8B,43,benign,norm_matched,6,final,92,0.0,0.0,0.014560761861503124,0.019270537421107292,0.009800916537642479,0.0,0.0,1.0,0.0,1.0,0.004759845323860645,-0.004709775559604168
test:963,Qwen3-8B,43,benign,norm_matched,6,final,92,0.0,0.0,0.02209017425775528,0.06303268671035767,0.025236312299966812,0.0,0.0,1.0,0.0,0.0,-0.0031461380422115326,-0.040942512452602386
test:827,Qwen3-8B,43,benign,norm_matched,6,final,43,0.0,0.0,0.028926609084010124,0.028239857405424118,0.02743643708527088,0.0,0.0,1.0,0.0,1.0,0.0014901719987392426,0.0006867516785860062
test:17,Qwen3-8B,43,benign,norm_matched,6,final,92,0.0,0.0,0.023456133902072906,0.031544994562864304,0.047630295157432556,0.0,0.0,0.0,0.0,0.0,-0.02417416125535965,-0.008088860660791397
test:1937,Qwen3-8B,43,benign,norm_matched,6,final,32,0.0,0.0,0.045923490077257156,0.03694571182131767,0.03979525342583656,0.0,0.0,0.0,0.0,1.0,0.006128236651420593,0.008977778255939484
test:765,Qwen3-8B,43,benign,norm_matched,6,final,91,0.0,0.0,0.036224495619535446,0.05672203004360199,0.048937827348709106,0.0,0.0,1.0,0.0,0.0,-0.01271333172917366,-0.020497534424066544
test:2008,Qwen3-8B,43,benign,norm_matched,6,final,95,0.0,0.0,0.02305365912616253,0.036794260144233704,0.04102177545428276,0.0,0.0,0.0,0.0,0.0,-0.01796811632812023,-0.013740601018071175
test:520,Qwen3-8B,43,benign,norm_matched,6,final,63,0.0,0.0,0.042609650641679764,0.04351745918393135,0.03401812165975571,0.0,0.0,1.0,0.0,1.0,0.008591528981924057,-0.0009078085422515869
test:1124,Qwen3-8B,43,benign,norm_matched,6,final,90,0.0,0.0,0.017903419211506844,0.016539668664336205,0.015536499209702015,0.0,0.0,1.0,0.0,1.0,0.0023669200018048286,0.001363750547170639
test:459,Qwen3-8B,43,benign,norm_matched,6,final,100,0.0,0.0,0.021783839911222458,0.030198542401194572,0.02923225238919258,0.0,0.0,1.0,0.0,0.0,-0.007448412477970123,-0.008414702489972115
test:177,Qwen3-8B,43,benign,norm_matched,6,final,59,0.0,0.0,0.023915762081742287,0.026380395516753197,0.024590233340859413,0.0,0.0,1.0,0.0,0.0,-0.0006744712591171265,-0.00246463343501091
test:192,Qwen3-8B,43,benign,norm_matched,6,final,109,0.0,0.0,0.035499125719070435,0.03440627083182335,0.04298889636993408,0.0,0.0,0.0,0.0,0.0,-0.0074897706508636475,0.0010928548872470856
test:2160,Qwen3-8B,43,benign,norm_matched,6,final,55,0.0,0.0,0.015595482662320137,0.03798448294401169,0.031420327723026276,0.0,0.0,1.0,0.0,0.0,-0.01582484506070614,-0.02238900028169155
test:1617,Qwen3-8B,43,benign,norm_matched,6,final,107,0.0,0.0,0.016033580526709557,0.016930945217609406,0.012295149266719818,0.0,0.0,1.0,0.0,1.0,0.0037384312599897385,-0.0008973646908998489
test:100,Qwen3-8B,43,benign,norm_matched,6,final,60,0.0,0.0,0.023300182074308395,0.042587798088788986,0.037534233182668686,0.0,0.0,1.0,0.0,0.0,-0.01423405110836029,-0.01928761601448059
test:693,Qwen3-8B,43,benign,norm_matched,6,final,109,0.0,0.0,0.017659097909927368,0.03292861953377724,0.030070835724473,0.0,0.0,1.0,0.0,0.0,-0.012411737814545631,-0.015269521623849869
test:195,Qwen3-8B,43,benign,norm_matched,6,final,53,0.0,0.0,0.014974027872085571,0.015635831281542778,0.01548827439546585,0.0,0.0,1.0,0.0,0.0,-0.0005142465233802795,-0.0006618034094572067
test:114,Qwen3-8B,43,benign,norm_matched,6,final,42,0.0,0.0,0.03653910756111145,0.03163721412420273,0.031230786815285683,0.0,0.0,1.0,0.0,1.0,0.0053083207458257675,0.004901893436908722
test:2205,Qwen3-8B,43,benign,norm_matched,6,final,103,0.0,0.0,0.03428167104721069,0.036767035722732544,0.040840502828359604,0.0,0.0,0.0,0.0,0.0,-0.0065588317811489105,-0.0024853646755218506
test:1380,Qwen3-8B,43,benign,norm_matched,6,final,101,0.0,0.0,0.024653630331158638,0.04202079400420189,0.04231655225157738,0.0,0.0,0.0,0.0,0.0,-0.01766292192041874,-0.01736716367304325
test:668,Qwen3-8B,43,benign,norm_matched,6,final,32,0.0,0.0,0.02776475064456463,0.024495305493474007,0.015869541093707085,0.0,0.0,1.0,0.0,1.0,0.011895209550857544,0.003269445151090622
test:874,Qwen3-8B,43,benign,norm_matched,6,final,76,0.0,0.0,0.03433987498283386,0.05121135711669922,0.043307073414325714,0.0,0.0,1.0,0.0,0.0,-0.008967198431491852,-0.016871482133865356
test:1824,Qwen3-8B,43,benign,norm_matched,6,final,92,0.0,0.0,0.026084374636411667,0.030458109453320503,0.01124571356922388,0.0,0.0,1.0,0.0,1.0,0.014838661067187786,-0.004373734816908836
test:1248,Qwen3-8B,43,benign,norm_matched,6,final,62,0.0,0.0,0.07152903825044632,0.045304179191589355,0.0015171492705121636,0.0,0.0,1.0,0.0,1.0,0.07001188897993416,0.026224859058856964
test:714,Qwen3-8B,43,benign,norm_matched,6,final,27,0.0,0.0,0.03151862323284149,0.04728521406650543,0.03592139109969139,0.0,0.0,1.0,0.0,0.0,-0.004402767866849899,-0.01576659083366394
test:133,Qwen3-8B,43,benign,norm_matched,6,final,43,0.0,0.0,0.006822829134762287,0.01749473065137863,0.013299395330250263,0.0,0.0,1.0,0.0,0.0,-0.006476566195487976,-0.010671901516616344
test:162,Qwen3-8B,43,benign,norm_matched,6,final,115,0.0,0.0,0.037596993148326874,0.038535457104444504,0.03981546312570572,0.0,0.0,0.0,0.0,0.0,-0.002218469977378845,-0.00093846395611763
test:2079,Qwen3-8B,43,benign,norm_matched,6,final,40,0.0,0.0,0.012696389108896255,0.021732566878199577,0.019817078486084938,0.0,0.0,1.0,0.0,0.0,-0.0071206893771886826,-0.009036177769303322
test:1795,Qwen3-8B,43,benign,norm_matched,6,final,50,0.0,0.0,0.03236912563443184,0.03709864988923073,0.026917263865470886,0.0,0.0,1.0,0.0,1.0,0.005451861768960953,-0.004729524254798889
test:1760,Qwen3-8B,43,benign,norm_matched,6,final,89,0.0,0.0,0.021938256919384003,0.01980210654437542,0.02094239741563797,0.0,0.0,0.0,0.0,1.0,0.0009958595037460327,0.002136150375008583
test:1424,Qwen3-8B,43,benign,norm_matched,6,final,3,0.0,0.0,0.02816917933523655,0.03208855912089348,0.023851264268159866,0.0,0.0,1.0,0.0,1.0,0.004317915067076683,-0.003919379785656929
test:62,Qwen3-8B,43,benign,norm_matched,6,final,121,0.0,0.0,0.025346074253320694,0.03568577021360397,0.018724555149674416,0.0,0.0,1.0,0.0,1.0,0.006621519103646278,-0.01033969596028328
test:522,Qwen3-8B,43,benign,norm_matched,6,final,39,0.0,0.0,0.0546262301504612,0.05341830104589462,0.04647373780608177,0.0,0.0,1.0,0.0,1.0,0.008152492344379425,0.001207929104566574
test:1227,Qwen3-8B,43,benign,norm_matched,6,final,47,0.0,0.0,0.044897012412548065,0.04681151360273361,0.04481379687786102,0.0,0.0,1.0,0.0,1.0,8.321553468704224e-05,-0.0019145011901855469
test:397,Qwen3-8B,43,benign,norm_matched,6,final,94,0.0,0.0,0.017064055427908897,0.01863616146147251,0.015454663895070553,0.0,0.0,1.0,0.0,1.0,0.0016093915328383446,-0.001572106033563614
test:374,Qwen3-8B,43,benign,norm_matched,6,final,123,0.0,0.0,0.020417945459485054,0.027998296543955803,0.03173096477985382,0.0,0.0,0.0,0.0,0.0,-0.011313019320368767,-0.007580351084470749
test:1078,Qwen3-8B,43,benign,norm_matched,6,final,108,0.0,0.0,0.027786631137132645,0.029466120526194572,0.03451651334762573,0.0,0.0,0.0,0.0,0.0,-0.006729882210493088,-0.0016794893890619278
test:1664,Qwen3-8B,43,benign,norm_matched,6,final,55,0.0,0.0,0.042318832129240036,0.03640042245388031,0.029690224677324295,0.0,0.0,1.0,0.0,1.0,0.012628607451915741,0.005918409675359726
test:1818,Qwen3-8B,43,benign,norm_matched,6,final,58,0.0,0.0,0.04151388630270958,0.039484765380620956,0.03346621245145798,0.0,0.0,1.0,0.0,1.0,0.008047673851251602,0.002029120922088623
test:1246,Qwen3-8B,43,benign,norm_matched,6,final,102,0.0,0.0,0.04090554267168045,0.044632624834775925,0.050974033772945404,0.0,0.0,0.0,0.0,0.0,-0.010068491101264954,-0.0037270821630954742
test:1887,Qwen3-8B,43,benign,norm_matched,6,final,38,0.0,0.0,0.02085673063993454,0.01646612584590912,0.019997280091047287,0.0,0.0,0.0,0.0,1.0,0.0008594505488872528,0.004390604794025421
test:1623,Qwen3-8B,43,benign,norm_matched,6,final,50,0.0,0.0,0.045076869428157806,0.02869616448879242,0.031508032232522964,0.0,0.0,0.0,0.0,1.0,0.013568837195634842,0.016380704939365387
test:196,Qwen3-8B,43,benign,norm_matched,6,final,128,0.0,0.0,0.03804297745227814,0.04744129627943039,0.050325408577919006,0.0,0.0,0.0,0.0,0.0,-0.01228243112564087,-0.009398318827152252
test:1899,Qwen3-8B,43,benign,norm_matched,6,final,76,0.0,0.0,0.030268289148807526,0.022008487954735756,0.021332111209630966,0.0,0.0,1.0,0.0,1.0,0.00893617793917656,0.00825980119407177
test:1208,Qwen3-8B,43,benign,norm_matched,6,final,61,0.0,0.0,0.03194529935717583,0.033550016582012177,0.029105059802532196,0.0,0.0,1.0,0.0,1.0,0.002840239554643631,-0.0016047172248363495
test:1441,Qwen3-8B,43,benign,norm_matched,6,final,38,0.0,0.0,0.06633757054805756,0.05181339383125305,0.021747170016169548,0.0,0.0,1.0,0.0,1.0,0.04459040053188801,0.014524176716804504
test:1102,Qwen3-8B,43,benign,norm_matched,6,final,127,0.0,0.0,0.04279870539903641,0.04104384034872055,0.0398552305996418,0.0,0.0,1.0,0.0,1.0,0.0029434747993946075,0.001754865050315857
test:76,Qwen3-8B,43,benign,norm_matched,6,final,119,0.0,0.0,0.01781892590224743,0.027228238061070442,0.016986127942800522,0.0,0.0,1.0,0.0,1.0,0.000832797959446907,-0.009409312158823013
test:1855,Qwen3-8B,43,benign,norm_matched,6,final,10,0.0,0.0,0.05406617745757103,0.035768069326877594,0.04020359367132187,0.0,0.0,0.0,0.0,1.0,0.01386258378624916,0.018298108130693436
test:1652,Qwen3-8B,43,benign,norm_matched,6,final,10,0.0,0.0,0.05672547593712807,0.04584162309765816,0.049088094383478165,0.0,0.0,0.0,0.0,1.0,0.007637381553649902,0.01088385283946991
test:355,Qwen3-8B,43,benign,norm_matched,6,final,9,0.0,0.0,0.04204268753528595,0.020613476634025574,0.019033605232834816,0.0,0.0,1.0,0.0,1.0,0.023009082302451134,0.021429210901260376
test:2144,Qwen3-8B,43,benign,norm_matched,6,final,117,0.0,0.0,0.020693253725767136,0.031340133398771286,0.019333908334374428,0.0,0.0,1.0,0.0,1.0,0.0013593453913927078,-0.01064687967300415
test:210,Qwen3-8B,43,benign,norm_matched,6,final,108,0.0,0.0,0.027695631608366966,0.02434711530804634,0.023544324561953545,0.0,0.0,1.0,0.0,1.0,0.004151307046413422,0.0033485163003206253
test:1713,Qwen3-8B,43,benign,norm_matched,6,final,54,0.0,0.0,0.031764645129442215,0.02339143492281437,0.0362585186958313,0.0,0.0,0.0,0.0,0.0,-0.004493873566389084,0.008373210206627846
test:1574,Qwen3-8B,43,benign,norm_matched,6,final,139,0.0,0.0,0.03337319940328598,0.027601858600974083,0.04280906170606613,0.0,0.0,0.0,0.0,0.0,-0.009435862302780151,0.005771340802311897
test:1488,Qwen3-8B,43,benign,norm_matched,6,final,82,0.0,0.0,0.023285025730729103,0.020287062972784042,0.02763660065829754,0.0,0.0,0.0,0.0,0.0,-0.004351574927568436,0.0029979627579450607
test:1868,Qwen3-8B,43,benign,norm_matched,6,final,42,0.0,0.0,0.026715761050581932,0.021604401990771294,0.02594667673110962,0.0,0.0,0.0,0.0,1.0,0.0007690843194723129,0.005111359059810638
test:2233,Qwen3-8B,43,benign,norm_matched,6,final,94,0.0,0.0,0.039320722222328186,0.05528062582015991,0.07279399782419205,0.0,0.0,0.0,0.0,0.0,-0.03347327560186386,-0.015959903597831726
test:692,Qwen3-8B,43,benign,norm_matched,6,final,42,0.0,0.0,0.0071092210710048676,0.03745220601558685,0.03848736733198166,0.0,0.0,0.0,0.0,0.0,-0.03137814626097679,-0.030342984944581985
test:1732,Qwen3-8B,43,benign,norm_matched,6,final,60,0.0,0.0,0.05904914066195488,0.060607343912124634,0.03425855562090874,0.0,0.0,1.0,0.0,1.0,0.024790585041046143,-0.001558203250169754
test:1002,Qwen3-8B,43,benign,norm_matched,6,final,22,0.0,0.0,0.029246672987937927,0.012768340297043324,0.03668024390935898,0.0,0.0,0.0,0.0,0.0,-0.007433570921421051,0.016478332690894604
test:1607,Qwen3-8B,43,benign,norm_matched,6,final,169,0.0,0.0,0.021216265857219696,0.010678359307348728,0.014076083898544312,0.0,0.0,0.0,0.0,1.0,0.0071401819586753845,0.010537906549870968
test:1123,Qwen3-8B,43,benign,norm_matched,6,final,110,0.0,0.0,0.020220478996634483,0.026326632127165794,0.022154562175273895,0.0,0.0,1.0,0.0,0.0,-0.001934083178639412,-0.006106153130531311
test:120,Qwen3-8B,43,benign,norm_matched,6,final,166,0.0,0.0,0.03784112259745598,0.04425707831978798,0.0493888333439827,0.0,0.0,0.0,0.0,0.0,-0.011547710746526718,-0.006415955722332001
test:652,Qwen3-8B,43,benign,norm_matched,6,final,15,0.0,0.0,0.03467874974012375,0.028437476605176926,0.03517518192529678,0.0,0.0,0.0,0.0,0.0,-0.0004964321851730347,0.006241273134946823
test:850,Qwen3-8B,43,benign,norm_matched,6,final,119,0.0,0.0,0.03589958697557449,0.031679730862379074,0.036088570952415466,0.0,0.0,0.0,0.0,0.0,-0.0001889839768409729,0.004219856113195419
test:1633,Qwen3-8B,43,benign,norm_matched,6,final,135,0.0,0.0,0.020654339343309402,0.030375860631465912,0.03204607963562012,0.0,0.0,0.0,0.0,0.0,-0.011391740292310715,-0.00972152128815651
test:1126,Qwen3-8B,43,benign,norm_matched,6,final,12,0.0,0.0,0.09119632840156555,0.06772703677415848,0.05800674483180046,0.0,0.0,1.0,0.0,1.0,0.03318958356976509,0.023469291627407074
test:2130,Qwen3-8B,43,benign,norm_matched,6,final,124,0.0,0.0,0.043049294501543045,0.02573155239224434,0.026581326499581337,0.0,0.0,0.0,0.0,1.0,0.016467968001961708,0.017317742109298706
test:1982,Qwen3-8B,43,benign,norm_matched,6,final,168,0.0,0.0,0.007983401417732239,0.015600311569869518,0.015360087156295776,0.0,0.0,1.0,0.0,0.0,-0.007376685738563538,-0.0076169101521372795
test:941,Qwen3-8B,43,benign,norm_matched,6,final,125,0.0,0.0,0.030012499541044235,0.02343733049929142,0.05888930708169937,0.0,0.0,0.0,0.0,0.0,-0.028876807540655136,0.006575169041752815
test:1038,Qwen3-8B,43,benign,norm_matched,6,final,62,0.0,0.0,0.02991674654185772,0.024641022086143494,0.02725192718207836,0.0,0.0,0.0,0.0,1.0,0.002664819359779358,0.005275724455714226
test:359,Qwen3-8B,43,benign,norm_matched,6,final,144,0.0,0.0,0.014225561171770096,0.03133486211299896,0.03780696541070938,0.0,0.0,0.0,0.0,0.0,-0.023581404238939285,-0.017109300941228867
test:1015,Qwen3-8B,43,benign,norm_matched,6,final,55,0.0,0.0,0.025055203586816788,0.026449380442500114,0.029796099290251732,0.0,0.0,0.0,0.0,0.0,-0.004740895703434944,-0.0013941768556833267
test:680,Qwen3-8B,43,benign,norm_matched,6,final,124,0.0,0.0,0.02512563019990921,0.02218613773584366,0.0185347069054842,0.0,0.0,1.0,0.0,1.0,0.006590923294425011,0.0029394924640655518
test:1240,Qwen3-8B,43,benign,norm_matched,6,final,161,0.0,0.0,0.023760905489325523,0.043346717953681946,0.04200941324234009,0.0,0.0,1.0,0.0,0.0,-0.018248507753014565,-0.019585812464356422
test:1330,Qwen3-8B,43,benign,norm_matched,6,final,25,0.0,0.0,0.03945009037852287,0.03229430317878723,0.028479333966970444,0.0,0.0,1.0,0.0,1.0,0.01097075641155243,0.0071557871997356415
test:544,Qwen3-8B,43,benign,norm_matched,6,final,29,0.0,0.0,0.03674807772040367,0.039825282990932465,0.03886754438281059,0.0,0.0,1.0,0.0,0.0,-0.0021194666624069214,-0.0030772052705287933
test:695,Qwen3-8B,43,benign,norm_matched,6,final,169,0.0,0.0,0.034514930099248886,0.03462814912199974,0.02871314063668251,0.0,0.0,1.0,0.0,1.0,0.005801789462566376,-0.00011321902275085449
test:1019,Qwen3-8B,43,benign,norm_matched,6,final,173,0.0,0.0,0.02434549294412136,0.030834488570690155,0.0304853692650795,0.0,0.0,1.0,0.0,0.0,-0.0061398763209581375,-0.006488995626568794
test:2172,Qwen3-8B,43,benign,norm_matched,6,final,93,0.0,0.0,0.06489183008670807,0.08633050322532654,0.06197468191385269,0.0,0.0,1.0,0.0,1.0,0.002917148172855377,-0.02143867313861847
test:446,Qwen3-8B,43,benign,norm_matched,6,final,51,0.0,0.0,0.04452973231673241,0.018311403691768646,0.0513102151453495,0.0,0.0,0.0,0.0,0.0,-0.006780482828617096,0.02621832862496376
test:7,Qwen3-8B,43,benign,norm_matched,6,final,73,0.0,0.0,0.0102564487606287,0.014029642567038536,0.015029540285468102,0.0,0.0,0.0,0.0,0.0,-0.004773091524839401,-0.003773193806409836
test:1589,Qwen3-8B,43,benign,norm_matched,6,final,15,0.0,0.0,0.0321451798081398,0.03172814100980759,0.029096750542521477,0.0,0.0,1.0,0.0,1.0,0.0030484292656183243,0.00041703879833221436
test:1087,Qwen3-8B,43,benign,norm_matched,6,final,50,0.0,0.0,0.05195391923189163,0.05046980828046799,0.0521598719060421,0.0,0.0,0.0,0.0,0.0,-0.00020595267415046692,0.001484110951423645
test:603,Qwen3-8B,43,benign,norm_matched,6,final,148,0.0,0.0,0.007644687779247761,0.017806386575102806,0.026213843375444412,0.0,0.0,0.0,0.0,0.0,-0.01856915559619665,-0.010161698795855045
test:1608,Qwen3-8B,43,benign,norm_matched,6,final,168,0.0,0.0,0.026594253256917,0.031852301210165024,0.02368340641260147,0.0,0.0,1.0,0.0,1.0,0.002910846844315529,-0.005258047953248024
test:774,Qwen3-8B,43,benign,norm_matched,6,final,72,0.0,0.0,0.01572718657553196,0.02276451140642166,0.022209906950592995,0.0,0.0,1.0,0.0,0.0,-0.006482720375061035,-0.007037324830889702
test:1996,Qwen3-8B,43,benign,norm_matched,6,final,195,0.0,0.0,0.03944108262658119,0.035277266055345535,0.02914772927761078,0.0,0.0,1.0,0.0,1.0,0.010293353348970413,0.004163816571235657
test:2221,Qwen3-8B,43,benign,norm_matched,6,final,67,0.0,0.0,0.04208442568778992,0.034367885440588,0.04109180346131325,0.0,0.0,0.0,0.0,1.0,0.0009926222264766693,0.0077165402472019196
test:1313,Qwen3-8B,43,benign,norm_matched,6,final,171,0.0,0.0,0.01587861403822899,0.043404094874858856,0.0364898256957531,0.0,0.0,1.0,0.0,0.0,-0.02061121165752411,-0.027525480836629868
test:1515,Qwen3-8B,43,benign,norm_matched,6,final,90,0.0,0.0,0.02983345091342926,0.030419640243053436,0.03410397842526436,0.0,0.0,0.0,0.0,0.0,-0.004270527511835098,-0.000586189329624176
test:1418,Qwen3-8B,43,benign,norm_matched,6,final,165,0.0,0.0,0.015611514449119568,0.03530656173825264,0.033098701387643814,0.0,0.0,1.0,0.0,0.0,-0.017487186938524246,-0.019695047289133072
test:999,Qwen3-8B,43,benign,norm_matched,6,final,164,0.0,0.0,0.019017135724425316,0.03660110756754875,0.01995086297392845,0.0,0.0,1.0,0.0,0.0,-0.0009337272495031357,-0.017583971843123436
test:1431,Qwen3-8B,43,benign,norm_matched,6,final,102,0.0,0.0,0.019160304218530655,0.024643322452902794,0.029579220339655876,0.0,0.0,0.0,0.0,0.0,-0.010418916121125221,-0.005483018234372139
test:702,Qwen3-8B,43,benign,norm_matched,6,final,106,0.0,0.0,0.03002713993191719,0.031053630635142326,0.03446730971336365,0.0,0.0,0.0,0.0,0.0,-0.004440169781446457,-0.0010264907032251358
test:111,Qwen3-8B,43,benign,norm_matched,6,final,205,0.0,0.0,0.043390966951847076,0.06068383529782295,0.04446542263031006,0.0,0.0,1.0,0.0,0.0,-0.0010744556784629822,-0.017292868345975876
test:1039,Qwen3-8B,43,benign,norm_matched,6,final,38,0.0,0.0,0.06514611840248108,0.025209501385688782,0.031210333108901978,0.0,0.0,0.0,0.0,1.0,0.0339357852935791,0.0399366170167923
test:586,Qwen3-8B,43,benign,norm_matched,6,final,190,0.0,0.0,0.009432310238480568,0.048097334802150726,0.011467620730400085,0.0,0.0,1.0,0.0,0.0,-0.0020353104919195175,-0.03866502456367016
test:733,Qwen3-8B,43,benign,norm_matched,6,final,15,0.0,0.0,0.035201095044612885,0.035845983773469925,0.03137714043259621,0.0,0.0,1.0,0.0,1.0,0.003823954612016678,-0.0006448887288570404
test:562,Qwen3-8B,43,benign,norm_matched,6,final,61,0.0,0.0,0.04008525237441063,0.03134762495756149,-0.00046938774175941944,0.0,0.0,1.0,0.0,1.0,0.04055464011617005,0.008737627416849136
test:367,Qwen3-8B,43,benign,norm_matched,6,final,48,0.0,0.0,0.017091792076826096,0.025999369099736214,0.01384661253541708,0.0,0.0,1.0,0.0,1.0,0.0032451795414090157,-0.008907577022910118
test:2093,Qwen3-8B,43,benign,norm_matched,6,final,194,0.0,0.0,0.03751209378242493,0.044616714119911194,0.04153711348772049,0.0,0.0,1.0,0.0,0.0,-0.004025019705295563,-0.007104620337486267
test:298,Qwen3-8B,43,benign,norm_matched,6,final,52,0.0,0.0,0.06857489049434662,0.03160490095615387,0.03343015909194946,0.0,0.0,0.0,0.0,1.0,0.035144731402397156,0.03696998953819275
test:618,Qwen3-8B,43,benign,norm_matched,6,final,37,0.0,0.0,0.015450255014002323,0.020447954535484314,0.015347568318247795,0.0,0.0,1.0,0.0,1.0,0.00010268669575452805,-0.004997699521481991
test:213,Qwen3-8B,43,benign,norm_matched,6,final,217,0.0,0.0,0.015034794807434082,0.05578002706170082,0.02882612682878971,0.0,0.0,1.0,0.0,0.0,-0.013791332021355629,-0.04074523225426674
test:1770,Qwen3-8B,43,benign,norm_matched,6,final,40,0.0,0.0,0.020260045304894447,0.021050570532679558,0.009758824482560158,0.0,0.0,1.0,0.0,1.0,0.01050122082233429,-0.0007905252277851105
test:784,Qwen3-8B,43,benign,norm_matched,6,final,162,0.0,0.0,0.039961446076631546,0.051401518285274506,0.05152948200702667,0.0,0.0,0.0,0.0,0.0,-0.011568035930395126,-0.01144007220864296
test:748,Qwen3-8B,43,benign,norm_matched,6,final,103,0.0,0.0,0.014641283079981804,0.019002795219421387,0.01583894155919552,0.0,0.0,1.0,0.0,0.0,-0.0011976584792137146,-0.004361512139439583
test:691,Qwen3-8B,43,benign,norm_matched,6,final,226,0.0,0.0,0.0402037650346756,0.07333496958017349,0.07758796215057373,0.0,0.0,0.0,0.0,0.0,-0.03738419711589813,-0.033131204545497894
test:1521,Qwen3-8B,43,benign,norm_matched,6,final,118,0.0,0.0,0.017214655876159668,0.024079149588942528,0.02293907105922699,0.0,0.0,1.0,0.0,0.0,-0.005724415183067322,-0.00686449371278286
test:153,Qwen3-8B,43,benign,norm_matched,6,final,38,0.0,0.0,0.04794047772884369,0.031286630779504776,0.040125772356987,0.0,0.0,0.0,0.0,1.0,0.00781470537185669,0.016653846949338913
test:1145,Qwen3-8B,43,benign,norm_matched,6,final,35,0.0,0.0,0.058140985667705536,0.04901095852255821,0.04536941647529602,0.0,0.0,1.0,0.0,1.0,0.012771569192409515,0.009130027145147324
test:1941,Qwen3-8B,43,benign,norm_matched,6,final,74,0.0,0.0,0.036786239594221115,0.03575668856501579,0.03313988447189331,0.0,0.0,1.0,0.0,1.0,0.0036463551223278046,0.0010295510292053223
test:128,Qwen3-8B,43,benign,norm_matched,6,final,221,0.0,0.0,0.02023870125412941,0.027504287660121918,0.03508080914616585,0.0,0.0,0.0,0.0,0.0,-0.014842107892036438,-0.007265586405992508
test:499,Qwen3-8B,43,benign,norm_matched,6,final,44,0.0,0.0,0.06119244918227196,0.018387366086244583,0.01722164824604988,0.0,0.0,1.0,0.0,1.0,0.043970800936222076,0.042805083096027374
test:869,Qwen3-8B,43,benign,norm_matched,6,final,99,0.0,0.0,0.05600603669881821,0.02983703278005123,0.01264268346130848,0.0,0.0,1.0,0.0,1.0,0.04336335323750973,0.026169003918766975
test:1236,Qwen3-8B,43,benign,norm_matched,6,final,196,0.0,0.0,0.024999326094985008,0.03589646518230438,0.029405152425169945,0.0,0.0,1.0,0.0,0.0,-0.0044058263301849365,-0.010897139087319374
test:1870,Qwen3-8B,43,benign,norm_matched,6,final,210,0.0,0.0,0.024658577516674995,0.022617213428020477,0.0237162783741951,0.0,0.0,0.0,0.0,1.0,0.0009422991424798965,0.002041364088654518
test:1310,Qwen3-8B,43,benign,norm_matched,6,final,244,0.0,0.0,0.03654186427593231,0.039855387061834335,0.04417217895388603,0.0,0.0,0.0,0.0,0.0,-0.00763031467795372,-0.0033135227859020233
test:1221,Qwen3-8B,43,benign,norm_matched,6,final,49,0.0,0.0,0.023695960640907288,0.02053280733525753,0.0224005039781332,0.0,0.0,0.0,0.0,1.0,0.001295456662774086,0.0031631533056497574
test:257,Qwen3-8B,43,benign,norm_matched,6,final,203,0.0,0.0,0.01715545728802681,0.02625417336821556,0.028815584257245064,0.0,0.0,0.0,0.0,0.0,-0.011660126969218254,-0.009098716080188751
test:1513,Qwen3-8B,43,benign,norm_matched,6,final,138,0.0,0.0,0.024886604398489,0.019915973767638206,0.025100070983171463,0.0,0.0,0.0,0.0,0.0,-0.0002134665846824646,0.004970630630850792
test:553,Qwen3-8B,43,benign,norm_matched,6,final,38,0.0,0.0,0.06386034190654755,0.0492524690926075,0.004144221544265747,0.0,0.0,1.0,0.0,1.0,0.0597161203622818,0.014607872813940048
test:1881,Qwen3-8B,43,benign,norm_matched,6,final,186,0.0,0.0,0.02352440357208252,0.05140937864780426,0.0469571016728878,0.0,0.0,1.0,0.0,0.0,-0.023432698100805283,-0.02788497507572174
test:2262,Qwen3-8B,43,benign,norm_matched,6,final,37,0.0,0.0,0.04529999569058418,0.032803162932395935,0.03239752724766731,0.0,0.0,1.0,0.0,1.0,0.01290246844291687,0.012496832758188248
test:911,Qwen3-8B,43,benign,norm_matched,6,final,65,0.0,0.0,0.04492468759417534,0.05438019707798958,0.035656969994306564,0.0,0.0,1.0,0.0,1.0,0.009267717599868774,-0.00945550948381424
test:1947,Qwen3-8B,43,benign,norm_matched,6,final,3,0.0,0.0,0.035779502242803574,0.042582765221595764,0.03969439119100571,0.0,0.0,1.0,0.0,0.0,-0.003914888948202133,-0.0068032629787921906
test:675,Qwen3-8B,43,benign,norm_matched,6,final,38,0.0,0.0,0.06465769559144974,0.04574866592884064,0.029057087376713753,0.0,0.0,1.0,0.0,1.0,0.035600608214735985,0.0189090296626091
test:979,Qwen3-8B,43,benign,norm_matched,6,final,265,0.0,0.0,0.028614316135644913,0.025272274389863014,0.03481375798583031,0.0,0.0,0.0,0.0,0.0,-0.006199441850185394,0.0033420417457818985
test:783,Qwen3-8B,43,benign,norm_matched,6,final,272,0.0,0.0,0.045337166637182236,0.05469164624810219,0.05669013038277626,0.0,0.0,0.0,0.0,0.0,-0.011352963745594025,-0.009354479610919952
test:2149,Qwen3-8B,43,benign,norm_matched,6,final,38,0.0,0.0,0.06501547247171402,0.04798242449760437,0.030489496886730194,0.0,0.0,1.0,0.0,1.0,0.034525975584983826,0.01703304797410965
test:1231,Qwen3-8B,43,benign,norm_matched,6,final,194,0.0,0.0,0.0319032147526741,0.028346046805381775,0.018615128472447395,0.0,0.0,1.0,0.0,1.0,0.013288086280226707,0.003557167947292328
test:68,Qwen3-8B,43,benign,norm_matched,6,final,122,0.0,0.0,0.04162406548857689,0.045228905975818634,0.04819967597723007,0.0,0.0,0.0,0.0,0.0,-0.006575610488653183,-0.003604840487241745
test:180,Qwen3-8B,43,benign,norm_matched,6,final,184,0.0,0.0,0.0076856110244989395,0.01634923182427883,0.014757297933101654,0.0,0.0,1.0,0.0,0.0,-0.0070716869086027145,-0.008663620799779892
test:2034,Qwen3-8B,43,benign,norm_matched,6,final,25,0.0,0.0,0.03244619816541672,0.035508617758750916,0.03852696344256401,0.0,0.0,0.0,0.0,0.0,-0.006080765277147293,-0.003062419593334198
test:1007,Qwen3-8B,43,benign,norm_matched,6,final,24,0.0,0.0,0.06966947019100189,0.046674471348524094,0.04536779224872589,0.0,0.0,1.0,0.0,1.0,0.024301677942276,0.0229949988424778
test:1917,Qwen3-8B,43,benign,norm_matched,6,final,152,0.0,0.0,0.030777180567383766,0.02839893475174904,0.02954145520925522,0.0,0.0,0.0,0.0,1.0,0.0012357253581285477,0.0023782458156347275
test:1869,Qwen3-8B,43,benign,norm_matched,6,final,27,0.0,0.0,0.03859948366880417,0.05381469056010246,0.010453087277710438,0.0,0.0,1.0,0.0,1.0,0.02814639639109373,-0.015215206891298294
test:1819,Qwen3-8B,43,benign,norm_matched,6,final,14,0.0,0.0,0.05381050333380699,0.055540814995765686,0.029356610029935837,0.0,0.0,1.0,0.0,1.0,0.024453893303871155,-0.0017303116619586945
test:225,Qwen3-8B,43,benign,norm_matched,6,final,235,0.0,0.0,0.026631100103259087,0.029606230556964874,0.025335364043712616,0.0,0.0,1.0,0.0,1.0,0.0012957360595464706,-0.0029751304537057877
test:1978,Qwen3-8B,43,benign,norm_matched,6,final,270,0.0,0.0,0.08127947896718979,0.07490245997905731,0.08392030000686646,0.0,0.0,0.0,0.0,0.0,-0.0026408210396766663,0.006377018988132477
test:1849,Qwen3-8B,43,benign,norm_matched,6,final,34,0.0,0.0,0.035766929388046265,0.030934378504753113,0.029329700395464897,0.0,0.0,1.0,0.0,1.0,0.0064372289925813675,0.004832550883293152
test:1267,Qwen3-8B,43,benign,norm_matched,6,final,232,0.0,0.0,0.016298772767186165,0.029304075986146927,0.025785543024539948,0.0,0.0,1.0,0.0,0.0,-0.009486770257353783,-0.013005303218960762
test:2014,Qwen3-8B,43,benign,norm_matched,6,final,112,0.0,0.0,0.04308285564184189,0.04973631724715233,0.042747434228658676,0.0,0.0,1.0,0.0,1.0,0.0003354214131832123,-0.00665346160531044
test:747,Qwen3-8B,43,benign,norm_matched,6,final,304,0.0,0.0,0.03954740986227989,0.05074356868863106,0.04634206369519234,0.0,0.0,1.0,0.0,0.0,-0.006794653832912445,-0.011196158826351166
test:1536,Qwen3-8B,43,benign,norm_matched,6,final,42,0.0,0.0,0.019489001482725143,0.010979469865560532,0.018688982352614403,0.0,0.0,0.0,0.0,1.0,0.0008000191301107407,0.008509531617164612
test:495,Qwen3-8B,43,benign,norm_matched,6,final,56,0.0,0.0,0.05262238532304764,0.018087344244122505,0.04038495570421219,0.0,0.0,0.0,0.0,1.0,0.01223742961883545,0.03453504107892513
test:1218,Qwen3-8B,43,benign,norm_matched,6,final,70,0.0,0.0,0.0597299300134182,0.025992920622229576,0.03329797461628914,0.0,0.0,0.0,0.0,1.0,0.02643195539712906,0.03373700939118862
test:908,Qwen3-8B,43,benign,norm_matched,6,final,43,0.0,0.0,0.0654485672712326,0.046585507690906525,-0.02191799320280552,0.0,0.0,1.0,0.0,1.0,0.08736656047403812,0.01886305958032608
test:284,Qwen3-8B,43,benign,norm_matched,6,final,72,0.0,0.0,0.11185261607170105,0.11077263206243515,0.05875546485185623,0.0,0.0,1.0,0.0,1.0,0.05309715121984482,0.0010799840092658997
test:307,Qwen3-8B,43,benign,norm_matched,6,final,42,0.0,0.0,0.013749362900853157,0.010779356583952904,0.00804467685520649,0.0,0.0,1.0,0.0,1.0,0.0057046860456466675,0.0029700063169002533
test:1101,Qwen3-8B,43,benign,norm_matched,6,final,252,0.0,0.0,0.013737693428993225,0.014568733982741833,0.018745293840765953,0.0,0.0,0.0,0.0,0.0,-0.005007600411772728,-0.0008310405537486076
test:2091,Qwen3-8B,43,benign,norm_matched,6,final,183,0.0,0.0,0.03483524173498154,0.049485914409160614,0.04214392229914665,0.0,0.0,1.0,0.0,0.0,-0.007308680564165115,-0.014650672674179077
test:1343,Qwen3-8B,43,benign,norm_matched,6,final,235,0.0,0.0,0.03404815495014191,0.029759814962744713,0.0327637642621994,0.0,0.0,0.0,0.0,1.0,0.0012843906879425049,0.004288339987397194
test:312,Qwen3-8B,43,benign,norm_matched,6,final,38,0.0,0.0,0.057342272251844406,0.04614952579140663,0.03171948343515396,0.0,0.0,1.0,0.0,1.0,0.025622788816690445,0.011192746460437775
test:1853,Qwen3-8B,43,benign,norm_matched,6,final,211,0.0,0.0,0.01792357861995697,0.027209492400288582,0.024625375866889954,0.0,0.0,1.0,0.0,0.0,-0.006701797246932983,-0.009285913780331612
test:2161,Qwen3-8B,43,benign,norm_matched,6,final,214,0.0,0.0,0.022256361320614815,0.019019167870283127,0.016466880217194557,0.0,0.0,1.0,0.0,1.0,0.005789481103420258,0.003237193450331688
test:993,Qwen3-8B,43,benign,norm_matched,6,final,38,0.0,0.0,0.057719141244888306,0.03171151876449585,0.016666028648614883,0.0,0.0,1.0,0.0,1.0,0.04105311259627342,0.026007622480392456
test:1764,Qwen3-8B,43,benign,norm_matched,6,final,114,0.0,0.0,0.047065697610378265,0.060684822499752045,0.03225678578019142,0.0,0.0,1.0,0.0,1.0,0.014808911830186844,-0.01361912488937378
test:1238,Qwen3-8B,43,benign,norm_matched,6,final,287,0.0,0.0,0.01851966418325901,0.025139382109045982,0.022436439990997314,0.0,0.0,1.0,0.0,0.0,-0.003916775807738304,-0.006619717925786972
test:2222,Qwen3-8B,43,benign,norm_matched,6,final,189,0.0,0.0,0.06296540051698685,0.06312812119722366,0.07751938700675964,0.0,0.0,0.0,0.0,0.0,-0.014553986489772797,-0.0001627206802368164
test:2007,Qwen3-8B,43,benign,norm_matched,6,final,169,0.0,0.0,0.03532163053750992,0.03491077944636345,0.042699601501226425,0.0,0.0,0.0,0.0,0.0,-0.007377970963716507,0.0004108510911464691
test:1177,Qwen3-8B,43,benign,norm_matched,6,final,101,0.0,0.0,0.02730056829750538,0.030963841825723648,0.030335962772369385,0.0,0.0,1.0,0.0,0.0,-0.003035394474864006,-0.0036632735282182693
test:378,Qwen3-8B,43,benign,norm_matched,6,final,272,0.0,0.0,0.00795056577771902,0.026552844792604446,0.015539534389972687,0.0,0.0,1.0,0.0,0.0,-0.007588968612253666,-0.018602279014885426
test:1086,Qwen3-8B,43,benign,norm_matched,6,final,254,0.0,0.0,0.03432738035917282,0.040897186845541,0.037044648081064224,0.0,0.0,1.0,0.0,0.0,-0.002717267721891403,-0.006569806486368179
test:350,Qwen3-8B,43,benign,norm_matched,6,final,312,0.0,0.0,0.03964492306113243,0.013711749576032162,0.020310744643211365,0.0,0.0,0.0,0.0,1.0,0.019334178417921066,0.02593317348510027
test:2256,Qwen3-8B,43,benign,norm_matched,6,final,10,0.0,0.0,0.02666482888162136,0.0323498360812664,0.025482874363660812,0.0,0.0,1.0,0.0,1.0,0.0011819545179605484,-0.005685007199645042
test:2064,Qwen3-8B,43,benign,norm_matched,6,final,253,0.0,0.0,0.012373482808470726,0.016910359263420105,0.023172518238425255,0.0,0.0,0.0,0.0,0.0,-0.010799035429954529,-0.004536876454949379
test:635,Qwen3-8B,43,benign,norm_matched,6,final,49,0.0,0.0,0.013761789537966251,0.03583819046616554,0.010334810242056847,0.0,0.0,1.0,0.0,1.0,0.0034269792959094048,-0.02207640092819929
test:2182,Qwen3-8B,43,benign,norm_matched,6,final,91,0.0,0.0,0.04425497725605965,0.050655607134103775,0.04830795153975487,0.0,0.0,1.0,0.0,0.0,-0.004052974283695221,-0.006400629878044128
test:502,Qwen3-8B,43,benign,norm_matched,6,final,39,0.0,0.0,0.020488325506448746,0.024602718651294708,0.01959232985973358,0.0,0.0,1.0,0.0,1.0,0.0008959956467151642,-0.0041143931448459625
test:434,Qwen3-8B,43,benign,norm_matched,6,final,33,0.0,0.0,0.041376687586307526,0.05270592123270035,0.04347672313451767,0.0,0.0,1.0,0.0,0.0,-0.002100035548210144,-0.011329233646392822
test:1225,Qwen3-8B,43,benign,norm_matched,6,final,53,0.0,0.0,0.03567427024245262,0.027426064014434814,0.02696390263736248,0.0,0.0,1.0,0.0,1.0,0.008710367605090141,0.008248206228017807
test:1483,Qwen3-8B,43,benign,norm_matched,6,final,306,0.0,0.0,0.014044705778360367,0.027438048273324966,0.018812334164977074,0.0,0.0,1.0,0.0,0.0,-0.004767628386616707,-0.0133933424949646
test:327,Qwen3-8B,43,benign,norm_matched,6,final,31,0.0,0.0,0.057238370180130005,0.05113993585109711,0.04048901051282883,0.0,0.0,1.0,0.0,1.0,0.016749359667301178,0.006098434329032898
test:646,Qwen3-8B,43,benign,norm_matched,6,final,280,0.0,0.0,0.06468050926923752,0.05817950516939163,0.00962922815233469,0.0,0.0,1.0,0.0,1.0,0.05505128111690283,0.006501004099845886
test:1214,Qwen3-8B,43,benign,norm_matched,6,final,279,0.0,0.0,0.027020977810025215,0.03645496442914009,0.04094652459025383,0.0,0.0,0.0,0.0,0.0,-0.013925546780228615,-0.009433986619114876
test:1722,Qwen3-8B,43,benign,norm_matched,6,final,138,0.0,0.0,0.042686883360147476,0.045659251511096954,0.045163705945014954,0.0,0.0,1.0,0.0,0.0,-0.0024768225848674774,-0.002972368150949478
test:2062,Qwen3-8B,43,benign,norm_matched,6,final,342,0.0,0.0,0.02807079255580902,0.04958822950720787,0.041687577962875366,0.0,0.0,1.0,0.0,0.0,-0.013616785407066345,-0.02151743695139885
test:1009,Qwen3-8B,43,benign,norm_matched,6,final,45,0.0,0.0,0.04323383793234825,0.02844565361738205,0.044213466346263885,0.0,0.0,0.0,0.0,0.0,-0.0009796284139156342,0.014788184314966202
test:92,Qwen3-8B,43,benign,norm_matched,6,final,164,0.0,0.0,0.029322566464543343,0.03312715142965317,0.02073904685676098,0.0,0.0,1.0,0.0,1.0,0.008583519607782364,-0.003804584965109825
test:471,Qwen3-8B,43,benign,norm_matched,6,final,65,0.0,0.0,0.02776476740837097,0.023951532319188118,0.027040980756282806,0.0,0.0,0.0,0.0,1.0,0.0007237866520881653,0.0038132350891828537
test:1083,Qwen3-8B,43,benign,norm_matched,6,final,196,0.0,0.0,0.08655054867267609,0.09080483764410019,0.09474894404411316,0.0,0.0,0.0,0.0,0.0,-0.008198395371437073,-0.004254288971424103
test:2108,Qwen3-8B,43,benign,norm_matched,6,final,72,0.0,0.0,0.05561027675867081,0.05363290756940842,0.04778924584388733,0.0,0.0,1.0,0.0,1.0,0.007821030914783478,0.00197736918926239
test:2227,Qwen3-8B,43,benign,norm_matched,6,final,35,0.0,0.0,0.020147470757365227,0.027278155088424683,0.021907862275838852,0.0,0.0,1.0,0.0,0.0,-0.0017603915184736252,-0.007130684331059456
test:1251,Qwen3-8B,43,benign,norm_matched,6,final,132,0.0,0.0,0.013552624732255936,0.016960326582193375,0.020999129861593246,0.0,0.0,0.0,0.0,0.0,-0.007446505129337311,-0.003407701849937439
test:498,Qwen3-8B,43,benign,norm_matched,6,final,267,0.0,0.0,0.026149069890379906,0.028557801619172096,0.03538614138960838,0.0,0.0,0.0,0.0,0.0,-0.009237071499228477,-0.0024087317287921906
test:1920,Qwen3-8B,43,benign,norm_matched,6,final,208,0.0,0.0,0.039893947541713715,0.06104050204157829,0.048119883984327316,0.0,0.0,1.0,0.0,0.0,-0.008225936442613602,-0.021146554499864578
test:1845,Qwen3-8B,43,benign,norm_matched,6,final,47,0.0,0.0,0.043085623532533646,0.03943882882595062,0.036258019506931305,0.0,0.0,1.0,0.0,1.0,0.006827604025602341,0.003646794706583023
test:1790,Qwen3-8B,43,benign,norm_matched,6,final,285,0.0,0.0,0.005881509277969599,0.02344462275505066,0.01525814551860094,0.0,0.0,1.0,0.0,0.0,-0.009376636240631342,-0.01756311347708106
test:1563,Qwen3-8B,43,benign,norm_matched,6,final,82,0.0,0.0,0.011076054535806179,0.027700457721948624,0.02881765179336071,0.0,0.0,0.0,0.0,0.0,-0.01774159725755453,-0.016624403186142445
test:1715,Qwen3-8B,43,benign,norm_matched,6,final,288,0.0,0.0,0.017733028158545494,0.038369737565517426,0.038708142936229706,0.0,0.0,0.0,0.0,0.0,-0.02097511477768421,-0.02063670940697193
test:1395,Qwen3-8B,43,benign,norm_matched,6,final,100,0.0,0.0,0.03994031995534897,0.052906136959791183,0.042692650109529495,0.0,0.0,1.0,0.0,0.0,-0.0027523301541805267,-0.012965817004442215
test:923,Qwen3-8B,43,benign,norm_matched,6,final,291,0.0,0.0,0.015787143260240555,0.02447693422436714,0.021411534398794174,0.0,0.0,1.0,0.0,0.0,-0.005624391138553619,-0.008689790964126587
test:800,Qwen3-8B,43,benign,norm_matched,6,final,207,0.0,0.0,0.08099924772977829,0.04440002143383026,0.05611683800816536,0.0,0.0,0.0,0.0,1.0,0.02488240972161293,0.03659922629594803
test:1525,Qwen3-8B,43,benign,norm_matched,6,final,261,0.0,0.0,0.01875554956495762,0.022072654217481613,0.02648376300930977,0.0,0.0,0.0,0.0,0.0,-0.00772821344435215,-0.0033171046525239944
test:617,Qwen3-8B,43,benign,norm_matched,6,final,31,0.0,0.0,0.01963217929005623,0.015448023565113544,0.024233145639300346,0.0,0.0,0.0,0.0,0.0,-0.004600966349244118,0.004184155724942684
test:2225,Qwen3-8B,43,benign,norm_matched,6,final,21,0.0,0.0,0.031646255403757095,0.03382427617907524,0.03418009355664253,0.0,0.0,0.0,0.0,0.0,-0.002533838152885437,-0.0021780207753181458
test:125,Qwen3-8B,43,benign,norm_matched,6,final,165,0.0,0.0,0.03444484993815422,0.02136804535984993,0.019986532628536224,0.0,0.0,1.0,0.0,1.0,0.014458317309617996,0.01307680457830429
test:1316,Qwen3-8B,43,benign,norm_matched,6,final,82,0.0,0.0,0.01313075702637434,0.023766884580254555,0.013675548136234283,0.0,0.0,1.0,0.0,0.0,-0.0005447911098599434,-0.010636127553880215
test:1848,Qwen3-8B,43,benign,norm_matched,6,final,13,0.0,0.0,0.027994563803076744,0.039306383579969406,0.037506185472011566,0.0,0.0,1.0,0.0,0.0,-0.009511621668934822,-0.011311819776892662
test:1481,Qwen3-8B,43,benign,norm_matched,6,final,64,0.0,0.0,0.011502168141305447,0.01904454082250595,0.02078063413500786,0.0,0.0,0.0,0.0,0.0,-0.009278465993702412,-0.007542372681200504
test:1667,Qwen3-8B,43,benign,norm_matched,6,final,308,0.0,0.0,0.015604810789227486,0.026412777602672577,0.024482131004333496,0.0,0.0,1.0,0.0,0.0,-0.00887732021510601,-0.010807966813445091
test:1901,Qwen3-8B,43,benign,norm_matched,6,final,319,0.0,0.0,0.024973133578896523,0.03465048223733902,0.034519877284765244,0.0,0.0,1.0,0.0,0.0,-0.009546743705868721,-0.009677348658442497
test:1673,Qwen3-8B,43,benign,norm_matched,6,final,312,0.0,0.0,0.0396827757358551,0.038494523614645004,0.03712281212210655,0.0,0.0,1.0,0.0,1.0,0.0025599636137485504,0.0011882521212100983
test:2280,Qwen3-8B,43,benign,norm_matched,6,final,289,0.0,0.0,0.02454950660467148,0.037636566907167435,0.03847773000597954,0.0,0.0,0.0,0.0,0.0,-0.01392822340130806,-0.013087060302495956
test:2251,Qwen3-8B,43,benign,norm_matched,6,final,34,0.0,0.0,0.04343169182538986,0.028710100799798965,0.02169742062687874,0.0,0.0,1.0,0.0,1.0,0.021734271198511124,0.014721591025590897
test:512,Qwen3-8B,43,benign,norm_matched,6,final,90,0.0,0.0,0.028357360512018204,0.03575548529624939,0.029462872073054314,0.0,0.0,1.0,0.0,0.0,-0.00110551156103611,-0.007398124784231186
test:220,Qwen3-8B,43,benign,norm_matched,6,final,290,0.0,0.0,0.03346120938658714,0.02969576045870781,0.026866592466831207,0.0,0.0,1.0,0.0,1.0,0.006594616919755936,0.0037654489278793335
test:997,Qwen3-8B,43,benign,norm_matched,6,final,68,0.0,0.0,0.027409715577960014,0.039102423936128616,0.0182343702763319,0.0,0.0,1.0,0.0,1.0,0.009175345301628113,-0.011692708358168602
test:1553,Qwen3-8B,43,benign,norm_matched,6,final,336,0.0,0.0,0.016584200784564018,0.05189308524131775,0.036575548350811005,0.0,0.0,1.0,0.0,0.0,-0.019991347566246986,-0.03530888445675373
test:731,Qwen3-8B,43,benign,norm_matched,6,final,17,0.0,0.0,0.015950942412018776,0.03701469302177429,0.0273133534938097,0.0,0.0,1.0,0.0,0.0,-0.011362411081790924,-0.021063750609755516
test:1433,Qwen3-8B,43,benign,norm_matched,6,final,428,0.0,0.0,0.016242705285549164,0.02725430577993393,0.016944510862231255,0.0,0.0,1.0,0.0,0.0,-0.0007018055766820908,-0.011011600494384766
test:65,Qwen3-8B,43,benign,norm_matched,6,final,52,0.0,0.0,0.04366001859307289,0.0473291277885437,0.04762052372097969,0.0,0.0,0.0,0.0,0.0,-0.003960505127906799,-0.00366910919547081
test:1575,Qwen3-8B,43,benign,norm_matched,6,final,62,0.0,0.0,0.026790659874677658,0.033936403691768646,0.026178302243351936,0.0,0.0,1.0,0.0,1.0,0.0006123576313257217,-0.007145743817090988
test:1784,Qwen3-8B,43,benign,norm_matched,6,final,263,0.0,0.0,0.02021057903766632,0.019300537183880806,0.02228810079395771,0.0,0.0,0.0,0.0,0.0,-0.0020775217562913895,0.0009100418537855148
test:1566,Qwen3-8B,43,benign,norm_matched,6,final,342,0.0,0.0,0.02581552043557167,0.0446927584707737,0.04029301181435585,0.0,0.0,1.0,0.0,0.0,-0.01447749137878418,-0.018877238035202026
test:1807,Qwen3-8B,43,benign,norm_matched,6,final,380,0.0,0.0,0.02735777013003826,0.02630077861249447,0.030121836811304092,0.0,0.0,0.0,0.0,0.0,-0.002764066681265831,0.0010569915175437927
test:1408,Qwen3-8B,43,benign,norm_matched,6,final,144,0.0,0.0,0.06941059231758118,0.05739288404583931,0.04834455996751785,0.0,0.0,1.0,0.0,1.0,0.021066032350063324,0.012017708271741867
test:621,Qwen3-8B,43,benign,norm_matched,6,final,336,0.0,0.0,0.02556310035288334,0.030074885115027428,0.02655061148107052,0.0,0.0,1.0,0.0,0.0,-0.0009875111281871796,-0.004511784762144089
test:531,Qwen3-8B,43,benign,norm_matched,6,final,55,0.0,0.0,0.08218880742788315,0.02410861849784851,0.03329966217279434,0.0,0.0,0.0,0.0,1.0,0.048889145255088806,0.05808018893003464
test:394,Qwen3-8B,43,benign,norm_matched,6,final,99,0.0,0.0,0.045861393213272095,0.026846107095479965,0.0019416104769334197,0.0,0.0,1.0,0.0,1.0,0.043919782736338675,0.01901528611779213
test:641,Qwen3-8B,43,benign,norm_matched,6,final,219,0.0,0.0,0.0794157013297081,0.10115951299667358,0.07151065021753311,0.0,0.0,1.0,0.0,1.0,0.007905051112174988,-0.021743811666965485
test:2003,Qwen3-8B,43,benign,norm_matched,6,final,67,0.0,0.0,0.03274701163172722,0.023637790232896805,0.03277665376663208,0.0,0.0,0.0,0.0,0.0,-2.964213490486145e-05,0.009109221398830414
test:243,Qwen3-8B,43,benign,norm_matched,6,final,291,0.0,0.0,0.024691160768270493,0.023873627185821533,0.033241309225559235,0.0,0.0,0.0,0.0,0.0,-0.008550148457288742,0.0008175335824489594
test:85,Qwen3-8B,43,benign,norm_matched,6,final,241,0.0,0.0,0.05867363512516022,0.028989914804697037,0.04309558868408203,0.0,0.0,0.0,0.0,1.0,0.015578046441078186,0.02968372032046318
test:847,Qwen3-8B,43,benign,norm_matched,6,final,23,0.0,0.0,0.05945669487118721,0.060160938650369644,0.012036568485200405,0.0,0.0,1.0,0.0,1.0,0.047420126385986805,-0.0007042437791824341
test:4,Qwen3-8B,43,benign,norm_matched,6,final,396,0.0,0.0,0.06650418043136597,0.06005191057920456,0.06422516703605652,0.0,0.0,0.0,0.0,1.0,0.0022790133953094482,0.0064522698521614075
test:468,Qwen3-8B,43,benign,norm_matched,6,final,69,0.0,0.0,0.033369030803442,0.03339305520057678,0.021116528660058975,0.0,0.0,1.0,0.0,1.0,0.012252502143383026,-2.4024397134780884e-05
test:1928,Qwen3-8B,43,benign,norm_matched,6,final,440,0.0,0.0,0.061014480888843536,0.06216741353273392,0.0333951972424984,0.0,0.0,1.0,0.0,1.0,0.02761928364634514,-0.0011529326438903809
test:822,Qwen3-8B,43,benign,norm_matched,6,final,152,0.0,0.0,0.03409618139266968,0.025489656254649162,0.05338691920042038,0.0,0.0,0.0,0.0,0.0,-0.019290737807750702,0.008606525138020515
test:1805,Qwen3-8B,43,benign,norm_matched,6,final,193,0.0,0.0,0.03022249974310398,0.04515606537461281,0.022649627178907394,0.0,0.0,1.0,0.0,1.0,0.007572872564196587,-0.014933565631508827
test:879,Qwen3-8B,43,benign,norm_matched,6,final,257,0.0,0.0,0.025223616510629654,0.020371560007333755,0.02756805159151554,0.0,0.0,0.0,0.0,0.0,-0.002344435080885887,0.0048520565032958984
test:1902,Qwen3-8B,43,benign,norm_matched,6,final,332,0.0,0.0,0.014310633763670921,0.031550854444503784,0.03514090180397034,0.0,0.0,0.0,0.0,0.0,-0.020830268040299416,-0.017240220680832863
test:1933,Qwen3-8B,43,benign,norm_matched,6,final,77,0.0,0.0,0.030824502930045128,0.02644936367869377,0.011243571527302265,0.0,0.0,1.0,0.0,1.0,0.019580931402742863,0.0043751392513513565
test:577,Qwen3-8B,43,benign,norm_matched,6,final,46,0.0,0.0,0.025983113795518875,0.0268204677850008,0.030932102352380753,0.0,0.0,0.0,0.0,0.0,-0.0049489885568618774,-0.000837353989481926
test:1749,Qwen3-8B,43,benign,norm_matched,6,final,393,0.0,0.0,0.024495871737599373,0.028216378763318062,0.02505638264119625,0.0,0.0,1.0,0.0,0.0,-0.000560510903596878,-0.003720507025718689
test:15,Qwen3-8B,43,benign,norm_matched,6,final,419,0.0,0.0,0.08088206499814987,0.03373623266816139,0.06360441446304321,0.0,0.0,0.0,0.0,1.0,0.01727765053510666,0.04714583232998848
test:1753,Qwen3-8B,43,benign,norm_matched,6,final,475,0.0,0.0,0.01980602741241455,0.030989373102784157,0.03487527742981911,0.0,0.0,0.0,0.0,0.0,-0.015069250017404556,-0.011183345690369606
test:665,Qwen3-8B,43,benign,norm_matched,6,final,189,0.0,0.0,0.03464316576719284,0.027163514867424965,0.025861887261271477,0.0,0.0,1.0,0.0,1.0,0.008781278505921364,0.007479650899767876
test:569,Qwen3-8B,43,benign,norm_matched,6,final,97,0.0,0.0,0.019435839727520943,0.025261791422963142,0.019667865708470345,0.0,0.0,1.0,0.0,0.0,-0.00023202598094940186,-0.0058259516954422
test:1203,Qwen3-8B,43,benign,norm_matched,6,final,144,0.0,0.0,0.03789612278342247,0.03814532235264778,0.024990171194076538,0.0,0.0,1.0,0.0,1.0,0.012905951589345932,-0.0002491995692253113
test:2105,Qwen3-8B,43,benign,norm_matched,6,final,383,0.0,0.0,0.12315991520881653,0.09977655112743378,0.1140793189406395,0.0,0.0,0.0,0.0,1.0,0.009080596268177032,0.02338336408138275
test:426,Qwen3-8B,43,benign,norm_matched,6,final,254,0.0,0.0,0.016101861372590065,0.02580895461142063,0.022119326516985893,0.0,0.0,1.0,0.0,0.0,-0.006017465144395828,-0.009707093238830566
test:123,Qwen3-8B,43,benign,norm_matched,6,final,171,0.0,0.0,0.03250482678413391,0.02230161800980568,0.027108781039714813,0.0,0.0,0.0,0.0,1.0,0.005396045744419098,0.010203208774328232
test:1405,Qwen3-8B,43,benign,norm_matched,6,final,465,0.0,0.0,0.013809400610625744,0.03310133144259453,0.023163385689258575,0.0,0.0,1.0,0.0,0.0,-0.009353985078632832,-0.019291930831968784
test:796,Qwen3-8B,43,benign,norm_matched,6,final,220,0.0,0.0,0.04914228618144989,0.03309673070907593,0.052438121289014816,0.0,0.0,0.0,0.0,0.0,-0.003295835107564926,0.016045555472373962
test:2166,Qwen3-8B,43,benign,norm_matched,6,final,404,0.0,0.0,0.03249293193221092,0.0534508116543293,0.026006989181041718,0.0,0.0,1.0,0.0,1.0,0.006485942751169205,-0.020957879722118378
test:1179,Qwen3-8B,43,benign,norm_matched,6,final,308,0.0,0.0,0.038555555045604706,0.028947843238711357,0.029099933803081512,0.0,0.0,0.0,0.0,1.0,0.009455621242523193,0.009607711806893349
test:375,Qwen3-8B,43,benign,norm_matched,6,final,455,0.0,0.0,0.0167015939950943,0.028721841052174568,0.015380015596747398,0.0,0.0,1.0,0.0,1.0,0.001321578398346901,-0.012020247057080269
test:1143,Qwen3-8B,43,benign,norm_matched,6,final,471,0.0,0.0,0.03074645809829235,0.04428232088685036,0.04516950622200966,0.0,0.0,0.0,0.0,0.0,-0.014423048123717308,-0.013535862788558006
test:1882,Qwen3-8B,43,benign,norm_matched,6,final,59,0.0,0.0,0.06285609304904938,0.03148554265499115,0.046210676431655884,0.0,0.0,0.0,0.0,1.0,0.016645416617393494,0.03137055039405823
test:404,Qwen3-8B,43,benign,norm_matched,6,final,41,0.0,0.0,0.03859701752662659,0.02251308038830757,0.01676805689930916,0.0,0.0,1.0,0.0,1.0,0.02182896062731743,0.016083937138319016
test:2056,Qwen3-8B,43,benign,norm_matched,6,final,459,0.0,0.0,0.03596637025475502,0.04749255254864693,0.040522560477256775,0.0,0.0,1.0,0.0,0.0,-0.004556190222501755,-0.011526182293891907
test:1331,Qwen3-8B,43,benign,norm_matched,6,final,10,0.0,0.0,0.058475375175476074,0.04757033288478851,0.03740161657333374,0.0,0.0,1.0,0.0,1.0,0.021073758602142334,0.010905042290687561
test:2255,Qwen3-8B,43,benign,norm_matched,6,final,23,0.0,0.0,0.07397174090147018,0.05686546117067337,0.01667095348238945,0.0,0.0,1.0,0.0,1.0,0.057300787419080734,0.017106279730796814
test:1122,Qwen3-8B,43,benign,norm_matched,6,final,156,0.0,0.0,0.03119697794318199,0.03966135531663895,0.0426052063703537,0.0,0.0,0.0,0.0,0.0,-0.011408228427171707,-0.008464377373456955
test:1063,Qwen3-8B,43,benign,norm_matched,6,final,23,0.0,0.0,0.07220309972763062,-0.0016113753663375974,0.04708203673362732,0.0,0.0,0.0,0.0,1.0,0.025121062994003296,0.07381447509396821
test:1994,Qwen3-8B,43,benign,norm_matched,6,final,329,0.0,0.0,0.03232558071613312,0.04459434747695923,0.04025927931070328,0.0,0.0,1.0,0.0,0.0,-0.00793369859457016,-0.01226876676082611
test:2291,Qwen3-8B,43,benign,norm_matched,6,final,80,0.0,0.0,0.018880002200603485,0.034346360713243484,0.020998036488890648,0.0,0.0,1.0,0.0,0.0,-0.0021180342882871628,-0.01546635851264
test:287,Qwen3-8B,43,benign,norm_matched,6,final,500,0.0,0.0,0.023005815222859383,0.03991534188389778,0.020921975374221802,0.0,0.0,1.0,0.0,1.0,0.002083839848637581,-0.0169095266610384
test:1257,Qwen3-8B,43,benign,norm_matched,6,final,411,0.0,0.0,0.03604402393102646,0.01725025475025177,0.01969827339053154,0.0,0.0,0.0,0.0,1.0,0.01634575054049492,0.01879376918077469
test:564,Qwen3-8B,43,benign,norm_matched,6,final,595,0.0,0.0,0.009556949138641357,0.023504801094532013,0.02388399839401245,0.0,0.0,0.0,0.0,0.0,-0.014327049255371094,-0.013947851955890656
test:1836,Qwen3-8B,43,benign,norm_matched,6,final,581,0.0,0.0,0.04494645819067955,0.04550032690167427,0.05053986236453056,0.0,0.0,0.0,0.0,0.0,-0.005593404173851013,-0.0005538687109947205
test:1915,Qwen3-8B,43,benign,norm_matched,6,final,34,0.0,0.0,0.07607299834489822,0.07186120748519897,0.003955898340791464,0.0,0.0,1.0,0.0,1.0,0.07211710000410676,0.004211790859699249
test:444,Qwen3-8B,43,benign,norm_matched,6,final,520,0.0,0.0,0.015189805068075657,0.03306221589446068,0.028683586046099663,0.0,0.0,1.0,0.0,0.0,-0.013493780978024006,-0.01787241082638502
test:2176,Qwen3-8B,43,benign,norm_matched,6,final,544,0.0,0.0,0.010568003170192242,0.01974206231534481,0.0195716954767704,0.0,0.0,1.0,0.0,0.0,-0.00900369230657816,-0.009174059145152569
test:2145,Qwen3-8B,43,benign,norm_matched,6,final,23,0.0,0.0,0.04981709271669388,0.04416481405496597,0.011256142519414425,0.0,0.0,1.0,0.0,1.0,0.03856095019727945,0.005652278661727905
test:1174,Qwen3-8B,43,benign,norm_matched,6,final,513,0.0,0.0,0.02259810082614422,0.025878768414258957,0.026852566748857498,0.0,0.0,0.0,0.0,0.0,-0.00425446592271328,-0.0032806675881147385
test:1230,Qwen3-8B,43,benign,norm_matched,6,final,593,0.0,0.0,0.025945117697119713,0.03193465247750282,0.02369409054517746,0.0,0.0,1.0,0.0,1.0,0.002251027151942253,-0.00598953478038311
test:1244,Qwen3-8B,43,benign,norm_matched,6,final,33,0.0,0.0,0.03649378940463066,0.03441997617483139,0.013231064192950726,0.0,0.0,1.0,0.0,1.0,0.023262725211679935,0.0020738132297992706
test:606,Qwen3-8B,43,benign,norm_matched,6,final,108,0.0,0.0,0.0508982352912426,0.01397697813808918,0.026154667139053345,0.0,0.0,0.0,0.0,1.0,0.024743568152189255,0.03692125715315342
test:304,Qwen3-8B,43,benign,norm_matched,6,final,82,0.0,0.0,0.024699505418539047,0.02007032372057438,0.024206064641475677,0.0,0.0,0.0,0.0,1.0,0.0004934407770633698,0.004629181697964668
test:1390,Qwen3-8B,43,benign,norm_matched,6,final,591,0.0,0.0,0.034389253705739975,0.030279211699962616,0.028438780456781387,0.0,0.0,1.0,0.0,1.0,0.005950473248958588,0.004110042005777359
test:1729,Qwen3-8B,43,benign,norm_matched,6,final,28,0.0,0.0,0.04211122542619705,0.040913715958595276,0.029674947261810303,0.0,0.0,1.0,0.0,1.0,0.01243627816438675,0.0011975094676017761
test:1454,Qwen3-8B,43,benign,norm_matched,6,final,224,0.0,0.0,0.058652088046073914,0.05050847679376602,0.06514164805412292,0.0,0.0,0.0,0.0,0.0,-0.006489560008049011,0.008143611252307892
test:858,Qwen3-8B,43,benign,norm_matched,6,final,36,0.0,0.0,0.05882648378610611,0.043654173612594604,0.0043746610172092915,0.0,0.0,1.0,0.0,1.0,0.05445182276889682,0.015172310173511505
test:771,Qwen3-8B,43,benign,norm_matched,6,final,619,0.0,0.0,0.027692945674061775,0.04232069477438927,0.041723981499671936,0.0,0.0,1.0,0.0,0.0,-0.01403103582561016,-0.014627749100327492
test:660,Qwen3-8B,43,benign,norm_matched,6,final,376,0.0,0.0,0.025732634589076042,0.019490843638777733,0.022974591702222824,0.0,0.0,0.0,0.0,1.0,0.002758042886853218,0.006241790950298309
test:888,Qwen3-8B,43,benign,norm_matched,6,final,296,0.0,0.0,0.02631867304444313,0.026331555098295212,0.023746054619550705,0.0,0.0,1.0,0.0,1.0,0.0025726184248924255,-1.2882053852081299e-05
test:413,Qwen3-8B,43,benign,norm_matched,6,final,126,0.0,0.0,0.03954596444964409,0.012767428532242775,0.03363896533846855,0.0,0.0,0.0,0.0,1.0,0.005906999111175537,0.026778535917401314
test:130,Qwen3-8B,43,benign,norm_matched,6,final,99,0.0,0.0,0.03141845762729645,0.06005735695362091,0.05849051475524902,0.0,0.0,1.0,0.0,0.0,-0.027072057127952576,-0.028638899326324463
test:1147,Qwen3-8B,43,benign,norm_matched,6,final,604,0.0,0.0,0.059399671852588654,0.03004199080169201,0.032993052154779434,0.0,0.0,0.0,0.0,1.0,0.02640661969780922,0.029357681050896645
test:42,Qwen3-8B,43,benign,norm_matched,6,final,265,0.0,0.0,0.027100270614027977,0.01894097402691841,0.033976659178733826,0.0,0.0,0.0,0.0,0.0,-0.006876388564705849,0.008159296587109566
test:1114,Qwen3-8B,43,benign,norm_matched,6,final,10,0.0,0.0,0.07776869833469391,0.06101126968860626,0.07082756608724594,0.0,0.0,0.0,0.0,1.0,0.0069411322474479675,0.016757428646087646
test:1302,Qwen3-8B,43,benign,norm_matched,6,final,641,0.0,0.0,0.021588198840618134,0.030513236299157143,0.02575266733765602,0.0,0.0,1.0,0.0,0.0,-0.004164468497037888,-0.008925037458539009
test:662,Qwen3-8B,43,benign,norm_matched,6,final,66,0.0,0.0,0.03229990601539612,0.03395037725567818,0.03360557556152344,0.0,0.0,1.0,0.0,0.0,-0.0013056695461273193,-0.0016504712402820587
test:705,Qwen3-8B,43,benign,norm_matched,6,final,111,0.0,0.0,0.049874935299158096,0.0218490082770586,0.02958369441330433,0.0,0.0,0.0,0.0,1.0,0.020291240885853767,0.028025927022099495
test:1413,Qwen3-8B,43,benign,norm_matched,6,final,82,0.0,0.0,0.03212081640958786,0.033864352852106094,0.028227176517248154,0.0,0.0,1.0,0.0,1.0,0.0038936398923397064,-0.0017435364425182343
test:940,Qwen3-8B,43,benign,norm_matched,6,final,141,0.0,0.0,0.04297390207648277,0.046407997608184814,0.03615972399711609,0.0,0.0,1.0,0.0,1.0,0.006814178079366684,-0.0034340955317020416
test:2162,Qwen3-8B,43,benign,norm_matched,6,final,826,0.0,0.0,0.0008511178893968463,0.012723518535494804,0.0001363348710583523,0.0,0.0,1.0,0.0,1.0,0.000714783018338494,-0.011872400646097958
test:51,Qwen3-8B,43,benign,norm_matched,6,final,99,0.0,0.0,0.09545496851205826,0.06707655638456345,0.08768194168806076,0.0,0.0,0.0,0.0,1.0,0.0077730268239974976,0.028378412127494812
test:914,Qwen3-8B,43,benign,norm_matched,6,final,736,0.0,0.0,-0.0004370218375697732,0.059278231114149094,-0.009016105905175209,0.0,0.0,1.0,0.0,1.0,0.008579084067605436,-0.05971525295171887
test:1558,Qwen3-8B,43,benign,norm_matched,6,final,658,0.0,0.0,0.026713401079177856,0.059598345309495926,0.06346407532691956,0.0,0.0,0.0,0.0,0.0,-0.0367506742477417,-0.03288494423031807
test:351,Qwen3-8B,43,benign,norm_matched,6,final,90,0.0,0.0,0.017318952828645706,0.020710501819849014,0.01681005023419857,0.0,0.0,1.0,0.0,1.0,0.0005089025944471359,-0.003391548991203308
test:1503,Qwen3-8B,43,benign,norm_matched,6,final,171,0.0,0.0,0.0501379519701004,0.04475301131606102,0.032672520726919174,0.0,0.0,1.0,0.0,1.0,0.01746543124318123,0.005384940654039383
test:1138,Qwen3-8B,43,benign,norm_matched,6,final,40,0.0,0.0,0.02264757640659809,0.020270148292183876,0.011339778080582619,0.0,0.0,1.0,0.0,1.0,0.011307798326015472,0.002377428114414215
test:1205,Qwen3-8B,43,benign,norm_matched,6,final,220,0.0,0.0,0.03966926038265228,0.04802662879228592,-0.006557154934853315,0.0,0.0,1.0,0.0,1.0,0.0462264153175056,-0.008357368409633636
test:279,Qwen3-8B,43,benign,norm_matched,6,final,347,0.0,0.0,0.024901114404201508,0.029480241239070892,0.020731862634420395,0.0,0.0,1.0,0.0,1.0,0.004169251769781113,-0.004579126834869385
test:1783,Qwen3-8B,43,benign,norm_matched,6,final,337,0.0,0.0,0.03570577874779701,0.03455617278814316,0.007660418748855591,0.0,0.0,1.0,0.0,1.0,0.02804535999894142,0.0011496059596538544
test:684,Qwen3-8B,43,benign,norm_matched,6,final,60,0.0,0.0,0.05853812396526337,0.02408626303076744,0.04044317454099655,0.0,0.0,0.0,0.0,1.0,0.018094949424266815,0.034451860934495926
test:158,Qwen3-8B,43,benign,norm_matched,6,final,1027,0.0,0.0,0.0027625584043562412,0.04516735300421715,0.04767586290836334,0.0,0.0,0.0,0.0,0.0,-0.0449133045040071,-0.04240479459986091
test:295,Qwen3-8B,43,benign,norm_matched,6,final,415,0.0,0.0,0.025245770812034607,0.0335477776825428,0.01442804466933012,0.0,0.0,1.0,0.0,1.0,0.010817726142704487,-0.008302006870508194
test:1988,Qwen3-8B,43,benign,norm_matched,6,final,44,0.0,0.0,0.028611069545149803,0.027458572760224342,0.02487342618405819,0.0,0.0,1.0,0.0,1.0,0.0037376433610916138,0.0011524967849254608
test:1735,Qwen3-8B,43,benign,norm_matched,6,final,79,0.0,0.0,0.034299224615097046,0.022884024307131767,0.015983950346708298,0.0,0.0,1.0,0.0,1.0,0.018315274268388748,0.011415200307965279
test:179,Qwen3-8B,43,benign,norm_matched,6,final,30,0.0,0.0,0.05038551986217499,0.0593220479786396,0.0046952576376497746,0.0,0.0,1.0,0.0,1.0,0.04569026222452521,-0.008936528116464615
test:1458,Qwen3-8B,43,benign,norm_matched,6,final,76,0.0,0.0,0.03193782642483711,0.03792406618595123,-0.013834042474627495,0.0,0.0,1.0,0.0,1.0,0.04577186889946461,-0.0059862397611141205
test:2202,Qwen3-8B,43,conflict,norm_matched,6,final,5,0.0,0.0,0.018550893291831017,0.018550893291831017,0.023374482989311218,0.0,0.0,0.0,0.0,0.0,-0.004823589697480202,0.0
test:1068,Qwen3-8B,43,conflict,norm_matched,6,final,15,0.0,0.0,0.04248104989528656,0.04208176210522652,0.04248104989528656,0.0,0.0,0.0,0.0,0.0,0.0,0.00039928779006004333
test:913,Qwen3-8B,43,conflict,norm_matched,6,final,30,0.0,0.0,0.006811943370848894,0.016749488189816475,0.016704345121979713,0.0,0.0,1.0,0.0,0.0,-0.00989240175113082,-0.00993754481896758
test:1076,Qwen3-8B,43,conflict,norm_matched,6,final,33,0.0,0.0,0.017042748630046844,0.03724002093076706,0.025824004784226418,0.0,0.0,1.0,0.0,0.0,-0.008781256154179573,-0.020197272300720215
test:563,Qwen3-8B,43,conflict,norm_matched,6,final,21,0.0,0.0,0.018304497003555298,0.016066424548625946,0.02636353112757206,0.0,0.0,0.0,0.0,0.0,-0.008059034124016762,0.002238072454929352
test:463,Qwen3-8B,43,conflict,norm_matched,6,final,33,0.0,0.0,0.015220657922327518,0.02182602882385254,0.01948607712984085,0.0,0.0,1.0,0.0,0.0,-0.004265419207513332,-0.006605370901525021
test:1684,Qwen3-8B,43,conflict,norm_matched,6,final,33,0.0,0.0,0.023776931688189507,0.036126960068941116,0.03402604162693024,0.0,0.0,1.0,0.0,0.0,-0.01024910993874073,-0.01235002838075161
test:2243,Qwen3-8B,43,conflict,norm_matched,6,final,23,0.0,0.0,0.034441106021404266,0.04976780340075493,0.0423014871776104,0.0,0.0,1.0,0.0,0.0,-0.007860381156206131,-0.015326697379350662
test:1507,Qwen3-8B,43,conflict,norm_matched,6,final,28,0.0,0.0,0.02667240984737873,0.06190505251288414,0.046463336795568466,0.0,0.0,1.0,0.0,0.0,-0.019790926948189735,-0.03523264266550541
test:797,Qwen3-8B,43,conflict,norm_matched,6,final,11,0.0,0.0,0.02097417041659355,0.029906777665019035,0.028807969763875008,0.0,0.0,1.0,0.0,0.0,-0.007833799347281456,-0.008932607248425484
test:991,Qwen3-8B,43,conflict,norm_matched,6,final,29,0.0,0.0,0.03563310205936432,0.030911728739738464,0.03192680701613426,0.0,0.0,0.0,0.0,1.0,0.0037062950432300568,0.0047213733196258545
test:109,Qwen3-8B,43,conflict,norm_matched,6,final,29,0.0,0.0,0.021377213299274445,0.029563112184405327,0.01732722669839859,0.0,0.0,1.0,0.0,1.0,0.0040499866008758545,-0.008185898885130882
test:1456,Qwen3-8B,43,conflict,norm_matched,6,final,28,0.0,0.0,0.01824481412768364,0.0406775176525116,0.03568048030138016,0.0,0.0,1.0,0.0,0.0,-0.017435666173696518,-0.022432703524827957
test:1171,Qwen3-8B,43,conflict,norm_matched,6,final,31,0.0,0.0,0.031575895845890045,0.02699217014014721,0.032836396247148514,0.0,0.0,0.0,0.0,0.0,-0.0012605004012584686,0.004583725705742836
test:1045,Qwen3-8B,43,conflict,norm_matched,6,final,32,0.0,0.0,0.04497794061899185,0.04116295650601387,0.01616520620882511,0.0,0.0,1.0,0.0,1.0,0.02881273441016674,0.0038149841129779816
test:897,Qwen3-8B,43,conflict,norm_matched,6,final,32,0.0,0.0,0.02375301904976368,0.03125502169132233,0.03049316257238388,0.0,0.0,1.0,0.0,0.0,-0.006740143522620201,-0.007502002641558647
test:427,Qwen3-8B,43,conflict,norm_matched,6,final,4,0.0,0.0,0.027513479813933372,0.030951503664255142,0.03279354050755501,0.0,0.0,0.0,0.0,0.0,-0.0052800606936216354,-0.0034380238503217697
test:536,Qwen3-8B,43,conflict,norm_matched,6,final,46,0.0,0.0,0.011994083411991596,0.04030132666230202,0.024125711992383003,0.0,0.0,1.0,0.0,0.0,-0.012131628580391407,-0.02830724325031042
test:1556,Qwen3-8B,43,conflict,norm_matched,6,final,18,0.0,0.0,0.023933174088597298,0.021890928968787193,0.031628306955099106,0.0,0.0,0.0,0.0,0.0,-0.007695132866501808,0.0020422451198101044
test:1638,Qwen3-8B,43,conflict,norm_matched,6,final,38,0.0,0.0,0.00922132097184658,0.028568774461746216,0.025720244273543358,0.0,0.0,1.0,0.0,0.0,-0.016498923301696777,-0.019347453489899635
test:481,Qwen3-8B,43,conflict,norm_matched,6,final,35,0.0,0.0,0.020581386983394623,0.030039548873901367,0.036054398864507675,0.0,0.0,0.0,0.0,0.0,-0.015473011881113052,-0.009458161890506744
test:640,Qwen3-8B,43,conflict,norm_matched,6,final,32,0.0,0.0,0.026331983506679535,0.03218264877796173,0.02387271448969841,0.0,0.0,1.0,0.0,1.0,0.002459269016981125,-0.005850665271282196
test:903,Qwen3-8B,43,conflict,norm_matched,6,final,34,0.0,0.0,0.032599467784166336,0.026822740212082863,0.03154570981860161,0.0,0.0,0.0,0.0,1.0,0.0010537579655647278,0.005776727572083473
test:466,Qwen3-8B,43,conflict,norm_matched,6,final,34,0.0,0.0,0.02107945643365383,0.03662761300802231,0.03060600347816944,0.0,0.0,1.0,0.0,0.0,-0.00952654704451561,-0.015548156574368477
test:787,Qwen3-8B,43,conflict,norm_matched,6,final,42,0.0,0.0,0.02726691961288452,0.03477362170815468,0.022873124107718468,0.0,0.0,1.0,0.0,1.0,0.004393795505166054,-0.007506702095270157
test:63,Qwen3-8B,43,conflict,norm_matched,6,final,55,0.0,0.0,0.019875267520546913,0.047407366335392,0.02268475852906704,0.0,0.0,1.0,0.0,0.0,-0.0028094910085201263,-0.027532098814845085
test:1639,Qwen3-8B,43,conflict,norm_matched,6,final,43,0.0,0.0,0.005955188535153866,0.012345847673714161,0.01274794526398182,0.0,0.0,0.0,0.0,0.0,-0.006792756728827953,-0.006390659138560295
test:2265,Qwen3-8B,43,conflict,norm_matched,6,final,56,0.0,0.0,0.015706351026892662,0.018142802640795708,0.02050267904996872,0.0,0.0,0.0,0.0,0.0,-0.0047963280230760574,-0.0024364516139030457
test:1745,Qwen3-8B,43,conflict,norm_matched,6,final,50,0.0,0.0,0.02836470864713192,0.036397114396095276,0.036690980195999146,0.0,0.0,0.0,0.0,0.0,-0.008326271548867226,-0.008032405748963356
test:9,Qwen3-8B,43,conflict,norm_matched,6,final,37,0.0,0.0,0.0315619632601738,0.08137275278568268,0.06592001020908356,0.0,0.0,1.0,0.0,0.0,-0.03435804694890976,-0.04981078952550888
test:1279,Qwen3-8B,43,conflict,norm_matched,6,final,37,0.0,0.0,0.03242294862866402,0.03613991662859917,0.03790043666958809,0.0,0.0,0.0,0.0,0.0,-0.005477488040924072,-0.00371696799993515
test:576,Qwen3-8B,43,conflict,norm_matched,6,final,52,0.0,0.0,0.029589392244815826,0.057423077523708344,0.04822539538145065,0.0,0.0,1.0,0.0,0.0,-0.018636003136634827,-0.027833685278892517
test:2207,Qwen3-8B,43,conflict,norm_matched,6,final,62,0.0,0.0,0.02466057613492012,0.04054011404514313,0.038929570466279984,0.0,0.0,1.0,0.0,0.0,-0.014268994331359863,-0.015879537910223007
test:2168,Qwen3-8B,43,conflict,norm_matched,6,final,43,0.0,0.0,0.014682348817586899,0.049067962914705276,0.02239176258444786,0.0,0.0,1.0,0.0,0.0,-0.007709413766860962,-0.03438561409711838
test:805,Qwen3-8B,43,conflict,norm_matched,6,final,46,0.0,0.0,0.014584899879992008,0.07015776634216309,0.03743727505207062,0.0,0.0,1.0,0.0,0.0,-0.02285237517207861,-0.05557286646217108
test:1197,Qwen3-8B,43,conflict,norm_matched,6,final,52,0.0,0.0,0.03040120378136635,0.023731593042612076,0.021593812853097916,0.0,0.0,1.0,0.0,1.0,0.008807390928268433,0.0066696107387542725
test:364,Qwen3-8B,43,conflict,norm_matched,6,final,15,0.0,0.0,0.04962901026010513,0.031096089631319046,0.04715454950928688,0.0,0.0,0.0,0.0,1.0,0.0024744607508182526,0.018532920628786087
test:1644,Qwen3-8B,43,conflict,norm_matched,6,final,50,0.0,0.0,0.01341363973915577,0.03148322552442551,0.03970971331000328,0.0,0.0,0.0,0.0,0.0,-0.02629607357084751,-0.018069585785269737
test:91,Qwen3-8B,43,conflict,norm_matched,6,final,23,0.0,0.0,0.05175558850169182,0.04608168452978134,0.061679743230342865,0.0,0.0,0.0,0.0,0.0,-0.009924154728651047,0.005673903971910477
test:328,Qwen3-8B,43,conflict,norm_matched,6,final,15,0.0,0.0,0.03489863872528076,0.03176862373948097,0.02254372276365757,0.0,0.0,1.0,0.0,1.0,0.012354915961623192,0.0031300149857997894
test:205,Qwen3-8B,43,conflict,norm_matched,6,final,38,0.0,0.0,0.042502641677856445,0.045384448021650314,0.03670845180749893,0.0,0.0,1.0,0.0,1.0,0.005794189870357513,-0.002881806343793869
test:1797,Qwen3-8B,43,conflict,norm_matched,6,final,51,0.0,0.0,0.026540197432041168,0.026317769661545753,0.02208745665848255,0.0,0.0,1.0,0.0,1.0,0.004452740773558617,0.00022242777049541473
test:1072,Qwen3-8B,43,conflict,norm_matched,6,final,54,0.0,0.0,0.039086002856492996,0.041201069951057434,0.01803530752658844,0.0,0.0,1.0,0.0,1.0,0.021050695329904556,-0.002115067094564438
test:1445,Qwen3-8B,43,conflict,norm_matched,6,final,57,0.0,0.0,0.054423458874225616,0.07220671325922012,0.06581086665391922,0.0,0.0,1.0,0.0,0.0,-0.011387407779693604,-0.017783254384994507
test:630,Qwen3-8B,43,conflict,norm_matched,6,final,65,0.0,0.0,0.043086059391498566,0.04052482172846794,0.03396992012858391,0.0,0.0,1.0,0.0,1.0,0.009116139262914658,0.0025612376630306244
test:1252,Qwen3-8B,43,conflict,norm_matched,6,final,59,0.0,0.0,0.021280309185385704,0.024492505937814713,0.039362430572509766,0.0,0.0,0.0,0.0,0.0,-0.01808212138712406,-0.0032121967524290085
test:1721,Qwen3-8B,43,conflict,norm_matched,6,final,10,0.0,0.0,0.025892125442624092,0.02210959792137146,0.020747873932123184,0.0,0.0,1.0,0.0,1.0,0.005144251510500908,0.003782527521252632
test:236,Qwen3-8B,43,conflict,norm_matched,6,final,43,0.0,0.0,0.0403934083878994,0.05651416257023811,0.05529411882162094,0.0,0.0,1.0,0.0,0.0,-0.014900710433721542,-0.016120754182338715
test:612,Qwen3-8B,43,conflict,norm_matched,6,final,37,0.0,0.0,0.02937222272157669,0.023135440424084663,0.025180598720908165,0.0,0.0,0.0,0.0,1.0,0.004191624000668526,0.006236782297492027
test:354,Qwen3-8B,43,conflict,norm_matched,6,final,68,0.0,0.0,0.03080880455672741,0.05962434783577919,0.04777444154024124,0.0,0.0,1.0,0.0,0.0,-0.016965636983513832,-0.02881554327905178
test:2047,Qwen3-8B,43,conflict,norm_matched,6,final,31,0.0,0.0,0.022583074867725372,0.03559940308332443,0.029182162135839462,0.0,0.0,1.0,0.0,0.0,-0.00659908726811409,-0.01301632821559906
test:1687,Qwen3-8B,43,conflict,norm_matched,6,final,66,0.0,0.0,0.02188740111887455,0.02209591306746006,0.023016884922981262,0.0,0.0,0.0,0.0,0.0,-0.0011294838041067123,-0.00020851194858551025
test:1787,Qwen3-8B,43,conflict,norm_matched,6,final,32,0.0,0.0,0.01571517065167427,0.03150687366724014,0.040028899908065796,0.0,0.0,0.0,0.0,0.0,-0.024313729256391525,-0.015791703015565872
test:896,Qwen3-8B,43,conflict,norm_matched,6,final,42,0.0,0.0,0.06547418236732483,0.04505109041929245,0.07029420137405396,0.0,0.0,0.0,0.0,0.0,-0.004820019006729126,0.02042309194803238
test:1282,Qwen3-8B,43,conflict,norm_matched,6,final,15,0.0,0.0,0.02785871922969818,0.032222773879766464,0.027866756543517113,0.0,0.0,1.0,0.0,0.0,-8.03731381893158e-06,-0.004364054650068283
test:1036,Qwen3-8B,43,conflict,norm_matched,6,final,51,0.0,0.0,0.008388164453208447,0.017479710280895233,0.015866074711084366,0.0,0.0,1.0,0.0,0.0,-0.007477910257875919,-0.009091545827686787
test:2230,Qwen3-8B,43,conflict,norm_matched,6,final,54,0.0,0.0,0.05144156143069267,0.041089288890361786,0.046100202947854996,0.0,0.0,0.0,0.0,1.0,0.005341358482837677,0.010352272540330887
test:376,Qwen3-8B,43,conflict,norm_matched,6,final,62,0.0,0.0,0.012288369238376617,0.05307251587510109,0.04932393878698349,0.0,0.0,1.0,0.0,0.0,-0.03703556954860687,-0.04078414663672447
test:1544,Qwen3-8B,43,conflict,norm_matched,6,final,60,0.0,0.0,0.030341962352395058,0.030310029163956642,0.027767017483711243,0.0,0.0,1.0,0.0,1.0,0.002574944868683815,3.193318843841553e-05
test:863,Qwen3-8B,43,conflict,norm_matched,6,final,29,0.0,0.0,0.03373091667890549,0.04058244824409485,0.039898648858070374,0.0,0.0,1.0,0.0,0.0,-0.0061677321791648865,-0.006851531565189362
test:2292,Qwen3-8B,43,conflict,norm_matched,6,final,60,0.0,0.0,0.016942529007792473,0.010466779582202435,0.01677709072828293,0.0,0.0,0.0,0.0,1.0,0.00016543827950954437,0.006475749425590038
test:392,Qwen3-8B,43,conflict,norm_matched,6,final,44,0.0,0.0,0.03162045031785965,0.02213100716471672,0.028466351330280304,0.0,0.0,0.0,0.0,1.0,0.0031540989875793457,0.009489443153142929
test:1675,Qwen3-8B,43,conflict,norm_matched,6,final,71,0.0,0.0,0.021906673908233643,0.023272579535841942,0.021734239533543587,0.0,0.0,1.0,0.0,1.0,0.00017243437469005585,-0.0013659056276082993
test:1718,Qwen3-8B,43,conflict,norm_matched,6,final,29,0.0,0.0,0.042536068707704544,0.042125359177589417,0.04166904091835022,0.0,0.0,1.0,0.0,1.0,0.0008670277893543243,0.00041070953011512756
test:1150,Qwen3-8B,43,conflict,norm_matched,6,final,62,0.0,0.0,0.018420010805130005,0.014053578488528728,0.010610914789140224,0.0,0.0,1.0,0.0,1.0,0.00780909601598978,0.004366432316601276
test:1659,Qwen3-8B,43,conflict,norm_matched,6,final,76,0.0,0.0,0.01273391954600811,0.01894564926624298,0.018922319635748863,0.0,0.0,1.0,0.0,0.0,-0.006188400089740753,-0.006211729720234871
test:1213,Qwen3-8B,43,conflict,norm_matched,6,final,46,0.0,0.0,0.045061737298965454,0.04359908401966095,0.02489594556391239,0.0,0.0,1.0,0.0,1.0,0.020165791735053062,0.0014626532793045044
test:1037,Qwen3-8B,43,conflict,norm_matched,6,final,75,0.0,0.0,0.015751032158732414,0.02336476929485798,0.013749729841947556,0.0,0.0,1.0,0.0,1.0,0.0020013023167848587,-0.007613737136125565
test:1201,Qwen3-8B,43,conflict,norm_matched,6,final,49,0.0,0.0,0.03056320734322071,0.04780704155564308,0.03591059148311615,0.0,0.0,1.0,0.0,0.0,-0.005347384139895439,-0.01724383421242237
test:1093,Qwen3-8B,43,conflict,norm_matched,6,final,85,0.0,0.0,0.008965609595179558,0.04129748046398163,0.030604345723986626,0.0,0.0,1.0,0.0,0.0,-0.021638736128807068,-0.03233187086880207
test:37,Qwen3-8B,43,conflict,norm_matched,6,final,34,0.0,0.0,0.054061852395534515,0.07070042192935944,0.040690869092941284,0.0,0.0,1.0,0.0,1.0,0.013370983302593231,-0.01663856953382492
test:785,Qwen3-8B,43,conflict,norm_matched,6,final,65,0.0,0.0,0.028156956657767296,0.042697418481111526,0.04079759865999222,0.0,0.0,1.0,0.0,0.0,-0.012640642002224922,-0.01454046182334423
test:1842,Qwen3-8B,43,conflict,norm_matched,6,final,62,0.0,0.0,0.04513903707265854,0.04115334525704384,0.03280927240848541,0.0,0.0,1.0,0.0,1.0,0.012329764664173126,0.0039856918156147
test:1860,Qwen3-8B,43,conflict,norm_matched,6,final,37,0.0,0.0,0.02145729586482048,0.019270537421107292,0.009800916537642479,0.0,0.0,1.0,0.0,1.0,0.011656379327178001,0.002186758443713188
test:963,Qwen3-8B,43,conflict,norm_matched,6,final,88,0.0,0.0,0.018380649387836456,0.06303268671035767,0.025236312299966812,0.0,0.0,1.0,0.0,0.0,-0.006855662912130356,-0.04465203732252121
test:827,Qwen3-8B,43,conflict,norm_matched,6,final,53,0.0,0.0,0.029015470296144485,0.028239857405424118,0.02743643708527088,0.0,0.0,1.0,0.0,1.0,0.0015790332108736038,0.0007756128907203674
test:17,Qwen3-8B,43,conflict,norm_matched,6,final,93,0.0,0.0,0.027642913162708282,0.031544994562864304,0.047630295157432556,0.0,0.0,0.0,0.0,0.0,-0.019987381994724274,-0.003902081400156021
test:1937,Qwen3-8B,43,conflict,norm_matched,6,final,71,0.0,0.0,0.027204709127545357,0.03694571182131767,0.03979525342583656,0.0,0.0,0.0,0.0,0.0,-0.012590544298291206,-0.009741002693772316
test:765,Qwen3-8B,43,conflict,norm_matched,6,final,59,0.0,0.0,0.046474091708660126,0.05672203004360199,0.048937827348709106,0.0,0.0,1.0,0.0,0.0,-0.0024637356400489807,-0.010247938334941864
test:2008,Qwen3-8B,43,conflict,norm_matched,6,final,91,0.0,0.0,0.021046489477157593,0.036794260144233704,0.04102177545428276,0.0,0.0,0.0,0.0,0.0,-0.019975285977125168,-0.01574777066707611
test:520,Qwen3-8B,43,conflict,norm_matched,6,final,27,0.0,0.0,0.03466089442372322,0.04351745918393135,0.03401812165975571,0.0,0.0,1.0,0.0,1.0,0.000642772763967514,-0.00885656476020813
test:1124,Qwen3-8B,43,conflict,norm_matched,6,final,82,0.0,0.0,0.01942201890051365,0.016539668664336205,0.015536499209702015,0.0,0.0,1.0,0.0,1.0,0.003885519690811634,0.0028823502361774445
test:459,Qwen3-8B,43,conflict,norm_matched,6,final,81,0.0,0.0,0.011262002401053905,0.030198542401194572,0.02923225238919258,0.0,0.0,1.0,0.0,0.0,-0.017970249988138676,-0.018936540000140667
test:177,Qwen3-8B,43,conflict,norm_matched,6,final,30,0.0,0.0,0.026792509481310844,0.026380395516753197,0.024590233340859413,0.0,0.0,1.0,0.0,1.0,0.0022022761404514313,0.0004121139645576477
test:192,Qwen3-8B,43,conflict,norm_matched,6,final,72,0.0,0.0,0.03190162777900696,0.03440627083182335,0.04298889636993408,0.0,0.0,0.0,0.0,0.0,-0.011087268590927124,-0.002504643052816391
test:2160,Qwen3-8B,43,conflict,norm_matched,6,final,103,0.0,0.0,0.02423938736319542,0.03798448294401169,0.031420327723026276,0.0,0.0,1.0,0.0,0.0,-0.007180940359830856,-0.013745095580816269
test:1617,Qwen3-8B,43,conflict,norm_matched,6,final,79,0.0,0.0,0.02453090250492096,0.016930945217609406,0.012295149266719818,0.0,0.0,1.0,0.0,1.0,0.012235753238201141,0.007599957287311554
test:100,Qwen3-8B,43,conflict,norm_matched,6,final,77,0.0,0.0,0.03907659649848938,0.042587798088788986,0.037534233182668686,0.0,0.0,1.0,0.0,1.0,0.001542363315820694,-0.0035112015902996063
test:693,Qwen3-8B,43,conflict,norm_matched,6,final,98,0.0,0.0,0.02069949544966221,0.03292861953377724,0.030070835724473,0.0,0.0,1.0,0.0,0.0,-0.009371340274810791,-0.012229124084115028
test:195,Qwen3-8B,43,conflict,norm_matched,6,final,30,0.0,0.0,0.01868227869272232,0.015635831281542778,0.01548827439546585,0.0,0.0,1.0,0.0,1.0,0.0031940042972564697,0.0030464474111795425
test:114,Qwen3-8B,43,conflict,norm_matched,6,final,15,0.0,0.0,0.03801671415567398,0.03163721412420273,0.031230786815285683,0.0,0.0,1.0,0.0,1.0,0.006785927340388298,0.0063795000314712524
test:2205,Qwen3-8B,43,conflict,norm_matched,6,final,22,0.0,0.0,0.037146925926208496,0.036767035722732544,0.040840502828359604,0.0,0.0,0.0,0.0,0.0,-0.003693576902151108,0.00037989020347595215
test:1380,Qwen3-8B,43,conflict,norm_matched,6,final,98,0.0,0.0,0.02565079927444458,0.04202079400420189,0.04231655225157738,0.0,0.0,0.0,0.0,0.0,-0.016665752977132797,-0.01636999472975731
test:668,Qwen3-8B,43,conflict,norm_matched,6,final,30,0.0,0.0,0.027862902730703354,0.024495305493474007,0.015869541093707085,0.0,0.0,1.0,0.0,1.0,0.01199336163699627,0.0033675972372293472
test:874,Qwen3-8B,43,conflict,norm_matched,6,final,99,0.0,0.0,0.031128739938139915,0.05121135711669922,0.043307073414325714,0.0,0.0,1.0,0.0,0.0,-0.012178333476185799,-0.020082617178559303
test:1824,Qwen3-8B,43,conflict,norm_matched,6,final,74,0.0,0.0,0.01879705674946308,0.030458109453320503,0.01124571356922388,0.0,0.0,1.0,0.0,1.0,0.007551343180239201,-0.011661052703857422
test:1248,Qwen3-8B,43,conflict,norm_matched,6,final,85,0.0,0.0,-0.004695096053183079,0.045304179191589355,0.0015171492705121636,0.0,0.0,1.0,0.0,0.0,-0.006212245323695242,-0.049999275244772434
test:714,Qwen3-8B,43,conflict,norm_matched,6,final,31,0.0,0.0,0.056044887751340866,0.04728521406650543,0.03592139109969139,0.0,0.0,1.0,0.0,1.0,0.020123496651649475,0.008759673684835434
test:133,Qwen3-8B,43,conflict,norm_matched,6,final,69,0.0,0.0,0.014505304396152496,0.01749473065137863,0.013299395330250263,0.0,0.0,1.0,0.0,1.0,0.0012059090659022331,-0.0029894262552261353
test:162,Qwen3-8B,43,conflict,norm_matched,6,final,29,0.0,0.0,0.036188267171382904,0.038535457104444504,0.03981546312570572,0.0,0.0,0.0,0.0,0.0,-0.003627195954322815,-0.0023471899330615997
test:2079,Qwen3-8B,43,conflict,norm_matched,6,final,112,0.0,0.0,0.01561624277383089,0.021732566878199577,0.019817078486084938,0.0,0.0,1.0,0.0,0.0,-0.004200835712254047,-0.006116324104368687
test:1795,Qwen3-8B,43,conflict,norm_matched,6,final,105,0.0,0.0,0.029852207750082016,0.03709864988923073,0.026917263865470886,0.0,0.0,1.0,0.0,1.0,0.0029349438846111298,-0.007246442139148712
test:1760,Qwen3-8B,43,conflict,norm_matched,6,final,36,0.0,0.0,0.024591561406850815,0.01980210654437542,0.02094239741563797,0.0,0.0,0.0,0.0,1.0,0.003649163991212845,0.004789454862475395
test:1424,Qwen3-8B,43,conflict,norm_matched,6,final,17,0.0,0.0,0.024074481800198555,0.03208855912089348,0.023851264268159866,0.0,0.0,1.0,0.0,1.0,0.00022321753203868866,-0.008014077320694923
test:62,Qwen3-8B,43,conflict,norm_matched,6,final,109,0.0,0.0,0.03540734946727753,0.03568577021360397,0.018724555149674416,0.0,0.0,1.0,0.0,1.0,0.01668279431760311,-0.00027842074632644653
test:522,Qwen3-8B,43,conflict,norm_matched,6,final,116,0.0,0.0,0.033009301871061325,0.05341830104589462,0.04647373780608177,0.0,0.0,1.0,0.0,0.0,-0.013464435935020447,-0.020408999174833298
test:1227,Qwen3-8B,43,conflict,norm_matched,6,final,51,0.0,0.0,0.013199174776673317,0.04681151360273361,0.04481379687786102,0.0,0.0,1.0,0.0,0.0,-0.031614622101187706,-0.033612338826060295
test:397,Qwen3-8B,43,conflict,norm_matched,6,final,72,0.0,0.0,0.01548747718334198,0.01863616146147251,0.015454663895070553,0.0,0.0,1.0,0.0,1.0,3.2813288271427155e-05,-0.0031486842781305313
test:374,Qwen3-8B,43,conflict,norm_matched,6,final,44,0.0,0.0,0.030071619898080826,0.027998296543955803,0.03173096477985382,0.0,0.0,0.0,0.0,0.0,-0.001659344881772995,0.002073323354125023
test:1078,Qwen3-8B,43,conflict,norm_matched,6,final,80,0.0,0.0,0.02915395237505436,0.029466120526194572,0.03451651334762573,0.0,0.0,0.0,0.0,0.0,-0.005362560972571373,-0.000312168151140213
test:1664,Qwen3-8B,43,conflict,norm_matched,6,final,13,0.0,0.0,0.03928695246577263,0.03640042245388031,0.029690224677324295,0.0,0.0,1.0,0.0,1.0,0.009596727788448334,0.0028865300118923187
test:1818,Qwen3-8B,43,conflict,norm_matched,6,final,58,0.0,0.0,0.04151388630270958,0.039484765380620956,0.03346621245145798,0.0,0.0,1.0,0.0,1.0,0.008047673851251602,0.002029120922088623
test:1246,Qwen3-8B,43,conflict,norm_matched,6,final,109,0.0,0.0,0.04320632666349411,0.044632624834775925,0.050974033772945404,0.0,0.0,0.0,0.0,0.0,-0.007767707109451294,-0.0014262981712818146
test:1887,Qwen3-8B,43,conflict,norm_matched,6,final,54,0.0,0.0,0.02266710065305233,0.01646612584590912,0.019997280091047287,0.0,0.0,0.0,0.0,1.0,0.002669820562005043,0.006200974807143211
test:1623,Qwen3-8B,43,conflict,norm_matched,6,final,118,0.0,0.0,0.03003113903105259,0.02869616448879242,0.031508032232522964,0.0,0.0,0.0,0.0,0.0,-0.001476893201470375,0.00133497454226017
test:196,Qwen3-8B,43,conflict,norm_matched,6,final,77,0.0,0.0,0.04624137654900551,0.04744129627943039,0.050325408577919006,0.0,0.0,0.0,0.0,0.0,-0.004084032028913498,-0.001199919730424881
test:1899,Qwen3-8B,43,conflict,norm_matched,6,final,37,0.0,0.0,0.03286103531718254,0.022008487954735756,0.021332111209630966,0.0,0.0,1.0,0.0,1.0,0.011528924107551575,0.010852547362446785
test:1208,Qwen3-8B,43,conflict,norm_matched,6,final,30,0.0,0.0,0.042439527809619904,0.033550016582012177,0.029105059802532196,0.0,0.0,1.0,0.0,1.0,0.013334468007087708,0.008889511227607727
test:1441,Qwen3-8B,43,conflict,norm_matched,6,final,99,0.0,0.0,0.03386445716023445,0.05181339383125305,0.021747170016169548,0.0,0.0,1.0,0.0,1.0,0.012117287144064903,-0.0179489366710186
test:1102,Qwen3-8B,43,conflict,norm_matched,6,final,66,0.0,0.0,0.05793427303433418,0.04104384034872055,0.0398552305996418,0.0,0.0,1.0,0.0,1.0,0.018079042434692383,0.016890432685613632
test:76,Qwen3-8B,43,conflict,norm_matched,6,final,128,0.0,0.0,0.02531750313937664,0.027228238061070442,0.016986127942800522,0.0,0.0,1.0,0.0,1.0,0.008331375196576118,-0.0019107349216938019
test:1855,Qwen3-8B,43,conflict,norm_matched,6,final,113,0.0,0.0,0.03588515892624855,0.035768069326877594,0.04020359367132187,0.0,0.0,0.0,0.0,0.0,-0.0043184347450733185,0.00011708959937095642
test:1652,Qwen3-8B,43,conflict,norm_matched,6,final,132,0.0,0.0,0.02390826866030693,0.04584162309765816,0.049088094383478165,0.0,0.0,0.0,0.0,0.0,-0.025179825723171234,-0.021933354437351227
test:355,Qwen3-8B,43,conflict,norm_matched,6,final,22,0.0,0.0,0.019033605232834816,0.020613476634025574,0.019033605232834816,0.0,0.0,1.0,0.0,0.0,0.0,-0.0015798714011907578
test:2144,Qwen3-8B,43,conflict,norm_matched,6,final,113,0.0,0.0,0.021132342517375946,0.031340133398771286,0.019333908334374428,0.0,0.0,1.0,0.0,1.0,0.0017984341830015182,-0.01020779088139534
test:210,Qwen3-8B,43,conflict,norm_matched,6,final,138,0.0,0.0,0.01985396444797516,0.02434711530804634,0.023544324561953545,0.0,0.0,1.0,0.0,0.0,-0.003690360113978386,-0.004493150860071182
test:1713,Qwen3-8B,43,conflict,norm_matched,6,final,80,0.0,0.0,0.02205924317240715,0.02339143492281437,0.0362585186958313,0.0,0.0,0.0,0.0,0.0,-0.014199275523424149,-0.001332191750407219
test:1574,Qwen3-8B,43,conflict,norm_matched,6,final,133,0.0,0.0,0.022515706717967987,0.027601858600974083,0.04280906170606613,0.0,0.0,0.0,0.0,0.0,-0.020293354988098145,-0.005086151883006096
test:1488,Qwen3-8B,43,conflict,norm_matched,6,final,142,0.0,0.0,0.015017218887805939,0.020287062972784042,0.02763660065829754,0.0,0.0,0.0,0.0,0.0,-0.0126193817704916,-0.005269844084978104
test:1868,Qwen3-8B,43,conflict,norm_matched,6,final,43,0.0,0.0,0.023042960092425346,0.021604401990771294,0.02594667673110962,0.0,0.0,0.0,0.0,0.0,-0.0029037166386842728,0.0014385581016540527
test:2233,Qwen3-8B,43,conflict,norm_matched,6,final,76,0.0,0.0,0.048707276582717896,0.05528062582015991,0.07279399782419205,0.0,0.0,0.0,0.0,0.0,-0.02408672124147415,-0.006573349237442017
test:692,Qwen3-8B,43,conflict,norm_matched,6,final,89,0.0,0.0,0.007881801575422287,0.03745220601558685,0.03848736733198166,0.0,0.0,0.0,0.0,0.0,-0.030605565756559372,-0.029570404440164566
test:1732,Qwen3-8B,43,conflict,norm_matched,6,final,115,0.0,0.0,0.03910783678293228,0.060607343912124634,0.03425855562090874,0.0,0.0,1.0,0.0,1.0,0.004849281162023544,-0.021499507129192352
test:1002,Qwen3-8B,43,conflict,norm_matched,6,final,50,0.0,0.0,0.024958334863185883,0.012768340297043324,0.03668024390935898,0.0,0.0,0.0,0.0,0.0,-0.011721909046173096,0.012189994566142559
test:1607,Qwen3-8B,43,conflict,norm_matched,6,final,90,0.0,0.0,0.021977029740810394,0.010678359307348728,0.014076083898544312,0.0,0.0,0.0,0.0,1.0,0.007900945842266083,0.011298670433461666
test:1123,Qwen3-8B,43,conflict,norm_matched,6,final,117,0.0,0.0,0.014011472463607788,0.026326632127165794,0.022154562175273895,0.0,0.0,1.0,0.0,0.0,-0.008143089711666107,-0.012315159663558006
test:120,Qwen3-8B,43,conflict,norm_matched,6,final,149,0.0,0.0,0.03918013721704483,0.04425707831978798,0.0493888333439827,0.0,0.0,0.0,0.0,0.0,-0.010208696126937866,-0.005076941102743149
test:652,Qwen3-8B,43,conflict,norm_matched,6,final,15,0.0,0.0,0.03467874974012375,0.028437476605176926,0.03517518192529678,0.0,0.0,0.0,0.0,0.0,-0.0004964321851730347,0.006241273134946823
test:850,Qwen3-8B,43,conflict,norm_matched,6,final,134,0.0,0.0,0.024626748636364937,0.031679730862379074,0.036088570952415466,0.0,0.0,0.0,0.0,0.0,-0.01146182231605053,-0.007052982226014137
test:1633,Qwen3-8B,43,conflict,norm_matched,6,final,162,0.0,0.0,0.027358289808034897,0.030375860631465912,0.03204607963562012,0.0,0.0,0.0,0.0,0.0,-0.00468778982758522,-0.003017570823431015
test:1126,Qwen3-8B,43,conflict,norm_matched,6,final,126,0.0,0.0,0.04033525288105011,0.06772703677415848,0.05800674483180046,0.0,0.0,1.0,0.0,0.0,-0.01767149195075035,-0.027391783893108368
test:2130,Qwen3-8B,43,conflict,norm_matched,6,final,31,0.0,0.0,0.02718144841492176,0.02573155239224434,0.026581326499581337,0.0,0.0,0.0,0.0,1.0,0.0006001219153404236,0.0014498960226774216
test:1982,Qwen3-8B,43,conflict,norm_matched,6,final,152,0.0,0.0,0.012842723168432713,0.015600311569869518,0.015360087156295776,0.0,0.0,1.0,0.0,0.0,-0.002517363987863064,-0.0027575884014368057
test:941,Qwen3-8B,43,conflict,norm_matched,6,final,55,0.0,0.0,0.05065125226974487,0.02343733049929142,0.05888930708169937,0.0,0.0,0.0,0.0,0.0,-0.008238054811954498,0.027213921770453453
test:1038,Qwen3-8B,43,conflict,norm_matched,6,final,156,0.0,0.0,0.029204240068793297,0.024641022086143494,0.02725192718207836,0.0,0.0,0.0,0.0,1.0,0.0019523128867149353,0.004563217982649803
test:359,Qwen3-8B,43,conflict,norm_matched,6,final,173,0.0,0.0,0.036453817039728165,0.03133486211299896,0.03780696541070938,0.0,0.0,0.0,0.0,0.0,-0.0013531483709812164,0.005118954926729202
test:1015,Qwen3-8B,43,conflict,norm_matched,6,final,161,0.0,0.0,0.027623744681477547,0.026449380442500114,0.029796099290251732,0.0,0.0,0.0,0.0,0.0,-0.002172354608774185,0.0011743642389774323
test:680,Qwen3-8B,43,conflict,norm_matched,6,final,63,0.0,0.0,0.023325182497501373,0.02218613773584366,0.0185347069054842,0.0,0.0,1.0,0.0,1.0,0.004790475592017174,0.0011390447616577148
test:1240,Qwen3-8B,43,conflict,norm_matched,6,final,143,0.0,0.0,0.02066648378968239,0.043346717953681946,0.04200941324234009,0.0,0.0,1.0,0.0,0.0,-0.0213429294526577,-0.022680234163999557
test:1330,Qwen3-8B,43,conflict,norm_matched,6,final,39,0.0,0.0,0.038985949009656906,0.03229430317878723,0.028479333966970444,0.0,0.0,1.0,0.0,1.0,0.010506615042686462,0.006691645830869675
test:544,Qwen3-8B,43,conflict,norm_matched,6,final,180,0.0,0.0,0.037114713340997696,0.039825282990932465,0.03886754438281059,0.0,0.0,1.0,0.0,0.0,-0.0017528310418128967,-0.0027105696499347687
test:695,Qwen3-8B,43,conflict,norm_matched,6,final,161,0.0,0.0,0.023904552683234215,0.03462814912199974,0.02871314063668251,0.0,0.0,1.0,0.0,0.0,-0.004808587953448296,-0.010723596438765526
test:1019,Qwen3-8B,43,conflict,norm_matched,6,final,129,0.0,0.0,0.00322937685996294,0.030834488570690155,0.0304853692650795,0.0,0.0,1.0,0.0,0.0,-0.027255992405116558,-0.027605111710727215
test:2172,Qwen3-8B,43,conflict,norm_matched,6,final,138,0.0,0.0,0.045538030564785004,0.08633050322532654,0.06197468191385269,0.0,0.0,1.0,0.0,0.0,-0.016436651349067688,-0.040792472660541534
test:446,Qwen3-8B,43,conflict,norm_matched,6,final,167,0.0,0.0,0.011825417168438435,0.018311403691768646,0.0513102151453495,0.0,0.0,0.0,0.0,0.0,-0.03948479797691107,-0.006485986523330212
test:7,Qwen3-8B,43,conflict,norm_matched,6,final,26,0.0,0.0,0.008307329379022121,0.014029642567038536,0.015029540285468102,0.0,0.0,0.0,0.0,0.0,-0.00672221090644598,-0.005722313188016415
test:1589,Qwen3-8B,43,conflict,norm_matched,6,final,92,0.0,0.0,0.021417632699012756,0.03172814100980759,0.029096750542521477,0.0,0.0,1.0,0.0,0.0,-0.00767911784350872,-0.01031050831079483
test:1087,Qwen3-8B,43,conflict,norm_matched,6,final,166,0.0,0.0,0.0285192858427763,0.05046980828046799,0.0521598719060421,0.0,0.0,0.0,0.0,0.0,-0.0236405860632658,-0.02195052243769169
test:603,Qwen3-8B,43,conflict,norm_matched,6,final,67,0.0,0.0,0.022257640957832336,0.017806386575102806,0.026213843375444412,0.0,0.0,0.0,0.0,0.0,-0.003956202417612076,0.00445125438272953
test:1608,Qwen3-8B,43,conflict,norm_matched,6,final,27,0.0,0.0,0.023299919441342354,0.031852301210165024,0.02368340641260147,0.0,0.0,1.0,0.0,0.0,-0.0003834869712591171,-0.00855238176882267
test:774,Qwen3-8B,43,conflict,norm_matched,6,final,48,0.0,0.0,0.026695378124713898,0.02276451140642166,0.022209906950592995,0.0,0.0,1.0,0.0,1.0,0.004485471174120903,0.003930866718292236
test:1996,Qwen3-8B,43,conflict,norm_matched,6,final,195,0.0,0.0,0.03375525772571564,0.035277266055345535,0.02914772927761078,0.0,0.0,1.0,0.0,1.0,0.004607528448104858,-0.001522008329629898
test:2221,Qwen3-8B,43,conflict,norm_matched,6,final,206,0.0,0.0,0.028923120349645615,0.034367885440588,0.04109180346131325,0.0,0.0,0.0,0.0,0.0,-0.012168683111667633,-0.005444765090942383
test:1313,Qwen3-8B,43,conflict,norm_matched,6,final,169,0.0,0.0,0.025463374331593513,0.043404094874858856,0.0364898256957531,0.0,0.0,1.0,0.0,0.0,-0.011026451364159584,-0.017940720543265343
test:1515,Qwen3-8B,43,conflict,norm_matched,6,final,101,0.0,0.0,0.03256956860423088,0.030419640243053436,0.03410397842526436,0.0,0.0,0.0,0.0,0.0,-0.0015344098210334778,0.0021499283611774445
test:1418,Qwen3-8B,43,conflict,norm_matched,6,final,149,0.0,0.0,0.031431738287210464,0.03530656173825264,0.033098701387643814,0.0,0.0,1.0,0.0,0.0,-0.0016669631004333496,-0.0038748234510421753
test:999,Qwen3-8B,43,conflict,norm_matched,6,final,153,0.0,0.0,0.03432222828269005,0.03660110756754875,0.01995086297392845,0.0,0.0,1.0,0.0,1.0,0.014371365308761597,-0.0022788792848587036
test:1431,Qwen3-8B,43,conflict,norm_matched,6,final,181,0.0,0.0,0.01903306506574154,0.024643322452902794,0.029579220339655876,0.0,0.0,0.0,0.0,0.0,-0.010546155273914337,-0.005610257387161255
test:702,Qwen3-8B,43,conflict,norm_matched,6,final,24,0.0,0.0,0.031821779906749725,0.031053630635142326,0.03446730971336365,0.0,0.0,0.0,0.0,0.0,-0.002645529806613922,0.000768149271607399
test:111,Qwen3-8B,43,conflict,norm_matched,6,final,71,0.0,0.0,0.04658900201320648,0.06068383529782295,0.04446542263031006,0.0,0.0,1.0,0.0,1.0,0.0021235793828964233,-0.01409483328461647
test:1039,Qwen3-8B,43,conflict,norm_matched,6,final,48,0.0,0.0,0.044416870921850204,0.025209501385688782,0.031210333108901978,0.0,0.0,0.0,0.0,1.0,0.013206537812948227,0.019207369536161423
test:586,Qwen3-8B,43,conflict,norm_matched,6,final,74,0.0,0.0,0.01577560231089592,0.048097334802150726,0.011467620730400085,0.0,0.0,1.0,0.0,1.0,0.004307981580495834,-0.032321732491254807
test:733,Qwen3-8B,43,conflict,norm_matched,6,final,54,0.0,0.0,0.03262824937701225,0.035845983773469925,0.03137714043259621,0.0,0.0,1.0,0.0,1.0,0.0012511089444160461,-0.003217734396457672
test:562,Qwen3-8B,43,conflict,norm_matched,6,final,128,0.0,0.0,0.008853583596646786,0.03134762495756149,-0.00046938774175941944,0.0,0.0,1.0,0.0,1.0,0.009322971338406205,-0.022494041360914707
test:367,Qwen3-8B,43,conflict,norm_matched,6,final,102,0.0,0.0,0.022752678021788597,0.025999369099736214,0.01384661253541708,0.0,0.0,1.0,0.0,1.0,0.008906065486371517,-0.0032466910779476166
test:2093,Qwen3-8B,43,conflict,norm_matched,6,final,189,0.0,0.0,0.045793741941452026,0.044616714119911194,0.04153711348772049,0.0,0.0,1.0,0.0,1.0,0.004256628453731537,0.0011770278215408325
test:298,Qwen3-8B,43,conflict,norm_matched,6,final,52,0.0,0.0,0.06857489049434662,0.03160490095615387,0.03343015909194946,0.0,0.0,0.0,0.0,1.0,0.035144731402397156,0.03696998953819275
test:618,Qwen3-8B,43,conflict,norm_matched,6,final,37,0.0,0.0,0.015450255014002323,0.020447954535484314,0.015347568318247795,0.0,0.0,1.0,0.0,1.0,0.00010268669575452805,-0.004997699521481991
test:213,Qwen3-8B,43,conflict,norm_matched,6,final,191,0.0,0.0,0.01340864971280098,0.05578002706170082,0.02882612682878971,0.0,0.0,1.0,0.0,0.0,-0.015417477115988731,-0.04237137734889984
test:1770,Qwen3-8B,43,conflict,norm_matched,6,final,38,0.0,0.0,0.020564118400216103,0.021050570532679558,0.009758824482560158,0.0,0.0,1.0,0.0,1.0,0.010805293917655945,-0.0004864521324634552
test:784,Qwen3-8B,43,conflict,norm_matched,6,final,164,0.0,0.0,0.032429106533527374,0.051401518285274506,0.05152948200702667,0.0,0.0,0.0,0.0,0.0,-0.019100375473499298,-0.01897241175174713
test:748,Qwen3-8B,43,conflict,norm_matched,6,final,160,0.0,0.0,0.015832165256142616,0.019002795219421387,0.01583894155919552,0.0,0.0,1.0,0.0,0.0,-6.776303052902222e-06,-0.0031706299632787704
test:691,Qwen3-8B,43,conflict,norm_matched,6,final,198,0.0,0.0,0.052498236298561096,0.07333496958017349,0.07758796215057373,0.0,0.0,0.0,0.0,0.0,-0.025089725852012634,-0.020836733281612396
test:1521,Qwen3-8B,43,conflict,norm_matched,6,final,145,0.0,0.0,0.020648693665862083,0.024079149588942528,0.02293907105922699,0.0,0.0,1.0,0.0,0.0,-0.0022903773933649063,-0.0034304559230804443
test:153,Qwen3-8B,43,conflict,norm_matched,6,final,104,0.0,0.0,0.026262572035193443,0.031286630779504776,0.040125772356987,0.0,0.0,0.0,0.0,0.0,-0.013863200321793556,-0.005024058744311333
test:1145,Qwen3-8B,43,conflict,norm_matched,6,final,176,0.0,0.0,0.03240378201007843,0.04901095852255821,0.04536941647529602,0.0,0.0,1.0,0.0,0.0,-0.01296563446521759,-0.016607176512479782
test:1941,Qwen3-8B,43,conflict,norm_matched,6,final,195,0.0,0.0,0.021971717476844788,0.03575668856501579,0.03313988447189331,0.0,0.0,1.0,0.0,0.0,-0.011168166995048523,-0.013784971088171005
test:128,Qwen3-8B,43,conflict,norm_matched,6,final,115,0.0,0.0,0.03687451779842377,0.027504287660121918,0.03508080914616585,0.0,0.0,0.0,0.0,1.0,0.0017937086522579193,0.00937023013830185
test:499,Qwen3-8B,43,conflict,norm_matched,6,final,85,0.0,0.0,0.03310387209057808,0.018387366086244583,0.01722164824604988,0.0,0.0,1.0,0.0,1.0,0.015882223844528198,0.014716506004333496
test:869,Qwen3-8B,43,conflict,norm_matched,6,final,72,0.0,0.0,0.024490837007761,0.02983703278005123,0.01264268346130848,0.0,0.0,1.0,0.0,1.0,0.011848153546452522,-0.00534619577229023
test:1236,Qwen3-8B,43,conflict,norm_matched,6,final,132,0.0,0.0,0.033382706344127655,0.03589646518230438,0.029405152425169945,0.0,0.0,1.0,0.0,1.0,0.00397755391895771,-0.0025137588381767273
test:1870,Qwen3-8B,43,conflict,norm_matched,6,final,124,0.0,0.0,0.023921020328998566,0.022617213428020477,0.0237162783741951,0.0,0.0,0.0,0.0,1.0,0.0002047419548034668,0.0013038069009780884
test:1310,Qwen3-8B,43,conflict,norm_matched,6,final,255,0.0,0.0,0.04355048015713692,0.039855387061834335,0.04417217895388603,0.0,0.0,0.0,0.0,0.0,-0.000621698796749115,0.003695093095302582
test:1221,Qwen3-8B,43,conflict,norm_matched,6,final,180,0.0,0.0,0.019618479534983635,0.02053280733525753,0.0224005039781332,0.0,0.0,0.0,0.0,0.0,-0.0027820244431495667,-0.0009143278002738953
test:257,Qwen3-8B,43,conflict,norm_matched,6,final,108,0.0,0.0,0.03019442968070507,0.02625417336821556,0.028815584257245064,0.0,0.0,0.0,0.0,1.0,0.0013788454234600067,0.00394025631248951
test:1513,Qwen3-8B,43,conflict,norm_matched,6,final,98,0.0,0.0,0.023532357066869736,0.019915973767638206,0.025100070983171463,0.0,0.0,0.0,0.0,0.0,-0.0015677139163017273,0.0036163832992315292
test:553,Qwen3-8B,43,conflict,norm_matched,6,final,42,0.0,0.0,0.06337863951921463,0.0492524690926075,0.004144221544265747,0.0,0.0,1.0,0.0,1.0,0.05923441797494888,0.014126170426607132
test:1881,Qwen3-8B,43,conflict,norm_matched,6,final,80,0.0,0.0,0.04507024958729744,0.05140937864780426,0.0469571016728878,0.0,0.0,1.0,0.0,0.0,-0.0018868520855903625,-0.006339129060506821
test:2262,Qwen3-8B,43,conflict,norm_matched,6,final,44,0.0,0.0,0.050898827612400055,0.032803162932395935,0.03239752724766731,0.0,0.0,1.0,0.0,1.0,0.018501300364732742,0.01809566468000412
test:911,Qwen3-8B,43,conflict,norm_matched,6,final,111,0.0,0.0,0.0379473939538002,0.05438019707798958,0.035656969994306564,0.0,0.0,1.0,0.0,1.0,0.002290423959493637,-0.016432803124189377
test:1947,Qwen3-8B,43,conflict,norm_matched,6,final,128,0.0,0.0,0.045679230242967606,0.042582765221595764,0.03969439119100571,0.0,0.0,1.0,0.0,1.0,0.005984839051961899,0.0030964650213718414
test:675,Qwen3-8B,43,conflict,norm_matched,6,final,183,0.0,0.0,0.027398012578487396,0.04574866592884064,0.029057087376713753,0.0,0.0,1.0,0.0,0.0,-0.0016590747982263565,-0.01835065335035324
test:979,Qwen3-8B,43,conflict,norm_matched,6,final,95,0.0,0.0,0.04208958148956299,0.025272274389863014,0.03481375798583031,0.0,0.0,0.0,0.0,1.0,0.007275823503732681,0.016817307099699974
test:783,Qwen3-8B,43,conflict,norm_matched,6,final,54,0.0,0.0,0.04957005754113197,0.05469164624810219,0.05669013038277626,0.0,0.0,0.0,0.0,0.0,-0.007120072841644287,-0.005121588706970215
test:2149,Qwen3-8B,43,conflict,norm_matched,6,final,61,0.0,0.0,0.05288417264819145,0.04798242449760437,0.030489496886730194,0.0,0.0,1.0,0.0,1.0,0.022394675761461258,0.004901748150587082
test:1231,Qwen3-8B,43,conflict,norm_matched,6,final,152,0.0,0.0,0.030330892652273178,0.028346046805381775,0.018615128472447395,0.0,0.0,1.0,0.0,1.0,0.011715764179825783,0.001984845846891403
test:68,Qwen3-8B,43,conflict,norm_matched,6,final,61,0.0,0.0,0.05121095851063728,0.045228905975818634,0.04819967597723007,0.0,0.0,0.0,0.0,1.0,0.0030112825334072113,0.005982052534818649
test:180,Qwen3-8B,43,conflict,norm_matched,6,final,61,0.0,0.0,0.016995573416352272,0.01634923182427883,0.014757297933101654,0.0,0.0,1.0,0.0,1.0,0.002238275483250618,0.0006463415920734406
test:2034,Qwen3-8B,43,conflict,norm_matched,6,final,29,0.0,0.0,0.04294218868017197,0.035508617758750916,0.03852696344256401,0.0,0.0,0.0,0.0,1.0,0.004415225237607956,0.007433570921421051
test:1007,Qwen3-8B,43,conflict,norm_matched,6,final,209,0.0,0.0,0.0339810848236084,0.046674471348524094,0.04536779224872589,0.0,0.0,1.0,0.0,0.0,-0.011386707425117493,-0.012693386524915695
test:1917,Qwen3-8B,43,conflict,norm_matched,6,final,57,0.0,0.0,0.04005822911858559,0.02839893475174904,0.02954145520925522,0.0,0.0,0.0,0.0,1.0,0.010516773909330368,0.011659294366836548
test:1869,Qwen3-8B,43,conflict,norm_matched,6,final,44,0.0,0.0,0.018243486061692238,0.05381469056010246,0.010453087277710438,0.0,0.0,1.0,0.0,1.0,0.0077903987839818,-0.035571204498410225
test:1819,Qwen3-8B,43,conflict,norm_matched,6,final,64,0.0,0.0,0.01608726754784584,0.055540814995765686,0.029356610029935837,0.0,0.0,1.0,0.0,0.0,-0.013269342482089996,-0.039453547447919846
test:225,Qwen3-8B,43,conflict,norm_matched,6,final,167,0.0,0.0,0.020577354356646538,0.029606230556964874,0.025335364043712616,0.0,0.0,1.0,0.0,0.0,-0.004758009687066078,-0.009028876200318336
test:1978,Qwen3-8B,43,conflict,norm_matched,6,final,116,0.0,0.0,0.08810676634311676,0.07490245997905731,0.08392030000686646,0.0,0.0,0.0,0.0,1.0,0.004186466336250305,0.013204306364059448
test:1849,Qwen3-8B,43,conflict,norm_matched,6,final,21,0.0,0.0,0.032935213297605515,0.030934378504753113,0.029329700395464897,0.0,0.0,1.0,0.0,1.0,0.0036055129021406174,0.0020008347928524017
test:1267,Qwen3-8B,43,conflict,norm_matched,6,final,88,0.0,0.0,0.030787268653512,0.029304075986146927,0.025785543024539948,0.0,0.0,1.0,0.0,1.0,0.0050017256289720535,0.0014831926673650742
test:2014,Qwen3-8B,43,conflict,norm_matched,6,final,224,0.0,0.0,0.04165934398770332,0.04973631724715233,0.042747434228658676,0.0,0.0,1.0,0.0,0.0,-0.0010880902409553528,-0.008076973259449005
test:747,Qwen3-8B,43,conflict,norm_matched,6,final,151,0.0,0.0,0.04987715557217598,0.05074356868863106,0.04634206369519234,0.0,0.0,1.0,0.0,1.0,0.0035350918769836426,-0.0008664131164550781
test:1536,Qwen3-8B,43,conflict,norm_matched,6,final,68,0.0,0.0,0.02117670699954033,0.010979469865560532,0.018688982352614403,0.0,0.0,0.0,0.0,1.0,0.002487724646925926,0.010197237133979797
test:495,Qwen3-8B,43,conflict,norm_matched,6,final,199,0.0,0.0,0.02048712968826294,0.018087344244122505,0.04038495570421219,0.0,0.0,0.0,0.0,0.0,-0.01989782601594925,0.0023997854441404343
test:1218,Qwen3-8B,43,conflict,norm_matched,6,final,137,0.0,0.0,0.03706950694322586,0.025992920622229576,0.03329797461628914,0.0,0.0,0.0,0.0,1.0,0.003771532326936722,0.011076586320996284
test:908,Qwen3-8B,43,conflict,norm_matched,6,final,42,0.0,0.0,0.06160075590014458,0.046585507690906525,-0.02191799320280552,0.0,0.0,1.0,0.0,1.0,0.0835187491029501,0.015015248209238052
test:284,Qwen3-8B,43,conflict,norm_matched,6,final,93,0.0,0.0,0.10726530104875565,0.11077263206243515,0.05875546485185623,0.0,0.0,1.0,0.0,1.0,0.048509836196899414,-0.0035073310136795044
test:307,Qwen3-8B,43,conflict,norm_matched,6,final,129,0.0,0.0,0.022367354482412338,0.010779356583952904,0.00804467685520649,0.0,0.0,1.0,0.0,1.0,0.014322677627205849,0.011587997898459435
test:1101,Qwen3-8B,43,conflict,norm_matched,6,final,188,0.0,0.0,0.01276506669819355,0.014568733982741833,0.018745293840765953,0.0,0.0,0.0,0.0,0.0,-0.005980227142572403,-0.0018036672845482826
test:2091,Qwen3-8B,43,conflict,norm_matched,6,final,31,0.0,0.0,0.05146266520023346,0.049485914409160614,0.04214392229914665,0.0,0.0,1.0,0.0,1.0,0.009318742901086807,0.0019767507910728455
test:1343,Qwen3-8B,43,conflict,norm_matched,6,final,159,0.0,0.0,0.035175155848264694,0.029759814962744713,0.0327637642621994,0.0,0.0,0.0,0.0,1.0,0.0024113915860652924,0.005415340885519981
test:312,Qwen3-8B,43,conflict,norm_matched,6,final,218,0.0,0.0,0.033538177609443665,0.04614952579140663,0.03171948343515396,0.0,0.0,1.0,0.0,1.0,0.0018186941742897034,-0.012611348181962967
test:1853,Qwen3-8B,43,conflict,norm_matched,6,final,235,0.0,0.0,0.02227826789021492,0.027209492400288582,0.024625375866889954,0.0,0.0,1.0,0.0,0.0,-0.0023471079766750336,-0.004931224510073662
test:2161,Qwen3-8B,43,conflict,norm_matched,6,final,37,0.0,0.0,0.02381443977355957,0.019019167870283127,0.016466880217194557,0.0,0.0,1.0,0.0,1.0,0.007347559556365013,0.0047952719032764435
test:993,Qwen3-8B,43,conflict,norm_matched,6,final,124,0.0,0.0,0.04306133836507797,0.03171151876449585,0.016666028648614883,0.0,0.0,1.0,0.0,1.0,0.02639530971646309,0.011349819600582123
test:1764,Qwen3-8B,43,conflict,norm_matched,6,final,151,0.0,0.0,0.044452790170907974,0.060684822499752045,0.03225678578019142,0.0,0.0,1.0,0.0,1.0,0.012196004390716553,-0.01623203232884407
test:1238,Qwen3-8B,43,conflict,norm_matched,6,final,212,0.0,0.0,0.03049921989440918,0.025139382109045982,0.022436439990997314,0.0,0.0,1.0,0.0,1.0,0.008062779903411865,0.005359837785363197
test:2222,Qwen3-8B,43,conflict,norm_matched,6,final,56,0.0,0.0,0.054231300950050354,0.06312812119722366,0.07751938700675964,0.0,0.0,0.0,0.0,0.0,-0.02328808605670929,-0.00889682024717331
test:2007,Qwen3-8B,43,conflict,norm_matched,6,final,123,0.0,0.0,0.04210783168673515,0.03491077944636345,0.042699601501226425,0.0,0.0,0.0,0.0,0.0,-0.000591769814491272,0.007197052240371704
test:1177,Qwen3-8B,43,conflict,norm_matched,6,final,206,0.0,0.0,0.026329541578888893,0.030963841825723648,0.030335962772369385,0.0,0.0,1.0,0.0,0.0,-0.004006421193480492,-0.004634300246834755
test:378,Qwen3-8B,43,conflict,norm_matched,6,final,238,0.0,0.0,0.02819467894732952,0.026552844792604446,0.015539534389972687,0.0,0.0,1.0,0.0,1.0,0.012655144557356834,0.0016418341547250748
test:1086,Qwen3-8B,43,conflict,norm_matched,6,final,109,0.0,0.0,0.04377535730600357,0.040897186845541,0.037044648081064224,0.0,0.0,1.0,0.0,1.0,0.006730709224939346,0.00287817046046257
test:350,Qwen3-8B,43,conflict,norm_matched,6,final,174,0.0,0.0,0.022448621690273285,0.013711749576032162,0.020310744643211365,0.0,0.0,0.0,0.0,1.0,0.00213787704706192,0.008736872114241123
test:2256,Qwen3-8B,43,conflict,norm_matched,6,final,154,0.0,0.0,0.02187042310833931,0.0323498360812664,0.025482874363660812,0.0,0.0,1.0,0.0,0.0,-0.0036124512553215027,-0.010479412972927094
test:2064,Qwen3-8B,43,conflict,norm_matched,6,final,257,0.0,0.0,0.01709292270243168,0.016910359263420105,0.023172518238425255,0.0,0.0,0.0,0.0,0.0,-0.006079595535993576,0.0001825634390115738
test:635,Qwen3-8B,43,conflict,norm_matched,6,final,25,0.0,0.0,0.019418053328990936,0.03583819046616554,0.010334810242056847,0.0,0.0,1.0,0.0,1.0,0.00908324308693409,-0.016420137137174606
test:2182,Qwen3-8B,43,conflict,norm_matched,6,final,182,0.0,0.0,0.057657524943351746,0.050655607134103775,0.04830795153975487,0.0,0.0,1.0,0.0,1.0,0.009349573403596878,0.007001917809247971
test:502,Qwen3-8B,43,conflict,norm_matched,6,final,261,0.0,0.0,0.023291882127523422,0.024602718651294708,0.01959232985973358,0.0,0.0,1.0,0.0,1.0,0.0036995522677898407,-0.001310836523771286
test:434,Qwen3-8B,43,conflict,norm_matched,6,final,174,0.0,0.0,0.026145458221435547,0.05270592123270035,0.04347672313451767,0.0,0.0,1.0,0.0,0.0,-0.017331264913082123,-0.0265604630112648
test:1225,Qwen3-8B,43,conflict,norm_matched,6,final,198,0.0,0.0,0.027574144303798676,0.027426064014434814,0.02696390263736248,0.0,0.0,1.0,0.0,1.0,0.0006102416664361954,0.00014808028936386108
test:1483,Qwen3-8B,43,conflict,norm_matched,6,final,129,0.0,0.0,0.03244964778423309,0.027438048273324966,0.018812334164977074,0.0,0.0,1.0,0.0,1.0,0.01363731361925602,0.005011599510908127
test:327,Qwen3-8B,43,conflict,norm_matched,6,final,178,0.0,0.0,0.06083609536290169,0.05113993585109711,0.04048901051282883,0.0,0.0,1.0,0.0,1.0,0.02034708485007286,0.00969615951180458
test:646,Qwen3-8B,43,conflict,norm_matched,6,final,227,0.0,0.0,0.04210324585437775,0.05817950516939163,0.00962922815233469,0.0,0.0,1.0,0.0,1.0,0.032474017702043056,-0.016076259315013885
test:1214,Qwen3-8B,43,conflict,norm_matched,6,final,93,0.0,0.0,0.047182269394397736,0.03645496442914009,0.04094652459025383,0.0,0.0,0.0,0.0,1.0,0.006235744804143906,0.010727304965257645
test:1722,Qwen3-8B,43,conflict,norm_matched,6,final,248,0.0,0.0,0.03596639633178711,0.045659251511096954,0.045163705945014954,0.0,0.0,1.0,0.0,0.0,-0.009197309613227844,-0.009692855179309845
test:2062,Qwen3-8B,43,conflict,norm_matched,6,final,274,0.0,0.0,0.03828281909227371,0.04958822950720787,0.041687577962875366,0.0,0.0,1.0,0.0,0.0,-0.003404758870601654,-0.011305410414934158
test:1009,Qwen3-8B,43,conflict,norm_matched,6,final,46,0.0,0.0,0.03226420283317566,0.02844565361738205,0.044213466346263885,0.0,0.0,0.0,0.0,0.0,-0.011949263513088226,0.0038185492157936096
test:92,Qwen3-8B,43,conflict,norm_matched,6,final,187,0.0,0.0,0.023733360692858696,0.03312715142965317,0.02073904685676098,0.0,0.0,1.0,0.0,1.0,0.0029943138360977173,-0.009393790736794472
test:471,Qwen3-8B,43,conflict,norm_matched,6,final,100,0.0,0.0,0.02310173586010933,0.023951532319188118,0.027040980756282806,0.0,0.0,0.0,0.0,0.0,-0.003939244896173477,-0.0008497964590787888
test:1083,Qwen3-8B,43,conflict,norm_matched,6,final,302,0.0,0.0,0.05823379009962082,0.09080483764410019,0.09474894404411316,0.0,0.0,0.0,0.0,0.0,-0.03651515394449234,-0.03257104754447937
test:2108,Qwen3-8B,43,conflict,norm_matched,6,final,317,0.0,0.0,0.040818747133016586,0.05363290756940842,0.04778924584388733,0.0,0.0,1.0,0.0,0.0,-0.006970498710870743,-0.01281416043639183
test:2227,Qwen3-8B,43,conflict,norm_matched,6,final,111,0.0,0.0,0.022095536813139915,0.027278155088424683,0.021907862275838852,0.0,0.0,1.0,0.0,1.0,0.00018767453730106354,-0.005182618275284767
test:1251,Qwen3-8B,43,conflict,norm_matched,6,final,193,0.0,0.0,0.0164551492780447,0.016960326582193375,0.020999129861593246,0.0,0.0,0.0,0.0,0.0,-0.004543980583548546,-0.000505177304148674
test:498,Qwen3-8B,43,conflict,norm_matched,6,final,167,0.0,0.0,0.03612092509865761,0.028557801619172096,0.03538614138960838,0.0,0.0,0.0,0.0,1.0,0.0007347837090492249,0.007563123479485512
test:1920,Qwen3-8B,43,conflict,norm_matched,6,final,84,0.0,0.0,0.044364698231220245,0.06104050204157829,0.048119883984327316,0.0,0.0,1.0,0.0,0.0,-0.003755185753107071,-0.016675803810358047
test:1845,Qwen3-8B,43,conflict,norm_matched,6,final,108,0.0,0.0,0.03716119006276131,0.03943882882595062,0.036258019506931305,0.0,0.0,1.0,0.0,1.0,0.0009031705558300018,-0.002277638763189316
test:1790,Qwen3-8B,43,conflict,norm_matched,6,final,165,0.0,0.0,0.020290717482566833,0.02344462275505066,0.01525814551860094,0.0,0.0,1.0,0.0,1.0,0.005032571963965893,-0.0031539052724838257
test:1563,Qwen3-8B,43,conflict,norm_matched,6,final,10,0.0,0.0,0.019533127546310425,0.027700457721948624,0.02881765179336071,0.0,0.0,0.0,0.0,0.0,-0.009284524247050285,-0.008167330175638199
test:1715,Qwen3-8B,43,conflict,norm_matched,6,final,258,0.0,0.0,0.04236363619565964,0.038369737565517426,0.038708142936229706,0.0,0.0,0.0,0.0,1.0,0.0036554932594299316,0.003993898630142212
test:1395,Qwen3-8B,43,conflict,norm_matched,6,final,50,0.0,0.0,0.05543557181954384,0.052906136959791183,0.042692650109529495,0.0,0.0,1.0,0.0,1.0,0.012742921710014343,0.002529434859752655
test:923,Qwen3-8B,43,conflict,norm_matched,6,final,251,0.0,0.0,0.026829363778233528,0.02447693422436714,0.021411534398794174,0.0,0.0,1.0,0.0,1.0,0.005417829379439354,0.0023524295538663864
test:800,Qwen3-8B,43,conflict,norm_matched,6,final,89,0.0,0.0,0.05269351974129677,0.04440002143383026,0.05611683800816536,0.0,0.0,0.0,0.0,0.0,-0.0034233182668685913,0.008293498307466507
test:1525,Qwen3-8B,43,conflict,norm_matched,6,final,50,0.0,0.0,0.02150537632405758,0.022072654217481613,0.02648376300930977,0.0,0.0,0.0,0.0,0.0,-0.00497838668525219,-0.0005672778934240341
test:617,Qwen3-8B,43,conflict,norm_matched,6,final,41,0.0,0.0,0.020445186644792557,0.015448023565113544,0.024233145639300346,0.0,0.0,0.0,0.0,0.0,-0.0037879589945077896,0.004997163079679012
test:2225,Qwen3-8B,43,conflict,norm_matched,6,final,42,0.0,0.0,0.03499101102352142,0.03382427617907524,0.03418009355664253,0.0,0.0,0.0,0.0,1.0,0.000810917466878891,0.0011667348444461823
test:125,Qwen3-8B,43,conflict,norm_matched,6,final,83,0.0,0.0,0.03367667272686958,0.02136804535984993,0.019986532628536224,0.0,0.0,1.0,0.0,1.0,0.013690140098333359,0.012308627367019653
test:1316,Qwen3-8B,43,conflict,norm_matched,6,final,129,0.0,0.0,0.015388992615044117,0.023766884580254555,0.013675548136234283,0.0,0.0,1.0,0.0,1.0,0.0017134444788098335,-0.008377891965210438
test:1848,Qwen3-8B,43,conflict,norm_matched,6,final,81,0.0,0.0,0.030972151085734367,0.039306383579969406,0.037506185472011566,0.0,0.0,1.0,0.0,0.0,-0.006534034386277199,-0.008334232494235039
test:1481,Qwen3-8B,43,conflict,norm_matched,6,final,18,0.0,0.0,0.02849474549293518,0.01904454082250595,0.02078063413500786,0.0,0.0,0.0,0.0,1.0,0.007714111357927322,0.00945020467042923
test:1667,Qwen3-8B,43,conflict,norm_matched,6,final,159,0.0,0.0,0.029140671715140343,0.026412777602672577,0.024482131004333496,0.0,0.0,1.0,0.0,1.0,0.004658540710806847,0.002727894112467766
test:1901,Qwen3-8B,43,conflict,norm_matched,6,final,201,0.0,0.0,0.0347253680229187,0.03465048223733902,0.034519877284765244,0.0,0.0,1.0,0.0,1.0,0.00020549073815345764,7.48857855796814e-05
test:1673,Qwen3-8B,43,conflict,norm_matched,6,final,267,0.0,0.0,0.04020771011710167,0.038494523614645004,0.03712281212210655,0.0,0.0,1.0,0.0,1.0,0.003084897994995117,0.001713186502456665
test:2280,Qwen3-8B,43,conflict,norm_matched,6,final,77,0.0,0.0,0.0445404089987278,0.037636566907167435,0.03847773000597954,0.0,0.0,0.0,0.0,1.0,0.0060626789927482605,0.006903842091560364
test:2251,Qwen3-8B,43,conflict,norm_matched,6,final,63,0.0,0.0,0.02462177723646164,0.028710100799798965,0.02169742062687874,0.0,0.0,1.0,0.0,1.0,0.002924356609582901,-0.004088323563337326
test:512,Qwen3-8B,43,conflict,norm_matched,6,final,40,0.0,0.0,0.018856162205338478,0.03575548529624939,0.029462872073054314,0.0,0.0,1.0,0.0,0.0,-0.010606709867715836,-0.01689932309091091
test:220,Qwen3-8B,43,conflict,norm_matched,6,final,113,0.0,0.0,0.02491629868745804,0.02969576045870781,0.026866592466831207,0.0,0.0,1.0,0.0,0.0,-0.001950293779373169,-0.004779461771249771
test:997,Qwen3-8B,43,conflict,norm_matched,6,final,307,0.0,0.0,0.009991172701120377,0.039102423936128616,0.0182343702763319,0.0,0.0,1.0,0.0,0.0,-0.008243197575211525,-0.02911125123500824
test:1553,Qwen3-8B,43,conflict,norm_matched,6,final,108,0.0,0.0,0.03146478906273842,0.05189308524131775,0.036575548350811005,0.0,0.0,1.0,0.0,0.0,-0.005110759288072586,-0.02042829617857933
test:731,Qwen3-8B,43,conflict,norm_matched,6,final,101,0.0,0.0,0.03693273290991783,0.03701469302177429,0.0273133534938097,0.0,0.0,1.0,0.0,1.0,0.009619379416108131,-8.196011185646057e-05
test:1433,Qwen3-8B,43,conflict,norm_matched,6,final,52,0.0,0.0,0.04682890698313713,0.02725430577993393,0.016944510862231255,0.0,0.0,1.0,0.0,1.0,0.029884396120905876,0.0195746012032032
test:65,Qwen3-8B,43,conflict,norm_matched,6,final,168,0.0,0.0,0.02571268379688263,0.0473291277885437,0.04762052372097969,0.0,0.0,0.0,0.0,0.0,-0.02190783992409706,-0.021616443991661072
test:1575,Qwen3-8B,43,conflict,norm_matched,6,final,48,0.0,0.0,0.030283134430646896,0.033936403691768646,0.026178302243351936,0.0,0.0,1.0,0.0,1.0,0.00410483218729496,-0.00365326926112175
test:1784,Qwen3-8B,43,conflict,norm_matched,6,final,120,0.0,0.0,0.01468587014824152,0.019300537183880806,0.02228810079395771,0.0,0.0,0.0,0.0,0.0,-0.00760223064571619,-0.004614667035639286
test:1566,Qwen3-8B,43,conflict,norm_matched,6,final,72,0.0,0.0,0.0519038625061512,0.0446927584707737,0.04029301181435585,0.0,0.0,1.0,0.0,1.0,0.011610850691795349,0.0072111040353775024
test:1807,Qwen3-8B,43,conflict,norm_matched,6,final,272,0.0,0.0,0.02081546001136303,0.02630077861249447,0.030121836811304092,0.0,0.0,0.0,0.0,0.0,-0.009306376799941063,-0.005485318601131439
test:1408,Qwen3-8B,43,conflict,norm_matched,6,final,115,0.0,0.0,0.05773337557911873,0.05739288404583931,0.04834455996751785,0.0,0.0,1.0,0.0,1.0,0.009388815611600876,0.00034049153327941895
test:621,Qwen3-8B,43,conflict,norm_matched,6,final,85,0.0,0.0,0.03269099444150925,0.030074885115027428,0.02655061148107052,0.0,0.0,1.0,0.0,1.0,0.006140382960438728,0.002616109326481819
test:531,Qwen3-8B,43,conflict,norm_matched,6,final,61,0.0,0.0,0.038138993084430695,0.02410861849784851,0.03329966217279434,0.0,0.0,0.0,0.0,1.0,0.0048393309116363525,0.014030374586582184
test:394,Qwen3-8B,43,conflict,norm_matched,6,final,70,0.0,0.0,0.03564966842532158,0.026846107095479965,0.0019416104769334197,0.0,0.0,1.0,0.0,1.0,0.03370805794838816,0.008803561329841614
test:641,Qwen3-8B,43,conflict,norm_matched,6,final,308,0.0,0.0,0.04994991794228554,0.10115951299667358,0.07151065021753311,0.0,0.0,1.0,0.0,0.0,-0.021560732275247574,-0.051209595054388046
test:2003,Qwen3-8B,43,conflict,norm_matched,6,final,35,0.0,0.0,0.03641149029135704,0.023637790232896805,0.03277665376663208,0.0,0.0,0.0,0.0,1.0,0.0036348365247249603,0.012773700058460236
test:243,Qwen3-8B,43,conflict,norm_matched,6,final,308,0.0,0.0,0.035385195165872574,0.023873627185821533,0.033241309225559235,0.0,0.0,0.0,0.0,1.0,0.0021438859403133392,0.01151156798005104
test:85,Qwen3-8B,43,conflict,norm_matched,6,final,353,0.0,0.0,0.005485366564244032,0.028989914804697037,0.04309558868408203,0.0,0.0,0.0,0.0,0.0,-0.037610222119838,-0.023504548240453005
test:847,Qwen3-8B,43,conflict,norm_matched,6,final,103,0.0,0.0,0.020154565572738647,0.060160938650369644,0.012036568485200405,0.0,0.0,1.0,0.0,1.0,0.008117997087538242,-0.040006373077631
test:4,Qwen3-8B,43,conflict,norm_matched,6,final,47,0.0,0.0,0.06592102348804474,0.06005191057920456,0.06422516703605652,0.0,0.0,0.0,0.0,1.0,0.0016958564519882202,0.0058691129088401794
test:468,Qwen3-8B,43,conflict,norm_matched,6,final,179,0.0,0.0,0.024035148322582245,0.03339305520057678,0.021116528660058975,0.0,0.0,1.0,0.0,1.0,0.0029186196625232697,-0.009357906877994537
test:1928,Qwen3-8B,43,conflict,norm_matched,6,final,332,0.0,0.0,0.04213457554578781,0.06216741353273392,0.0333951972424984,0.0,0.0,1.0,0.0,1.0,0.008739378303289413,-0.020032837986946106
test:822,Qwen3-8B,43,conflict,norm_matched,6,final,23,0.0,0.0,0.017864663153886795,0.025489656254649162,0.05338691920042038,0.0,0.0,0.0,0.0,0.0,-0.035522256046533585,-0.007624993100762367
test:1805,Qwen3-8B,43,conflict,norm_matched,6,final,247,0.0,0.0,0.036844342947006226,0.04515606537461281,0.022649627178907394,0.0,0.0,1.0,0.0,1.0,0.014194715768098831,-0.008311722427606583
test:879,Qwen3-8B,43,conflict,norm_matched,6,final,147,0.0,0.0,0.02646547555923462,0.020371560007333755,0.02756805159151554,0.0,0.0,0.0,0.0,0.0,-0.001102576032280922,0.006093915551900864
test:1902,Qwen3-8B,43,conflict,norm_matched,6,final,335,0.0,0.0,0.029272112995386124,0.031550854444503784,0.03514090180397034,0.0,0.0,0.0,0.0,0.0,-0.005868788808584213,-0.0022787414491176605
test:1933,Qwen3-8B,43,conflict,norm_matched,6,final,91,0.0,0.0,0.030471071600914,0.02644936367869377,0.011243571527302265,0.0,0.0,1.0,0.0,1.0,0.019227500073611736,0.00402170792222023
test:577,Qwen3-8B,43,conflict,norm_matched,6,final,370,0.0,0.0,0.025291496887803078,0.0268204677850008,0.030932102352380753,0.0,0.0,0.0,0.0,0.0,-0.005640605464577675,-0.0015289708971977234
test:1749,Qwen3-8B,43,conflict,norm_matched,6,final,251,0.0,0.0,0.027163665741682053,0.028216378763318062,0.02505638264119625,0.0,0.0,1.0,0.0,1.0,0.0021072831004858017,-0.0010527130216360092
test:15,Qwen3-8B,43,conflict,norm_matched,6,final,50,0.0,0.0,0.09641027450561523,0.03373623266816139,0.06360441446304321,0.0,0.0,0.0,0.0,1.0,0.03280586004257202,0.06267404183745384
test:1753,Qwen3-8B,43,conflict,norm_matched,6,final,122,0.0,0.0,0.04620666056871414,0.030989373102784157,0.03487527742981911,0.0,0.0,0.0,0.0,1.0,0.011331383138895035,0.015217287465929985
test:665,Qwen3-8B,43,conflict,norm_matched,6,final,135,0.0,0.0,0.03702344000339508,0.027163514867424965,0.025861887261271477,0.0,0.0,1.0,0.0,1.0,0.011161552742123604,0.009859925135970116
test:569,Qwen3-8B,43,conflict,norm_matched,6,final,75,0.0,0.0,0.030115410685539246,0.025261791422963142,0.019667865708470345,0.0,0.0,1.0,0.0,1.0,0.010447544977068901,0.004853619262576103
test:1203,Qwen3-8B,43,conflict,norm_matched,6,final,68,0.0,0.0,0.03727489337325096,0.03814532235264778,0.024990171194076538,0.0,0.0,1.0,0.0,1.0,0.012284722179174423,-0.0008704289793968201
test:2105,Qwen3-8B,43,conflict,norm_matched,6,final,84,0.0,0.0,0.12802037596702576,0.09977655112743378,0.1140793189406395,0.0,0.0,0.0,0.0,1.0,0.013941057026386261,0.02824382483959198
test:426,Qwen3-8B,43,conflict,norm_matched,6,final,107,0.0,0.0,0.02470313385128975,0.02580895461142063,0.022119326516985893,0.0,0.0,1.0,0.0,1.0,0.002583807334303856,-0.0011058207601308823
test:123,Qwen3-8B,43,conflict,norm_matched,6,final,275,0.0,0.0,0.040276508778333664,0.02230161800980568,0.027108781039714813,0.0,0.0,0.0,0.0,1.0,0.01316772773861885,0.017974890768527985
test:1405,Qwen3-8B,43,conflict,norm_matched,6,final,248,0.0,0.0,0.03354039415717125,0.03310133144259453,0.023163385689258575,0.0,0.0,1.0,0.0,1.0,0.010377008467912674,0.0004390627145767212
test:796,Qwen3-8B,43,conflict,norm_matched,6,final,122,0.0,0.0,0.01836862787604332,0.03309673070907593,0.052438121289014816,0.0,0.0,0.0,0.0,0.0,-0.0340694934129715,-0.014728102833032608
test:2166,Qwen3-8B,43,conflict,norm_matched,6,final,99,0.0,0.0,0.051168087869882584,0.0534508116543293,0.026006989181041718,0.0,0.0,1.0,0.0,1.0,0.025161098688840866,-0.0022827237844467163
test:1179,Qwen3-8B,43,conflict,norm_matched,6,final,91,0.0,0.0,0.04153681546449661,0.028947843238711357,0.029099933803081512,0.0,0.0,0.0,0.0,1.0,0.0124368816614151,0.012588972225785255
test:375,Qwen3-8B,43,conflict,norm_matched,6,final,226,0.0,0.0,0.03139273449778557,0.028721841052174568,0.015380015596747398,0.0,0.0,1.0,0.0,1.0,0.01601271890103817,0.002670893445611
test:1143,Qwen3-8B,43,conflict,norm_matched,6,final,232,0.0,0.0,0.060028187930583954,0.04428232088685036,0.04516950622200966,0.0,0.0,0.0,0.0,1.0,0.014858681708574295,0.015745867043733597
test:1882,Qwen3-8B,43,conflict,norm_matched,6,final,60,0.0,0.0,0.05805002897977829,0.03148554265499115,0.046210676431655884,0.0,0.0,0.0,0.0,1.0,0.011839352548122406,0.02656448632478714
test:404,Qwen3-8B,43,conflict,norm_matched,6,final,76,0.0,0.0,0.02800714038312435,0.02251308038830757,0.01676805689930916,0.0,0.0,1.0,0.0,1.0,0.011239083483815193,0.00549405999481678
test:2056,Qwen3-8B,43,conflict,norm_matched,6,final,296,0.0,0.0,0.04735148698091507,0.04749255254864693,0.040522560477256775,0.0,0.0,1.0,0.0,1.0,0.006828926503658295,-0.0001410655677318573
test:1331,Qwen3-8B,43,conflict,norm_matched,6,final,416,0.0,0.0,0.027623917907476425,0.04757033288478851,0.03740161657333374,0.0,0.0,1.0,0.0,0.0,-0.009777698665857315,-0.019946414977312088
test:2255,Qwen3-8B,43,conflict,norm_matched,6,final,158,0.0,0.0,0.06568830460309982,0.05686546117067337,0.01667095348238945,0.0,0.0,1.0,0.0,1.0,0.04901735112071037,0.008822843432426453
test:1122,Qwen3-8B,43,conflict,norm_matched,6,final,109,0.0,0.0,0.03773091733455658,0.03966135531663895,0.0426052063703537,0.0,0.0,0.0,0.0,0.0,-0.004874289035797119,-0.001930437982082367
test:1063,Qwen3-8B,43,conflict,norm_matched,6,final,87,0.0,0.0,0.018731001764535904,-0.0016113753663375974,0.04708203673362732,0.0,0.0,0.0,0.0,0.0,-0.028351034969091415,0.0203423771308735
test:1994,Qwen3-8B,43,conflict,norm_matched,6,final,221,0.0,0.0,0.040526822209358215,0.04459434747695923,0.04025927931070328,0.0,0.0,1.0,0.0,1.0,0.00026754289865493774,-0.004067525267601013
test:2291,Qwen3-8B,43,conflict,norm_matched,6,final,82,0.0,0.0,0.028621496632695198,0.034346360713243484,0.020998036488890648,0.0,0.0,1.0,0.0,1.0,0.00762346014380455,-0.0057248640805482864
test:287,Qwen3-8B,43,conflict,norm_matched,6,final,120,0.0,0.0,0.036273293197155,0.03991534188389778,0.020921975374221802,0.0,0.0,1.0,0.0,1.0,0.015351317822933197,-0.0036420486867427826
test:1257,Qwen3-8B,43,conflict,norm_matched,6,final,311,0.0,0.0,0.02802923321723938,0.01725025475025177,0.01969827339053154,0.0,0.0,0.0,0.0,1.0,0.00833095982670784,0.01077897846698761
test:564,Qwen3-8B,43,conflict,norm_matched,6,final,228,0.0,0.0,0.02623024396598339,0.023504801094532013,0.02388399839401245,0.0,0.0,0.0,0.0,1.0,0.0023462455719709396,0.002725442871451378
test:1836,Qwen3-8B,43,conflict,norm_matched,6,final,167,0.0,0.0,0.03968219831585884,0.04550032690167427,0.05053986236453056,0.0,0.0,0.0,0.0,0.0,-0.010857664048671722,-0.00581812858581543
test:1915,Qwen3-8B,43,conflict,norm_matched,6,final,102,0.0,0.0,0.02753334492444992,0.07186120748519897,0.003955898340791464,0.0,0.0,1.0,0.0,1.0,0.023577446583658457,-0.044327862560749054
test:444,Qwen3-8B,43,conflict,norm_matched,6,final,150,0.0,0.0,0.029408033937215805,0.03306221589446068,0.028683586046099663,0.0,0.0,1.0,0.0,1.0,0.0007244478911161423,-0.003654181957244873
test:2176,Qwen3-8B,43,conflict,norm_matched,6,final,141,0.0,0.0,0.02127433940768242,0.01974206231534481,0.0195716954767704,0.0,0.0,1.0,0.0,1.0,0.0017026439309120178,0.0015322770923376083
test:2145,Qwen3-8B,43,conflict,norm_matched,6,final,427,0.0,0.0,0.0067056091502308846,0.04416481405496597,0.011256142519414425,0.0,0.0,1.0,0.0,0.0,-0.00455053336918354,-0.03745920490473509
test:1174,Qwen3-8B,43,conflict,norm_matched,6,final,166,0.0,0.0,0.027036238461732864,0.025878768414258957,0.026852566748857498,0.0,0.0,0.0,0.0,1.0,0.0001836717128753662,0.0011574700474739075
test:1230,Qwen3-8B,43,conflict,norm_matched,6,final,204,0.0,0.0,0.03588971495628357,0.03193465247750282,0.02369409054517746,0.0,0.0,1.0,0.0,1.0,0.01219562441110611,0.0039550624787807465
test:1244,Qwen3-8B,43,conflict,norm_matched,6,final,340,0.0,0.0,0.02759050577878952,0.03441997617483139,0.013231064192950726,0.0,0.0,1.0,0.0,1.0,0.014359441585838795,-0.00682947039604187
test:606,Qwen3-8B,43,conflict,norm_matched,6,final,52,0.0,0.0,0.042533889412879944,0.01397697813808918,0.026154667139053345,0.0,0.0,0.0,0.0,1.0,0.0163792222738266,0.028556911274790764
test:304,Qwen3-8B,43,conflict,norm_matched,6,final,48,0.0,0.0,0.024896711111068726,0.02007032372057438,0.024206064641475677,0.0,0.0,0.0,0.0,1.0,0.0006906464695930481,0.004826387390494347
test:1390,Qwen3-8B,43,conflict,norm_matched,6,final,185,0.0,0.0,0.05380713939666748,0.030279211699962616,0.028438780456781387,0.0,0.0,1.0,0.0,1.0,0.025368358939886093,0.023527927696704865
test:1729,Qwen3-8B,43,conflict,norm_matched,6,final,120,0.0,0.0,0.044768333435058594,0.040913715958595276,0.029674947261810303,0.0,0.0,1.0,0.0,1.0,0.015093386173248291,0.003854617476463318
test:1454,Qwen3-8B,43,conflict,norm_matched,6,final,30,0.0,0.0,0.0558202899992466,0.05050847679376602,0.06514164805412292,0.0,0.0,0.0,0.0,0.0,-0.009321358054876328,0.0053118132054805756
test:858,Qwen3-8B,43,conflict,norm_matched,6,final,495,0.0,0.0,0.007913371548056602,0.043654173612594604,0.0043746610172092915,0.0,0.0,1.0,0.0,1.0,0.003538710530847311,-0.035740802064538
test:771,Qwen3-8B,43,conflict,norm_matched,6,final,277,0.0,0.0,0.04444877803325653,0.04232069477438927,0.041723981499671936,0.0,0.0,1.0,0.0,1.0,0.0027247965335845947,0.002128083258867264
test:660,Qwen3-8B,43,conflict,norm_matched,6,final,68,0.0,0.0,0.02789681777358055,0.019490843638777733,0.022974591702222824,0.0,0.0,0.0,0.0,1.0,0.004922226071357727,0.008405974134802818
test:888,Qwen3-8B,43,conflict,norm_matched,6,final,359,0.0,0.0,0.027314823120832443,0.026331555098295212,0.023746054619550705,0.0,0.0,1.0,0.0,1.0,0.0035687685012817383,0.0009832680225372314
test:413,Qwen3-8B,43,conflict,norm_matched,6,final,233,0.0,0.0,0.034898046404123306,0.012767428532242775,0.03363896533846855,0.0,0.0,0.0,0.0,1.0,0.0012590810656547546,0.02213061787188053
test:130,Qwen3-8B,43,conflict,norm_matched,6,final,179,0.0,0.0,0.05609702318906784,0.06005735695362091,0.05849051475524902,0.0,0.0,1.0,0.0,0.0,-0.002393491566181183,-0.00396033376455307
test:1147,Qwen3-8B,43,conflict,norm_matched,6,final,592,0.0,0.0,0.05715155974030495,0.03004199080169201,0.032993052154779434,0.0,0.0,0.0,0.0,1.0,0.024158507585525513,0.027109568938612938
test:42,Qwen3-8B,43,conflict,norm_matched,6,final,42,0.0,0.0,0.037972405552864075,0.01894097402691841,0.033976659178733826,0.0,0.0,0.0,0.0,1.0,0.003995746374130249,0.019031431525945663
test:1114,Qwen3-8B,43,conflict,norm_matched,6,final,378,0.0,0.0,0.07148095965385437,0.06101126968860626,0.07082756608724594,0.0,0.0,0.0,0.0,1.0,0.000653393566608429,0.010469689965248108
test:1302,Qwen3-8B,43,conflict,norm_matched,6,final,47,0.0,0.0,0.029267029836773872,0.030513236299157143,0.02575266733765602,0.0,0.0,1.0,0.0,1.0,0.0035143624991178513,-0.0012462064623832703
test:662,Qwen3-8B,43,conflict,norm_matched,6,final,352,0.0,0.0,0.03437422960996628,0.03395037725567818,0.03360557556152344,0.0,0.0,1.0,0.0,1.0,0.0007686540484428406,0.0004238523542881012
test:705,Qwen3-8B,43,conflict,norm_matched,6,final,466,0.0,0.0,0.03454022482037544,0.0218490082770586,0.02958369441330433,0.0,0.0,0.0,0.0,1.0,0.004956530407071114,0.012691216543316841
test:1413,Qwen3-8B,43,conflict,norm_matched,6,final,240,0.0,0.0,0.03520919382572174,0.033864352852106094,0.028227176517248154,0.0,0.0,1.0,0.0,1.0,0.006982017308473587,0.0013448409736156464
test:940,Qwen3-8B,43,conflict,norm_matched,6,final,141,0.0,0.0,0.04297390207648277,0.046407997608184814,0.03615972399711609,0.0,0.0,1.0,0.0,1.0,0.006814178079366684,-0.0034340955317020416
test:2162,Qwen3-8B,43,conflict,norm_matched,6,final,32,0.0,0.0,0.014607062563300133,0.012723518535494804,0.0001363348710583523,0.0,0.0,1.0,0.0,1.0,0.01447072769224178,0.0018835440278053284
test:51,Qwen3-8B,43,conflict,norm_matched,6,final,90,0.0,0.0,0.08083181083202362,0.06707655638456345,0.08768194168806076,0.0,0.0,0.0,0.0,0.0,-0.00685013085603714,0.013755254447460175
test:914,Qwen3-8B,43,conflict,norm_matched,6,final,197,0.0,0.0,0.025442691519856453,0.059278231114149094,-0.009016105905175209,0.0,0.0,1.0,0.0,1.0,0.03445879742503166,-0.03383553959429264
test:1558,Qwen3-8B,43,conflict,norm_matched,6,final,313,0.0,0.0,0.0673694834113121,0.059598345309495926,0.06346407532691956,0.0,0.0,0.0,0.0,1.0,0.0039054080843925476,0.007771138101816177
test:351,Qwen3-8B,43,conflict,norm_matched,6,final,327,0.0,0.0,0.029772205278277397,0.020710501819849014,0.01681005023419857,0.0,0.0,1.0,0.0,1.0,0.012962155044078827,0.009061703458428383
test:1503,Qwen3-8B,43,conflict,norm_matched,6,final,41,0.0,0.0,0.03777037933468819,0.04475301131606102,0.032672520726919174,0.0,0.0,1.0,0.0,1.0,0.0050978586077690125,-0.006982631981372833
test:1138,Qwen3-8B,43,conflict,norm_matched,6,final,49,0.0,0.0,0.021808108314871788,0.020270148292183876,0.011339778080582619,0.0,0.0,1.0,0.0,1.0,0.01046833023428917,0.001537960022687912
test:1205,Qwen3-8B,43,conflict,norm_matched,6,final,61,0.0,0.0,0.01989072747528553,0.04802662879228592,-0.006557154934853315,0.0,0.0,1.0,0.0,1.0,0.026447882410138845,-0.02813590131700039
test:279,Qwen3-8B,43,conflict,norm_matched,6,final,270,0.0,0.0,0.028846686705946922,0.029480241239070892,0.020731862634420395,0.0,0.0,1.0,0.0,1.0,0.008114824071526527,-0.00063355453312397
test:1783,Qwen3-8B,43,conflict,norm_matched,6,final,66,0.0,0.0,0.02771075814962387,0.03455617278814316,0.007660418748855591,0.0,0.0,1.0,0.0,1.0,0.02005033940076828,-0.006845414638519287
test:684,Qwen3-8B,43,conflict,norm_matched,6,final,1122,0.0,0.0,0.004366829991340637,0.02408626303076744,0.04044317454099655,0.0,0.0,0.0,0.0,0.0,-0.036076344549655914,-0.019719433039426804
test:158,Qwen3-8B,43,conflict,norm_matched,6,final,418,0.0,0.0,0.04513230547308922,0.04516735300421715,0.04767586290836334,0.0,0.0,0.0,0.0,0.0,-0.002543557435274124,-3.504753112792969e-05
test:295,Qwen3-8B,43,conflict,norm_matched,6,final,140,0.0,0.0,0.03923443332314491,0.0335477776825428,0.01442804466933012,0.0,0.0,1.0,0.0,1.0,0.024806388653814793,0.005686655640602112
test:1988,Qwen3-8B,43,conflict,norm_matched,6,final,27,0.0,0.0,0.032263219356536865,0.027458572760224342,0.02487342618405819,0.0,0.0,1.0,0.0,1.0,0.007389793172478676,0.004804646596312523
test:1735,Qwen3-8B,43,conflict,norm_matched,6,final,241,0.0,0.0,0.04257829114794731,0.022884024307131767,0.015983950346708298,0.0,0.0,1.0,0.0,1.0,0.026594340801239014,0.019694266840815544
test:179,Qwen3-8B,43,conflict,norm_matched,6,final,35,0.0,0.0,0.05703889578580856,0.0593220479786396,0.0046952576376497746,0.0,0.0,1.0,0.0,1.0,0.05234363814815879,-0.0022831521928310394
test:1458,Qwen3-8B,43,conflict,norm_matched,6,final,59,0.0,0.0,0.04030730202794075,0.03792406618595123,-0.013834042474627495,0.0,0.0,1.0,0.0,1.0,0.054141344502568245,0.002383235841989517
test:2202,Qwen3-8B,44,benign,norm_matched,6,final,5,0.0,0.0,0.018550893291831017,0.018550893291831017,0.023374482989311218,0.0,0.0,0.0,0.0,0.0,-0.004823589697480202,0.0
test:1068,Qwen3-8B,44,benign,norm_matched,6,final,15,0.0,0.0,0.04208176210522652,0.04208176210522652,0.04248104989528656,0.0,0.0,0.0,0.0,0.0,-0.00039928779006004333,0.0
test:913,Qwen3-8B,44,benign,norm_matched,6,final,29,0.0,0.0,0.009658080525696278,0.016749488189816475,0.016704345121979713,0.0,0.0,1.0,0.0,0.0,-0.007046264596283436,-0.007091407664120197
test:1076,Qwen3-8B,44,benign,norm_matched,6,final,28,0.0,0.0,0.024327918887138367,0.03724002093076706,0.025824004784226418,0.0,0.0,1.0,0.0,0.0,-0.0014960858970880508,-0.012912102043628693
test:563,Qwen3-8B,44,benign,norm_matched,6,final,25,0.0,0.0,0.012303859926760197,0.016066424548625946,0.02636353112757206,0.0,0.0,0.0,0.0,0.0,-0.014059671200811863,-0.0037625646218657494
test:463,Qwen3-8B,44,benign,norm_matched,6,final,28,0.0,0.0,0.009439250454306602,0.02182602882385254,0.01948607712984085,0.0,0.0,1.0,0.0,0.0,-0.010046826675534248,-0.012386778369545937
test:1684,Qwen3-8B,44,benign,norm_matched,6,final,22,0.0,0.0,0.04732184484601021,0.036126960068941116,0.03402604162693024,0.0,0.0,1.0,0.0,1.0,0.013295803219079971,0.011194884777069092
test:2243,Qwen3-8B,44,benign,norm_matched,6,final,35,0.0,0.0,0.04393201693892479,0.04976780340075493,0.0423014871776104,0.0,0.0,1.0,0.0,1.0,0.001630529761314392,-0.005835786461830139
test:1507,Qwen3-8B,44,benign,norm_matched,6,final,40,0.0,0.0,0.03165994584560394,0.06190505251288414,0.046463336795568466,0.0,0.0,1.0,0.0,0.0,-0.014803390949964523,-0.030245106667280197
test:797,Qwen3-8B,44,benign,norm_matched,6,final,31,0.0,0.0,0.029530884698033333,0.029906777665019035,0.028807969763875008,0.0,0.0,1.0,0.0,1.0,0.0007229149341583252,-0.0003758929669857025
test:991,Qwen3-8B,44,benign,norm_matched,6,final,32,0.0,0.0,0.04027629643678665,0.030911728739738464,0.03192680701613426,0.0,0.0,0.0,0.0,1.0,0.00834948942065239,0.009364567697048187
test:109,Qwen3-8B,44,benign,norm_matched,6,final,32,0.0,0.0,0.012548979371786118,0.029563112184405327,0.01732722669839859,0.0,0.0,1.0,0.0,0.0,-0.0047782473266124725,-0.01701413281261921
test:1456,Qwen3-8B,44,benign,norm_matched,6,final,32,0.0,0.0,0.02053394541144371,0.0406775176525116,0.03568048030138016,0.0,0.0,1.0,0.0,0.0,-0.015146534889936447,-0.020143572241067886
test:1171,Qwen3-8B,44,benign,norm_matched,6,final,30,0.0,0.0,0.022032445296645164,0.02699217014014721,0.032836396247148514,0.0,0.0,0.0,0.0,0.0,-0.01080395095050335,-0.004959724843502045
test:1045,Qwen3-8B,44,benign,norm_matched,6,final,40,0.0,0.0,0.05128323659300804,0.04116295650601387,0.01616520620882511,0.0,0.0,1.0,0.0,1.0,0.03511803038418293,0.010120280086994171
test:897,Qwen3-8B,44,benign,norm_matched,6,final,28,0.0,0.0,0.03235073387622833,0.03125502169132233,0.03049316257238388,0.0,0.0,1.0,0.0,1.0,0.001857571303844452,0.0010957121849060059
test:427,Qwen3-8B,44,benign,norm_matched,6,final,35,0.0,0.0,0.03462357819080353,0.030951503664255142,0.03279354050755501,0.0,0.0,0.0,0.0,1.0,0.00183003768324852,0.0036720745265483856
test:536,Qwen3-8B,44,benign,norm_matched,6,final,45,0.0,0.0,0.012432536110281944,0.04030132666230202,0.024125711992383003,0.0,0.0,1.0,0.0,0.0,-0.011693175882101059,-0.027868790552020073
test:1556,Qwen3-8B,44,benign,norm_matched,6,final,33,0.0,0.0,0.02873501367866993,0.021890928968787193,0.031628306955099106,0.0,0.0,0.0,0.0,0.0,-0.0028932932764291763,0.006844084709882736
test:1638,Qwen3-8B,44,benign,norm_matched,6,final,39,0.0,0.0,0.01769031397998333,0.028568774461746216,0.025720244273543358,0.0,0.0,1.0,0.0,0.0,-0.008029930293560028,-0.010878460481762886
test:481,Qwen3-8B,44,benign,norm_matched,6,final,43,0.0,0.0,0.00924023799598217,0.030039548873901367,0.036054398864507675,0.0,0.0,0.0,0.0,0.0,-0.026814160868525505,-0.020799310877919197
test:640,Qwen3-8B,44,benign,norm_matched,6,final,10,0.0,0.0,0.02680145762860775,0.03218264877796173,0.02387271448969841,0.0,0.0,1.0,0.0,1.0,0.00292874313890934,-0.005381191149353981
test:903,Qwen3-8B,44,benign,norm_matched,6,final,38,0.0,0.0,0.03817465156316757,0.026822740212082863,0.03154570981860161,0.0,0.0,0.0,0.0,1.0,0.006628941744565964,0.01135191135108471
test:466,Qwen3-8B,44,benign,norm_matched,6,final,35,0.0,0.0,0.020274735987186432,0.03662761300802231,0.03060600347816944,0.0,0.0,1.0,0.0,0.0,-0.01033126749098301,-0.016352877020835876
test:787,Qwen3-8B,44,benign,norm_matched,6,final,19,0.0,0.0,0.044537149369716644,0.03477362170815468,0.022873124107718468,0.0,0.0,1.0,0.0,1.0,0.021664025261998177,0.009763527661561966
test:63,Qwen3-8B,44,benign,norm_matched,6,final,43,0.0,0.0,0.011973211541771889,0.047407366335392,0.02268475852906704,0.0,0.0,1.0,0.0,0.0,-0.01071154698729515,-0.03543415479362011
test:1639,Qwen3-8B,44,benign,norm_matched,6,final,23,0.0,0.0,0.02174270525574684,0.012345847673714161,0.01274794526398182,0.0,0.0,0.0,0.0,1.0,0.008994759991765022,0.00939685758203268
test:2265,Qwen3-8B,44,benign,norm_matched,6,final,61,0.0,0.0,0.028670569881796837,0.018142802640795708,0.02050267904996872,0.0,0.0,0.0,0.0,1.0,0.008167890831828117,0.01052776724100113
test:1745,Qwen3-8B,44,benign,norm_matched,6,final,52,0.0,0.0,0.01405662763863802,0.036397114396095276,0.036690980195999146,0.0,0.0,0.0,0.0,0.0,-0.022634352557361126,-0.022340486757457256
test:9,Qwen3-8B,44,benign,norm_matched,6,final,38,0.0,0.0,0.03261266648769379,0.08137275278568268,0.06592001020908356,0.0,0.0,1.0,0.0,0.0,-0.03330734372138977,-0.04876008629798889
test:1279,Qwen3-8B,44,benign,norm_matched,6,final,17,0.0,0.0,0.02321050688624382,0.03613991662859917,0.03790043666958809,0.0,0.0,0.0,0.0,0.0,-0.014689929783344269,-0.012929409742355347
test:576,Qwen3-8B,44,benign,norm_matched,6,final,45,0.0,0.0,0.03564474359154701,0.057423077523708344,0.04822539538145065,0.0,0.0,1.0,0.0,0.0,-0.01258065178990364,-0.02177833393216133
test:2207,Qwen3-8B,44,benign,norm_matched,6,final,55,0.0,0.0,0.024629885330796242,0.04054011404514313,0.038929570466279984,0.0,0.0,1.0,0.0,0.0,-0.014299685135483742,-0.015910228714346886
test:2168,Qwen3-8B,44,benign,norm_matched,6,final,27,0.0,0.0,0.05376152694225311,0.049067962914705276,0.02239176258444786,0.0,0.0,1.0,0.0,1.0,0.03136976435780525,0.004693564027547836
test:805,Qwen3-8B,44,benign,norm_matched,6,final,62,0.0,0.0,0.027728326618671417,0.07015776634216309,0.03743727505207062,0.0,0.0,1.0,0.0,0.0,-0.0097089484333992,-0.04242943972349167
test:1197,Qwen3-8B,44,benign,norm_matched,6,final,45,0.0,0.0,0.027615021914243698,0.023731593042612076,0.021593812853097916,0.0,0.0,1.0,0.0,1.0,0.0060212090611457825,0.0038834288716316223
test:364,Qwen3-8B,44,benign,norm_matched,6,final,15,0.0,0.0,0.04936664178967476,0.031096089631319046,0.04715454950928688,0.0,0.0,0.0,0.0,1.0,0.0022120922803878784,0.018270552158355713
test:1644,Qwen3-8B,44,benign,norm_matched,6,final,10,0.0,0.0,0.03900155425071716,0.03148322552442551,0.03970971331000328,0.0,0.0,0.0,0.0,0.0,-0.0007081590592861176,0.0075183287262916565
test:91,Qwen3-8B,44,benign,norm_matched,6,final,13,0.0,0.0,0.04870971292257309,0.04608168452978134,0.061679743230342865,0.0,0.0,0.0,0.0,0.0,-0.012970030307769775,0.002628028392791748
test:328,Qwen3-8B,44,benign,norm_matched,6,final,15,0.0,0.0,0.034872330725193024,0.03176862373948097,0.02254372276365757,0.0,0.0,1.0,0.0,1.0,0.012328607961535454,0.0031037069857120514
test:205,Qwen3-8B,44,benign,norm_matched,6,final,52,0.0,0.0,0.029549671337008476,0.045384448021650314,0.03670845180749893,0.0,0.0,1.0,0.0,0.0,-0.007158780470490456,-0.015834776684641838
test:1797,Qwen3-8B,44,benign,norm_matched,6,final,69,0.0,0.0,0.011685713194310665,0.026317769661545753,0.02208745665848255,0.0,0.0,1.0,0.0,0.0,-0.010401743464171886,-0.014632056467235088
test:1072,Qwen3-8B,44,benign,norm_matched,6,final,67,0.0,0.0,0.05350197106599808,0.041201069951057434,0.01803530752658844,0.0,0.0,1.0,0.0,1.0,0.03546666353940964,0.012300901114940643
test:1445,Qwen3-8B,44,benign,norm_matched,6,final,55,0.0,0.0,0.041660573333501816,0.07220671325922012,0.06581086665391922,0.0,0.0,1.0,0.0,0.0,-0.024150293320417404,-0.030546139925718307
test:630,Qwen3-8B,44,benign,norm_matched,6,final,46,0.0,0.0,0.06760459393262863,0.04052482172846794,0.03396992012858391,0.0,0.0,1.0,0.0,1.0,0.033634673804044724,0.02707977220416069
test:1252,Qwen3-8B,44,benign,norm_matched,6,final,68,0.0,0.0,0.028866197913885117,0.024492505937814713,0.039362430572509766,0.0,0.0,0.0,0.0,0.0,-0.010496232658624649,0.004373691976070404
test:1721,Qwen3-8B,44,benign,norm_matched,6,final,10,0.0,0.0,0.0262954980134964,0.02210959792137146,0.020747873932123184,0.0,0.0,1.0,0.0,1.0,0.005547624081373215,0.004185900092124939
test:236,Qwen3-8B,44,benign,norm_matched,6,final,38,0.0,0.0,0.0644281804561615,0.05651416257023811,0.05529411882162094,0.0,0.0,1.0,0.0,1.0,0.009134061634540558,0.007914017885923386
test:612,Qwen3-8B,44,benign,norm_matched,6,final,42,0.0,0.0,0.022561730816960335,0.023135440424084663,0.025180598720908165,0.0,0.0,0.0,0.0,0.0,-0.00261886790394783,-0.0005737096071243286
test:354,Qwen3-8B,44,benign,norm_matched,6,final,60,0.0,0.0,0.05192405730485916,0.05962434783577919,0.04777444154024124,0.0,0.0,1.0,0.0,1.0,0.00414961576461792,-0.007700290530920029
test:2047,Qwen3-8B,44,benign,norm_matched,6,final,54,0.0,0.0,0.022992895916104317,0.03559940308332443,0.029182162135839462,0.0,0.0,1.0,0.0,0.0,-0.006189266219735146,-0.012606507167220116
test:1687,Qwen3-8B,44,benign,norm_matched,6,final,73,0.0,0.0,0.01078745722770691,0.02209591306746006,0.023016884922981262,0.0,0.0,0.0,0.0,0.0,-0.012229427695274353,-0.011308455839753151
test:1787,Qwen3-8B,44,benign,norm_matched,6,final,87,0.0,0.0,0.014712761156260967,0.03150687366724014,0.040028899908065796,0.0,0.0,0.0,0.0,0.0,-0.02531613875180483,-0.016794112510979176
test:896,Qwen3-8B,44,benign,norm_matched,6,final,74,0.0,0.0,0.05331401154398918,0.04505109041929245,0.07029420137405396,0.0,0.0,0.0,0.0,0.0,-0.016980189830064774,0.008262921124696732
test:1282,Qwen3-8B,44,benign,norm_matched,6,final,15,0.0,0.0,0.02785871922969818,0.032222773879766464,0.027866756543517113,0.0,0.0,1.0,0.0,0.0,-8.03731381893158e-06,-0.004364054650068283
test:1036,Qwen3-8B,44,benign,norm_matched,6,final,34,0.0,0.0,0.0100675905123353,0.017479710280895233,0.015866074711084366,0.0,0.0,1.0,0.0,0.0,-0.005798484198749065,-0.007412119768559933
test:2230,Qwen3-8B,44,benign,norm_matched,6,final,84,0.0,0.0,0.058215998113155365,0.041089288890361786,0.046100202947854996,0.0,0.0,0.0,0.0,1.0,0.01211579516530037,0.01712670922279358
test:376,Qwen3-8B,44,benign,norm_matched,6,final,38,0.0,0.0,0.07106544077396393,0.05307251587510109,0.04932393878698349,0.0,0.0,1.0,0.0,1.0,0.021741501986980438,0.01799292489886284
test:1544,Qwen3-8B,44,benign,norm_matched,6,final,40,0.0,0.0,0.032350730150938034,0.030310029163956642,0.027767017483711243,0.0,0.0,1.0,0.0,1.0,0.004583712667226791,0.002040700986981392
test:863,Qwen3-8B,44,benign,norm_matched,6,final,71,0.0,0.0,0.025148633867502213,0.04058244824409485,0.039898648858070374,0.0,0.0,1.0,0.0,0.0,-0.014750014990568161,-0.015433814376592636
test:2292,Qwen3-8B,44,benign,norm_matched,6,final,71,0.0,0.0,0.01558962557464838,0.010466779582202435,0.01677709072828293,0.0,0.0,0.0,0.0,0.0,-0.0011874651536345482,0.005122845992445946
test:392,Qwen3-8B,44,benign,norm_matched,6,final,64,0.0,0.0,0.027531683444976807,0.02213100716471672,0.028466351330280304,0.0,0.0,0.0,0.0,0.0,-0.0009346678853034973,0.005400676280260086
test:1675,Qwen3-8B,44,benign,norm_matched,6,final,65,0.0,0.0,0.007108677178621292,0.023272579535841942,0.021734239533543587,0.0,0.0,1.0,0.0,0.0,-0.014625562354922295,-0.01616390235722065
test:1718,Qwen3-8B,44,benign,norm_matched,6,final,40,0.0,0.0,0.04676787555217743,0.042125359177589417,0.04166904091835022,0.0,0.0,1.0,0.0,1.0,0.0050988346338272095,0.004642516374588013
test:1150,Qwen3-8B,44,benign,norm_matched,6,final,32,0.0,0.0,0.014184921979904175,0.014053578488528728,0.010610914789140224,0.0,0.0,1.0,0.0,1.0,0.0035740071907639503,0.00013134349137544632
test:1659,Qwen3-8B,44,benign,norm_matched,6,final,76,0.0,0.0,0.014465219341218472,0.01894564926624298,0.018922319635748863,0.0,0.0,1.0,0.0,0.0,-0.004457100294530392,-0.004480429925024509
test:1213,Qwen3-8B,44,benign,norm_matched,6,final,77,0.0,0.0,0.029132694005966187,0.04359908401966095,0.02489594556391239,0.0,0.0,1.0,0.0,1.0,0.004236748442053795,-0.014466390013694763
test:1037,Qwen3-8B,44,benign,norm_matched,6,final,20,0.0,0.0,0.007918644696474075,0.02336476929485798,0.013749729841947556,0.0,0.0,1.0,0.0,0.0,-0.00583108514547348,-0.015446124598383904
test:1201,Qwen3-8B,44,benign,norm_matched,6,final,42,0.0,0.0,0.05373633652925491,0.04780704155564308,0.03591059148311615,0.0,0.0,1.0,0.0,1.0,0.017825745046138763,0.005929294973611832
test:1093,Qwen3-8B,44,benign,norm_matched,6,final,15,0.0,0.0,0.03657511621713638,0.04129748046398163,0.030604345723986626,0.0,0.0,1.0,0.0,1.0,0.005970770493149757,-0.004722364246845245
test:37,Qwen3-8B,44,benign,norm_matched,6,final,78,0.0,0.0,0.03310859948396683,0.07070042192935944,0.040690869092941284,0.0,0.0,1.0,0.0,0.0,-0.007582269608974457,-0.03759182244539261
test:785,Qwen3-8B,44,benign,norm_matched,6,final,45,0.0,0.0,0.051817119121551514,0.042697418481111526,0.04079759865999222,0.0,0.0,1.0,0.0,1.0,0.011019520461559296,0.009119700640439987
test:1842,Qwen3-8B,44,benign,norm_matched,6,final,48,0.0,0.0,0.04006775841116905,0.04115334525704384,0.03280927240848541,0.0,0.0,1.0,0.0,1.0,0.0072584860026836395,-0.0010855868458747864
test:1860,Qwen3-8B,44,benign,norm_matched,6,final,89,0.0,0.0,0.022475454956293106,0.019270537421107292,0.009800916537642479,0.0,0.0,1.0,0.0,1.0,0.012674538418650627,0.003204917535185814
test:963,Qwen3-8B,44,benign,norm_matched,6,final,87,0.0,0.0,0.055669154971838,0.06303268671035767,0.025236312299966812,0.0,0.0,1.0,0.0,1.0,0.030432842671871185,-0.007363531738519669
test:827,Qwen3-8B,44,benign,norm_matched,6,final,59,0.0,0.0,0.027275169268250465,0.028239857405424118,0.02743643708527088,0.0,0.0,1.0,0.0,0.0,-0.00016126781702041626,-0.0009646881371736526
test:17,Qwen3-8B,44,benign,norm_matched,6,final,68,0.0,0.0,0.04460305720567703,0.031544994562864304,0.047630295157432556,0.0,0.0,0.0,0.0,0.0,-0.0030272379517555237,0.013058062642812729
test:1937,Qwen3-8B,44,benign,norm_matched,6,final,59,0.0,0.0,0.04136936739087105,0.03694571182131767,0.03979525342583656,0.0,0.0,0.0,0.0,1.0,0.0015741139650344849,0.004423655569553375
test:765,Qwen3-8B,44,benign,norm_matched,6,final,38,0.0,0.0,0.07157976180315018,0.05672203004360199,0.048937827348709106,0.0,0.0,1.0,0.0,1.0,0.02264193445444107,0.014857731759548187
test:2008,Qwen3-8B,44,benign,norm_matched,6,final,42,0.0,0.0,0.05634170398116112,0.036794260144233704,0.04102177545428276,0.0,0.0,0.0,0.0,1.0,0.015319928526878357,0.019547443836927414
test:520,Qwen3-8B,44,benign,norm_matched,6,final,34,0.0,0.0,0.026194140315055847,0.04351745918393135,0.03401812165975571,0.0,0.0,1.0,0.0,0.0,-0.00782398134469986,-0.017323318868875504
test:1124,Qwen3-8B,44,benign,norm_matched,6,final,24,0.0,0.0,0.03633812814950943,0.016539668664336205,0.015536499209702015,0.0,0.0,1.0,0.0,1.0,0.020801628939807415,0.019798459485173225
test:459,Qwen3-8B,44,benign,norm_matched,6,final,113,0.0,0.0,0.019638778641819954,0.030198542401194572,0.02923225238919258,0.0,0.0,1.0,0.0,0.0,-0.009593473747372627,-0.010559763759374619
test:177,Qwen3-8B,44,benign,norm_matched,6,final,53,0.0,0.0,0.021000225096940994,0.026380395516753197,0.024590233340859413,0.0,0.0,1.0,0.0,0.0,-0.003590008243918419,-0.0053801704198122025
test:192,Qwen3-8B,44,benign,norm_matched,6,final,52,0.0,0.0,0.06184493750333786,0.03440627083182335,0.04298889636993408,0.0,0.0,0.0,0.0,1.0,0.018856041133403778,0.02743866667151451
test:2160,Qwen3-8B,44,benign,norm_matched,6,final,109,0.0,0.0,0.018199652433395386,0.03798448294401169,0.031420327723026276,0.0,0.0,1.0,0.0,0.0,-0.01322067528963089,-0.019784830510616302
test:1617,Qwen3-8B,44,benign,norm_matched,6,final,22,0.0,0.0,0.01779814250767231,0.016930945217609406,0.012295149266719818,0.0,0.0,1.0,0.0,1.0,0.005502993240952492,0.0008671972900629044
test:100,Qwen3-8B,44,benign,norm_matched,6,final,48,0.0,0.0,0.051417671144008636,0.042587798088788986,0.037534233182668686,0.0,0.0,1.0,0.0,1.0,0.01388343796133995,0.00882987305521965
test:693,Qwen3-8B,44,benign,norm_matched,6,final,58,0.0,0.0,0.03589893504977226,0.03292861953377724,0.030070835724473,0.0,0.0,1.0,0.0,1.0,0.005828099325299263,0.0029703155159950256
test:195,Qwen3-8B,44,benign,norm_matched,6,final,95,0.0,0.0,0.008762050420045853,0.015635831281542778,0.01548827439546585,0.0,0.0,1.0,0.0,0.0,-0.006726223975419998,-0.006873780861496925
test:114,Qwen3-8B,44,benign,norm_matched,6,final,100,0.0,0.0,0.014294014312326908,0.03163721412420273,0.031230786815285683,0.0,0.0,1.0,0.0,0.0,-0.016936772502958775,-0.01734319981187582
test:2205,Qwen3-8B,44,benign,norm_matched,6,final,106,0.0,0.0,0.02066940627992153,0.036767035722732544,0.040840502828359604,0.0,0.0,0.0,0.0,0.0,-0.020171096548438072,-0.016097629442811012
test:1380,Qwen3-8B,44,benign,norm_matched,6,final,88,0.0,0.0,0.025272877886891365,0.04202079400420189,0.04231655225157738,0.0,0.0,0.0,0.0,0.0,-0.017043674364686012,-0.016747916117310524
test:668,Qwen3-8B,44,benign,norm_matched,6,final,34,0.0,0.0,0.01625816524028778,0.024495305493474007,0.015869541093707085,0.0,0.0,1.0,0.0,1.0,0.0003886241465806961,-0.008237140253186226
test:874,Qwen3-8B,44,benign,norm_matched,6,final,31,0.0,0.0,0.029515761882066727,0.05121135711669922,0.043307073414325714,0.0,0.0,1.0,0.0,0.0,-0.013791311532258987,-0.021695595234632492
test:1824,Qwen3-8B,44,benign,norm_matched,6,final,66,0.0,0.0,0.024665579199790955,0.030458109453320503,0.01124571356922388,0.0,0.0,1.0,0.0,1.0,0.013419865630567074,-0.005792530253529549
test:1248,Qwen3-8B,44,benign,norm_matched,6,final,81,0.0,0.0,0.07583733648061752,0.045304179191589355,0.0015171492705121636,0.0,0.0,1.0,0.0,1.0,0.07432018721010536,0.030533157289028168
test:714,Qwen3-8B,44,benign,norm_matched,6,final,89,0.0,0.0,0.03086179867386818,0.04728521406650543,0.03592139109969139,0.0,0.0,1.0,0.0,0.0,-0.005059592425823212,-0.016423415392637253
test:133,Qwen3-8B,44,benign,norm_matched,6,final,65,0.0,0.0,0.014693752862513065,0.01749473065137863,0.013299395330250263,0.0,0.0,1.0,0.0,1.0,0.0013943575322628021,-0.0028009777888655663
test:162,Qwen3-8B,44,benign,norm_matched,6,final,35,0.0,0.0,0.035229746252298355,0.038535457104444504,0.03981546312570572,0.0,0.0,0.0,0.0,0.0,-0.004585716873407364,-0.0033057108521461487
test:2079,Qwen3-8B,44,benign,norm_matched,6,final,40,0.0,0.0,0.012696389108896255,0.021732566878199577,0.019817078486084938,0.0,0.0,1.0,0.0,0.0,-0.0071206893771886826,-0.009036177769303322
test:1795,Qwen3-8B,44,benign,norm_matched,6,final,50,0.0,0.0,0.06880418211221695,0.03709864988923073,0.026917263865470886,0.0,0.0,1.0,0.0,1.0,0.04188691824674606,0.03170553222298622
test:1760,Qwen3-8B,44,benign,norm_matched,6,final,58,0.0,0.0,0.019645366817712784,0.01980210654437542,0.02094239741563797,0.0,0.0,0.0,0.0,0.0,-0.0012970305979251862,-0.0001567397266626358
test:1424,Qwen3-8B,44,benign,norm_matched,6,final,99,0.0,0.0,0.0249935369938612,0.03208855912089348,0.023851264268159866,0.0,0.0,1.0,0.0,1.0,0.001142272725701332,-0.00709502212703228
test:62,Qwen3-8B,44,benign,norm_matched,6,final,121,0.0,0.0,0.025346074253320694,0.03568577021360397,0.018724555149674416,0.0,0.0,1.0,0.0,1.0,0.006621519103646278,-0.01033969596028328
test:522,Qwen3-8B,44,benign,norm_matched,6,final,98,0.0,0.0,0.029213566333055496,0.05341830104589462,0.04647373780608177,0.0,0.0,1.0,0.0,0.0,-0.017260171473026276,-0.024204734712839127
test:1227,Qwen3-8B,44,benign,norm_matched,6,final,38,0.0,0.0,0.05149321258068085,0.04681151360273361,0.04481379687786102,0.0,0.0,1.0,0.0,1.0,0.006679415702819824,0.004681698977947235
test:397,Qwen3-8B,44,benign,norm_matched,6,final,45,0.0,0.0,0.01802750676870346,0.01863616146147251,0.015454663895070553,0.0,0.0,1.0,0.0,1.0,0.002572842873632908,-0.0006086546927690506
test:374,Qwen3-8B,44,benign,norm_matched,6,final,41,0.0,0.0,0.0367281511425972,0.027998296543955803,0.03173096477985382,0.0,0.0,0.0,0.0,1.0,0.004997186362743378,0.008729854598641396
test:1078,Qwen3-8B,44,benign,norm_matched,6,final,83,0.0,0.0,0.030095163732767105,0.029466120526194572,0.03451651334762573,0.0,0.0,0.0,0.0,0.0,-0.004421349614858627,0.0006290432065725327
test:1664,Qwen3-8B,44,benign,norm_matched,6,final,30,0.0,0.0,0.028349122032523155,0.03640042245388031,0.029690224677324295,0.0,0.0,1.0,0.0,0.0,-0.0013411026448011398,-0.008051300421357155
test:1818,Qwen3-8B,44,benign,norm_matched,6,final,58,0.0,0.0,0.04151388630270958,0.039484765380620956,0.03346621245145798,0.0,0.0,1.0,0.0,1.0,0.008047673851251602,0.002029120922088623
test:1246,Qwen3-8B,44,benign,norm_matched,6,final,104,0.0,0.0,0.04763658344745636,0.044632624834775925,0.050974033772945404,0.0,0.0,0.0,0.0,0.0,-0.003337450325489044,0.003003958612680435
test:1887,Qwen3-8B,44,benign,norm_matched,6,final,60,0.0,0.0,0.0069122170098125935,0.01646612584590912,0.019997280091047287,0.0,0.0,0.0,0.0,0.0,-0.013085063081234694,-0.009553908836096525
test:1623,Qwen3-8B,44,benign,norm_matched,6,final,32,0.0,0.0,0.04476620629429817,0.02869616448879242,0.031508032232522964,0.0,0.0,0.0,0.0,1.0,0.013258174061775208,0.016070041805505753
test:196,Qwen3-8B,44,benign,norm_matched,6,final,38,0.0,0.0,0.05561384558677673,0.04744129627943039,0.050325408577919006,0.0,0.0,0.0,0.0,1.0,0.005288437008857727,0.008172549307346344
test:1899,Qwen3-8B,44,benign,norm_matched,6,final,37,0.0,0.0,0.02725801058113575,0.022008487954735756,0.021332111209630966,0.0,0.0,1.0,0.0,1.0,0.005925899371504784,0.005249522626399994
test:1208,Qwen3-8B,44,benign,norm_matched,6,final,128,0.0,0.0,0.017376869916915894,0.033550016582012177,0.029105059802532196,0.0,0.0,1.0,0.0,0.0,-0.011728189885616302,-0.016173146665096283
test:1441,Qwen3-8B,44,benign,norm_matched,6,final,68,0.0,0.0,0.07104562222957611,0.05181339383125305,0.021747170016169548,0.0,0.0,1.0,0.0,1.0,0.04929845221340656,0.01923222839832306
test:1102,Qwen3-8B,44,benign,norm_matched,6,final,109,0.0,0.0,0.04918920248746872,0.04104384034872055,0.0398552305996418,0.0,0.0,1.0,0.0,1.0,0.00933397188782692,0.008145362138748169
test:76,Qwen3-8B,44,benign,norm_matched,6,final,17,0.0,0.0,0.02387535758316517,0.027228238061070442,0.016986127942800522,0.0,0.0,1.0,0.0,1.0,0.006889229640364647,-0.0033528804779052734
test:1855,Qwen3-8B,44,benign,norm_matched,6,final,42,0.0,0.0,0.053736865520477295,0.035768069326877594,0.04020359367132187,0.0,0.0,0.0,0.0,1.0,0.013533271849155426,0.0179687961935997
test:1652,Qwen3-8B,44,benign,norm_matched,6,final,31,0.0,0.0,0.05132964998483658,0.04584162309765816,0.049088094383478165,0.0,0.0,0.0,0.0,1.0,0.0022415556013584137,0.005488026887178421
test:355,Qwen3-8B,44,benign,norm_matched,6,final,3,0.0,0.0,0.039644889533519745,0.020613476634025574,0.019033605232834816,0.0,0.0,1.0,0.0,1.0,0.02061128430068493,0.01903141289949417
test:2144,Qwen3-8B,44,benign,norm_matched,6,final,101,0.0,0.0,0.03261870890855789,0.031340133398771286,0.019333908334374428,0.0,0.0,1.0,0.0,1.0,0.013284800574183464,0.0012785755097866058
test:210,Qwen3-8B,44,benign,norm_matched,6,final,24,0.0,0.0,0.024767406284809113,0.02434711530804634,0.023544324561953545,0.0,0.0,1.0,0.0,1.0,0.001223081722855568,0.0004202909767627716
test:1713,Qwen3-8B,44,benign,norm_matched,6,final,47,0.0,0.0,0.020816000178456306,0.02339143492281437,0.0362585186958313,0.0,0.0,0.0,0.0,0.0,-0.015442518517374992,-0.0025754347443580627
test:1574,Qwen3-8B,44,benign,norm_matched,6,final,149,0.0,0.0,0.02315322309732437,0.027601858600974083,0.04280906170606613,0.0,0.0,0.0,0.0,0.0,-0.01965583860874176,-0.004448635503649712
test:1488,Qwen3-8B,44,benign,norm_matched,6,final,82,0.0,0.0,0.023285025730729103,0.020287062972784042,0.02763660065829754,0.0,0.0,0.0,0.0,0.0,-0.004351574927568436,0.0029979627579450607
test:1868,Qwen3-8B,44,benign,norm_matched,6,final,53,0.0,0.0,0.023267608135938644,0.021604401990771294,0.02594667673110962,0.0,0.0,0.0,0.0,0.0,-0.0026790685951709747,0.0016632061451673508
test:2233,Qwen3-8B,44,benign,norm_matched,6,final,94,0.0,0.0,0.039320722222328186,0.05528062582015991,0.07279399782419205,0.0,0.0,0.0,0.0,0.0,-0.03347327560186386,-0.015959903597831726
test:692,Qwen3-8B,44,benign,norm_matched,6,final,74,0.0,0.0,0.04677482694387436,0.03745220601558685,0.03848736733198166,0.0,0.0,0.0,0.0,1.0,0.0082874596118927,0.009322620928287506
test:1732,Qwen3-8B,44,benign,norm_matched,6,final,3,0.0,0.0,0.05457291752099991,0.060607343912124634,0.03425855562090874,0.0,0.0,1.0,0.0,1.0,0.02031436190009117,-0.006034426391124725
test:1002,Qwen3-8B,44,benign,norm_matched,6,final,114,0.0,0.0,0.02021949738264084,0.012768340297043324,0.03668024390935898,0.0,0.0,0.0,0.0,0.0,-0.01646074652671814,0.007451157085597515
test:1607,Qwen3-8B,44,benign,norm_matched,6,final,30,0.0,0.0,0.015369555912911892,0.010678359307348728,0.014076083898544312,0.0,0.0,0.0,0.0,1.0,0.0012934720143675804,0.004691196605563164
test:1123,Qwen3-8B,44,benign,norm_matched,6,final,52,0.0,0.0,0.024983597919344902,0.026326632127165794,0.022154562175273895,0.0,0.0,1.0,0.0,1.0,0.0028290357440710068,-0.0013430342078208923
test:120,Qwen3-8B,44,benign,norm_matched,6,final,105,0.0,0.0,0.02215585857629776,0.04425707831978798,0.0493888333439827,0.0,0.0,0.0,0.0,0.0,-0.027232974767684937,-0.02210121974349022
test:652,Qwen3-8B,44,benign,norm_matched,6,final,49,0.0,0.0,0.02995670773088932,0.028437476605176926,0.03517518192529678,0.0,0.0,0.0,0.0,0.0,-0.005218474194407463,0.0015192311257123947
test:850,Qwen3-8B,44,benign,norm_matched,6,final,31,0.0,0.0,0.049386460334062576,0.031679730862379074,0.036088570952415466,0.0,0.0,0.0,0.0,1.0,0.01329788938164711,0.017706729471683502
test:1633,Qwen3-8B,44,benign,norm_matched,6,final,103,0.0,0.0,0.0184232946485281,0.030375860631465912,0.03204607963562012,0.0,0.0,0.0,0.0,0.0,-0.013622784987092018,-0.011952565982937813
test:1126,Qwen3-8B,44,benign,norm_matched,6,final,124,0.0,0.0,0.06793995201587677,0.06772703677415848,0.05800674483180046,0.0,0.0,1.0,0.0,1.0,0.00993320718407631,0.00021291524171829224
test:2130,Qwen3-8B,44,benign,norm_matched,6,final,68,0.0,0.0,0.033210527151823044,0.02573155239224434,0.026581326499581337,0.0,0.0,0.0,0.0,1.0,0.006629200652241707,0.007478974759578705
test:1982,Qwen3-8B,44,benign,norm_matched,6,final,160,0.0,0.0,0.01093311607837677,0.015600311569869518,0.015360087156295776,0.0,0.0,1.0,0.0,0.0,-0.004426971077919006,-0.004667195491492748
test:941,Qwen3-8B,44,benign,norm_matched,6,final,156,0.0,0.0,0.02763199247419834,0.02343733049929142,0.05888930708169937,0.0,0.0,0.0,0.0,0.0,-0.03125731460750103,0.004194661974906921
test:1038,Qwen3-8B,44,benign,norm_matched,6,final,106,0.0,0.0,0.028213804587721825,0.024641022086143494,0.02725192718207836,0.0,0.0,0.0,0.0,1.0,0.0009618774056434631,0.003572782501578331
test:359,Qwen3-8B,44,benign,norm_matched,6,final,23,0.0,0.0,0.06516779214143753,0.03133486211299896,0.03780696541070938,0.0,0.0,0.0,0.0,1.0,0.02736082673072815,0.03383293002843857
test:1015,Qwen3-8B,44,benign,norm_matched,6,final,84,0.0,0.0,0.016497556120157242,0.026449380442500114,0.029796099290251732,0.0,0.0,0.0,0.0,0.0,-0.01329854317009449,-0.009951824322342873
test:680,Qwen3-8B,44,benign,norm_matched,6,final,66,0.0,0.0,0.02560606598854065,0.02218613773584366,0.0185347069054842,0.0,0.0,1.0,0.0,1.0,0.00707135908305645,0.003419928252696991
test:1240,Qwen3-8B,44,benign,norm_matched,6,final,41,0.0,0.0,0.05247833952307701,0.043346717953681946,0.04200941324234009,0.0,0.0,1.0,0.0,1.0,0.010468926280736923,0.009131621569395065
test:1330,Qwen3-8B,44,benign,norm_matched,6,final,10,0.0,0.0,0.0349738784134388,0.03229430317878723,0.028479333966970444,0.0,0.0,1.0,0.0,1.0,0.006494544446468353,0.0026795752346515656
test:544,Qwen3-8B,44,benign,norm_matched,6,final,166,0.0,0.0,0.024318136274814606,0.039825282990932465,0.03886754438281059,0.0,0.0,1.0,0.0,0.0,-0.014549408107995987,-0.015507146716117859
test:695,Qwen3-8B,44,benign,norm_matched,6,final,175,0.0,0.0,0.026367662474513054,0.03462814912199974,0.02871314063668251,0.0,0.0,1.0,0.0,0.0,-0.0023454781621694565,-0.008260486647486687
test:1019,Qwen3-8B,44,benign,norm_matched,6,final,38,0.0,0.0,0.05072586610913277,0.030834488570690155,0.0304853692650795,0.0,0.0,1.0,0.0,1.0,0.02024049684405327,0.01989137753844261
test:2172,Qwen3-8B,44,benign,norm_matched,6,final,177,0.0,0.0,0.06568586826324463,0.08633050322532654,0.06197468191385269,0.0,0.0,1.0,0.0,1.0,0.0037111863493919373,-0.02064463496208191
test:446,Qwen3-8B,44,benign,norm_matched,6,final,10,0.0,0.0,0.05574094131588936,0.018311403691768646,0.0513102151453495,0.0,0.0,0.0,0.0,1.0,0.004430726170539856,0.03742953762412071
test:7,Qwen3-8B,44,benign,norm_matched,6,final,64,0.0,0.0,0.015025293454527855,0.014029642567038536,0.015029540285468102,0.0,0.0,0.0,0.0,0.0,-4.246830940246582e-06,0.0009956508874893188
test:1589,Qwen3-8B,44,benign,norm_matched,6,final,109,0.0,0.0,0.028689060360193253,0.03172814100980759,0.029096750542521477,0.0,0.0,1.0,0.0,0.0,-0.0004076901823282242,-0.003039080649614334
test:1087,Qwen3-8B,44,benign,norm_matched,6,final,15,0.0,0.0,0.054390616714954376,0.05046980828046799,0.0521598719060421,0.0,0.0,0.0,0.0,1.0,0.0022307448089122772,0.003920808434486389
test:603,Qwen3-8B,44,benign,norm_matched,6,final,173,0.0,0.0,0.010994602926075459,0.017806386575102806,0.026213843375444412,0.0,0.0,0.0,0.0,0.0,-0.015219240449368954,-0.0068117836490273476
test:1608,Qwen3-8B,44,benign,norm_matched,6,final,168,0.0,0.0,0.026594253256917,0.031852301210165024,0.02368340641260147,0.0,0.0,1.0,0.0,1.0,0.002910846844315529,-0.005258047953248024
test:774,Qwen3-8B,44,benign,norm_matched,6,final,65,0.0,0.0,0.02303454466164112,0.02276451140642166,0.022209906950592995,0.0,0.0,1.0,0.0,1.0,0.0008246377110481262,0.00027003325521945953
test:1996,Qwen3-8B,44,benign,norm_matched,6,final,54,0.0,0.0,0.04883922263979912,0.035277266055345535,0.02914772927761078,0.0,0.0,1.0,0.0,1.0,0.01969149336218834,0.013561956584453583
test:2221,Qwen3-8B,44,benign,norm_matched,6,final,67,0.0,0.0,0.04208442568778992,0.034367885440588,0.04109180346131325,0.0,0.0,0.0,0.0,1.0,0.0009926222264766693,0.0077165402472019196
test:1313,Qwen3-8B,44,benign,norm_matched,6,final,104,0.0,0.0,0.04689139500260353,0.043404094874858856,0.0364898256957531,0.0,0.0,1.0,0.0,1.0,0.010401569306850433,0.0034873001277446747
test:1515,Qwen3-8B,44,benign,norm_matched,6,final,183,0.0,0.0,0.0200321264564991,0.030419640243053436,0.03410397842526436,0.0,0.0,0.0,0.0,0.0,-0.014071851968765259,-0.010387513786554337
test:1418,Qwen3-8B,44,benign,norm_matched,6,final,192,0.0,0.0,0.029197726398706436,0.03530656173825264,0.033098701387643814,0.0,0.0,1.0,0.0,0.0,-0.003900974988937378,-0.006108835339546204
test:999,Qwen3-8B,44,benign,norm_matched,6,final,158,0.0,0.0,0.01710742898285389,0.03660110756754875,0.01995086297392845,0.0,0.0,1.0,0.0,0.0,-0.002843433991074562,-0.019493678584694862
test:1431,Qwen3-8B,44,benign,norm_matched,6,final,53,0.0,0.0,0.026235641911625862,0.024643322452902794,0.029579220339655876,0.0,0.0,0.0,0.0,0.0,-0.003343578428030014,0.0015923194587230682
test:702,Qwen3-8B,44,benign,norm_matched,6,final,130,0.0,0.0,0.034050580114126205,0.031053630635142326,0.03446730971336365,0.0,0.0,0.0,0.0,0.0,-0.000416729599237442,0.002996949478983879
test:111,Qwen3-8B,44,benign,norm_matched,6,final,35,0.0,0.0,0.05167107284069061,0.06068383529782295,0.04446542263031006,0.0,0.0,1.0,0.0,1.0,0.007205650210380554,-0.00901276245713234
test:1039,Qwen3-8B,44,benign,norm_matched,6,final,38,0.0,0.0,0.06576672196388245,0.025209501385688782,0.031210333108901978,0.0,0.0,0.0,0.0,1.0,0.03455638885498047,0.040557220578193665
test:586,Qwen3-8B,44,benign,norm_matched,6,final,212,0.0,0.0,0.0285267885774374,0.048097334802150726,0.011467620730400085,0.0,0.0,1.0,0.0,1.0,0.017059167847037315,-0.019570546224713326
test:733,Qwen3-8B,44,benign,norm_matched,6,final,15,0.0,0.0,0.035201095044612885,0.035845983773469925,0.03137714043259621,0.0,0.0,1.0,0.0,1.0,0.003823954612016678,-0.0006448887288570404
test:562,Qwen3-8B,44,benign,norm_matched,6,final,34,0.0,0.0,0.06739607453346252,0.03134762495756149,-0.00046938774175941944,0.0,0.0,1.0,0.0,1.0,0.06786546227522194,0.03604844957590103
test:367,Qwen3-8B,44,benign,norm_matched,6,final,61,0.0,0.0,0.017740976065397263,0.025999369099736214,0.01384661253541708,0.0,0.0,1.0,0.0,1.0,0.0038943635299801826,-0.008258393034338951
test:2093,Qwen3-8B,44,benign,norm_matched,6,final,100,0.0,0.0,0.04193561151623726,0.044616714119911194,0.04153711348772049,0.0,0.0,1.0,0.0,1.0,0.0003984980285167694,-0.002681102603673935
test:298,Qwen3-8B,44,benign,norm_matched,6,final,43,0.0,0.0,0.0711231604218483,0.03160490095615387,0.03343015909194946,0.0,0.0,0.0,0.0,1.0,0.037693001329898834,0.03951825946569443
test:618,Qwen3-8B,44,benign,norm_matched,6,final,36,0.0,0.0,0.01400560699403286,0.020447954535484314,0.015347568318247795,0.0,0.0,1.0,0.0,0.0,-0.0013419613242149353,-0.006442347541451454
test:213,Qwen3-8B,44,benign,norm_matched,6,final,202,0.0,0.0,0.018604714423418045,0.05578002706170082,0.02882612682878971,0.0,0.0,1.0,0.0,0.0,-0.010221412405371666,-0.037175312638282776
test:1770,Qwen3-8B,44,benign,norm_matched,6,final,130,0.0,0.0,0.00836151372641325,0.021050570532679558,0.009758824482560158,0.0,0.0,1.0,0.0,0.0,-0.0013973107561469078,-0.012689056806266308
test:784,Qwen3-8B,44,benign,norm_matched,6,final,159,0.0,0.0,0.03255162760615349,0.051401518285274506,0.05152948200702667,0.0,0.0,0.0,0.0,0.0,-0.018977854400873184,-0.018849890679121017
test:748,Qwen3-8B,44,benign,norm_matched,6,final,197,0.0,0.0,0.014745165593922138,0.019002795219421387,0.01583894155919552,0.0,0.0,1.0,0.0,0.0,-0.0010937759652733803,-0.0042576296254992485
test:691,Qwen3-8B,44,benign,norm_matched,6,final,220,0.0,0.0,0.05925636738538742,0.07333496958017349,0.07758796215057373,0.0,0.0,0.0,0.0,0.0,-0.01833159476518631,-0.014078602194786072
test:1521,Qwen3-8B,44,benign,norm_matched,6,final,37,0.0,0.0,0.020860107615590096,0.024079149588942528,0.02293907105922699,0.0,0.0,1.0,0.0,0.0,-0.0020789634436368942,-0.0032190419733524323
test:153,Qwen3-8B,44,benign,norm_matched,6,final,110,0.0,0.0,0.05062399059534073,0.031286630779504776,0.040125772356987,0.0,0.0,0.0,0.0,1.0,0.01049821823835373,0.019337359815835953
test:1145,Qwen3-8B,44,benign,norm_matched,6,final,42,0.0,0.0,0.07210446894168854,0.04901095852255821,0.04536941647529602,0.0,0.0,1.0,0.0,1.0,0.026735052466392517,0.023093510419130325
test:1941,Qwen3-8B,44,benign,norm_matched,6,final,93,0.0,0.0,0.03409086912870407,0.03575668856501579,0.03313988447189331,0.0,0.0,1.0,0.0,1.0,0.0009509846568107605,-0.0016658194363117218
test:128,Qwen3-8B,44,benign,norm_matched,6,final,38,0.0,0.0,0.03819262981414795,0.027504287660121918,0.03508080914616585,0.0,0.0,0.0,0.0,1.0,0.0031118206679821014,0.010688342154026031
test:499,Qwen3-8B,44,benign,norm_matched,6,final,222,0.0,0.0,0.010209432803094387,0.018387366086244583,0.01722164824604988,0.0,0.0,1.0,0.0,0.0,-0.007012215442955494,-0.008177933283150196
test:869,Qwen3-8B,44,benign,norm_matched,6,final,219,0.0,0.0,0.006881179753690958,0.02983703278005123,0.01264268346130848,0.0,0.0,1.0,0.0,0.0,-0.005761503707617521,-0.022955853026360273
test:1236,Qwen3-8B,44,benign,norm_matched,6,final,123,0.0,0.0,0.02331453561782837,0.03589646518230438,0.029405152425169945,0.0,0.0,1.0,0.0,0.0,-0.006090616807341576,-0.012581929564476013
test:1870,Qwen3-8B,44,benign,norm_matched,6,final,59,0.0,0.0,0.02889399416744709,0.022617213428020477,0.0237162783741951,0.0,0.0,0.0,0.0,1.0,0.005177715793251991,0.006276780739426613
test:1310,Qwen3-8B,44,benign,norm_matched,6,final,36,0.0,0.0,0.056311145424842834,0.039855387061834335,0.04417217895388603,0.0,0.0,0.0,0.0,1.0,0.012138966470956802,0.0164557583630085
test:1221,Qwen3-8B,44,benign,norm_matched,6,final,155,0.0,0.0,0.01777387596666813,0.02053280733525753,0.0224005039781332,0.0,0.0,0.0,0.0,0.0,-0.004626628011465073,-0.0027589313685894012
test:257,Qwen3-8B,44,benign,norm_matched,6,final,172,0.0,0.0,0.03199053928256035,0.02625417336821556,0.028815584257245064,0.0,0.0,0.0,0.0,1.0,0.0031749550253152847,0.005736365914344788
test:1513,Qwen3-8B,44,benign,norm_matched,6,final,179,0.0,0.0,0.026607751846313477,0.019915973767638206,0.025100070983171463,0.0,0.0,0.0,0.0,1.0,0.0015076808631420135,0.00669177807867527
test:553,Qwen3-8B,44,benign,norm_matched,6,final,116,0.0,0.0,0.047040797770023346,0.0492524690926075,0.004144221544265747,0.0,0.0,1.0,0.0,1.0,0.0428965762257576,-0.0022116713225841522
test:1881,Qwen3-8B,44,benign,norm_matched,6,final,179,0.0,0.0,0.03331448510289192,0.05140937864780426,0.0469571016728878,0.0,0.0,1.0,0.0,0.0,-0.01364261656999588,-0.018094893544912338
test:2262,Qwen3-8B,44,benign,norm_matched,6,final,60,0.0,0.0,0.030901221558451653,0.032803162932395935,0.03239752724766731,0.0,0.0,1.0,0.0,0.0,-0.00149630568921566,-0.0019019413739442825
test:911,Qwen3-8B,44,benign,norm_matched,6,final,223,0.0,0.0,0.016180293634533882,0.05438019707798958,0.035656969994306564,0.0,0.0,1.0,0.0,0.0,-0.019476676359772682,-0.038199903443455696
test:1947,Qwen3-8B,44,benign,norm_matched,6,final,239,0.0,0.0,0.005190911702811718,0.042582765221595764,0.03969439119100571,0.0,0.0,1.0,0.0,0.0,-0.03450347948819399,-0.037391853518784046
test:675,Qwen3-8B,44,benign,norm_matched,6,final,23,0.0,0.0,0.041701581329107285,0.04574866592884064,0.029057087376713753,0.0,0.0,1.0,0.0,1.0,0.012644493952393532,-0.004047084599733353
test:979,Qwen3-8B,44,benign,norm_matched,6,final,118,0.0,0.0,0.032878220081329346,0.025272274389863014,0.03481375798583031,0.0,0.0,0.0,0.0,0.0,-0.0019355379045009613,0.0076059456914663315
test:783,Qwen3-8B,44,benign,norm_matched,6,final,69,0.0,0.0,0.06865357607603073,0.05469164624810219,0.05669013038277626,0.0,0.0,0.0,0.0,1.0,0.01196344569325447,0.013961929827928543
test:2149,Qwen3-8B,44,benign,norm_matched,6,final,220,0.0,0.0,0.018924739211797714,0.04798242449760437,0.030489496886730194,0.0,0.0,1.0,0.0,0.0,-0.01156475767493248,-0.029057685285806656
test:1231,Qwen3-8B,44,benign,norm_matched,6,final,235,0.0,0.0,0.030635930597782135,0.028346046805381775,0.018615128472447395,0.0,0.0,1.0,0.0,1.0,0.01202080212533474,0.00228988379240036
test:68,Qwen3-8B,44,benign,norm_matched,6,final,187,0.0,0.0,0.03248347342014313,0.045228905975818634,0.04819967597723007,0.0,0.0,0.0,0.0,0.0,-0.015716202557086945,-0.012745432555675507
test:180,Qwen3-8B,44,benign,norm_matched,6,final,229,0.0,0.0,0.012841899879276752,0.01634923182427883,0.014757297933101654,0.0,0.0,1.0,0.0,0.0,-0.0019153980538249016,-0.003507331945002079
test:2034,Qwen3-8B,44,benign,norm_matched,6,final,4,0.0,0.0,0.03607134521007538,0.035508617758750916,0.03852696344256401,0.0,0.0,0.0,0.0,0.0,-0.002455618232488632,0.0005627274513244629
test:1007,Qwen3-8B,44,benign,norm_matched,6,final,16,0.0,0.0,0.07006923109292984,0.046674471348524094,0.04536779224872589,0.0,0.0,1.0,0.0,1.0,0.02470143884420395,0.023394759744405746
test:1917,Qwen3-8B,44,benign,norm_matched,6,final,165,0.0,0.0,0.033450789749622345,0.02839893475174904,0.02954145520925522,0.0,0.0,0.0,0.0,1.0,0.0039093345403671265,0.005051854997873306
test:1869,Qwen3-8B,44,benign,norm_matched,6,final,18,0.0,0.0,0.011839320883154869,0.05381469056010246,0.010453087277710438,0.0,0.0,1.0,0.0,1.0,0.0013862336054444313,-0.041975369676947594
test:1819,Qwen3-8B,44,benign,norm_matched,6,final,35,0.0,0.0,0.014351955614984035,0.055540814995765686,0.029356610029935837,0.0,0.0,1.0,0.0,0.0,-0.015004654414951801,-0.04118885938078165
test:225,Qwen3-8B,44,benign,norm_matched,6,final,59,0.0,0.0,0.03175463154911995,0.029606230556964874,0.025335364043712616,0.0,0.0,1.0,0.0,1.0,0.006419267505407333,0.002148400992155075
test:1978,Qwen3-8B,44,benign,norm_matched,6,final,269,0.0,0.0,0.0620165690779686,0.07490245997905731,0.08392030000686646,0.0,0.0,0.0,0.0,0.0,-0.021903730928897858,-0.012885890901088715
test:1849,Qwen3-8B,44,benign,norm_matched,6,final,47,0.0,0.0,0.03683307394385338,0.030934378504753113,0.029329700395464897,0.0,0.0,1.0,0.0,1.0,0.007503373548388481,0.0058986954391002655
test:1267,Qwen3-8B,44,benign,norm_matched,6,final,232,0.0,0.0,0.01732894591987133,0.029304075986146927,0.025785543024539948,0.0,0.0,1.0,0.0,0.0,-0.008456597104668617,-0.011975130066275597
test:2014,Qwen3-8B,44,benign,norm_matched,6,final,38,0.0,0.0,0.06697314977645874,0.04973631724715233,0.042747434228658676,0.0,0.0,1.0,0.0,1.0,0.024225715547800064,0.017236832529306412
test:747,Qwen3-8B,44,benign,norm_matched,6,final,75,0.0,0.0,0.0461532287299633,0.05074356868863106,0.04634206369519234,0.0,0.0,1.0,0.0,0.0,-0.00018883496522903442,-0.004590339958667755
test:1536,Qwen3-8B,44,benign,norm_matched,6,final,66,0.0,0.0,0.017240995541214943,0.010979469865560532,0.018688982352614403,0.0,0.0,0.0,0.0,0.0,-0.0014479868113994598,0.006261525675654411
test:495,Qwen3-8B,44,benign,norm_matched,6,final,125,0.0,0.0,0.05505004897713661,0.018087344244122505,0.04038495570421219,0.0,0.0,0.0,0.0,1.0,0.014665093272924423,0.03696270473301411
test:1218,Qwen3-8B,44,benign,norm_matched,6,final,73,0.0,0.0,0.06165395304560661,0.025992920622229576,0.03329797461628914,0.0,0.0,0.0,0.0,1.0,0.028355978429317474,0.03566103242337704
test:908,Qwen3-8B,44,benign,norm_matched,6,final,44,0.0,0.0,0.06312726438045502,0.046585507690906525,-0.02191799320280552,0.0,0.0,1.0,0.0,1.0,0.08504525758326054,0.016541756689548492
test:284,Qwen3-8B,44,benign,norm_matched,6,final,307,0.0,0.0,0.11229996383190155,0.11077263206243515,0.05875546485185623,0.0,0.0,1.0,0.0,1.0,0.05354449898004532,0.0015273317694664001
test:307,Qwen3-8B,44,benign,norm_matched,6,final,170,0.0,0.0,0.013251452706754208,0.010779356583952904,0.00804467685520649,0.0,0.0,1.0,0.0,1.0,0.005206775851547718,0.002472096122801304
test:1101,Qwen3-8B,44,benign,norm_matched,6,final,22,0.0,0.0,0.020376544445753098,0.014568733982741833,0.018745293840765953,0.0,0.0,0.0,0.0,1.0,0.0016312506049871445,0.005807810463011265
test:2091,Qwen3-8B,44,benign,norm_matched,6,final,262,0.0,0.0,0.051729053258895874,0.049485914409160614,0.04214392229914665,0.0,0.0,1.0,0.0,1.0,0.009585130959749222,0.00224313884973526
test:1343,Qwen3-8B,44,benign,norm_matched,6,final,285,0.0,0.0,0.0175304114818573,0.029759814962744713,0.0327637642621994,0.0,0.0,0.0,0.0,0.0,-0.015233352780342102,-0.012229403480887413
test:312,Qwen3-8B,44,benign,norm_matched,6,final,44,0.0,0.0,0.05998532846570015,0.04614952579140663,0.03171948343515396,0.0,0.0,1.0,0.0,1.0,0.02826584503054619,0.013835802674293518
test:1853,Qwen3-8B,44,benign,norm_matched,6,final,226,0.0,0.0,0.01401355117559433,0.027209492400288582,0.024625375866889954,0.0,0.0,1.0,0.0,0.0,-0.010611824691295624,-0.013195941224694252
test:2161,Qwen3-8B,44,benign,norm_matched,6,final,189,0.0,0.0,0.015788111835718155,0.019019167870283127,0.016466880217194557,0.0,0.0,1.0,0.0,0.0,-0.0006787683814764023,-0.003231056034564972
test:993,Qwen3-8B,44,benign,norm_matched,6,final,26,0.0,0.0,0.05812285095453262,0.03171151876449585,0.016666028648614883,0.0,0.0,1.0,0.0,1.0,0.04145682230591774,0.026411332190036774
test:1764,Qwen3-8B,44,benign,norm_matched,6,final,114,0.0,0.0,0.047065697610378265,0.060684822499752045,0.03225678578019142,0.0,0.0,1.0,0.0,1.0,0.014808911830186844,-0.01361912488937378
test:1238,Qwen3-8B,44,benign,norm_matched,6,final,153,0.0,0.0,0.029514377936720848,0.025139382109045982,0.022436439990997314,0.0,0.0,1.0,0.0,1.0,0.007077937945723534,0.004374995827674866
test:2222,Qwen3-8B,44,benign,norm_matched,6,final,76,0.0,0.0,0.06062709167599678,0.06312812119722366,0.07751938700675964,0.0,0.0,0.0,0.0,0.0,-0.016892295330762863,-0.002501029521226883
test:2007,Qwen3-8B,44,benign,norm_matched,6,final,80,0.0,0.0,0.0367058590054512,0.03491077944636345,0.042699601501226425,0.0,0.0,0.0,0.0,0.0,-0.005993742495775223,0.0017950795590877533
test:1177,Qwen3-8B,44,benign,norm_matched,6,final,40,0.0,0.0,0.019381320104002953,0.030963841825723648,0.030335962772369385,0.0,0.0,1.0,0.0,0.0,-0.010954642668366432,-0.011582521721720695
test:378,Qwen3-8B,44,benign,norm_matched,6,final,289,0.0,0.0,0.0168695580214262,0.026552844792604446,0.015539534389972687,0.0,0.0,1.0,0.0,1.0,0.001330023631453514,-0.009683286771178246
test:1086,Qwen3-8B,44,benign,norm_matched,6,final,246,0.0,0.0,0.04535648599267006,0.040897186845541,0.037044648081064224,0.0,0.0,1.0,0.0,1.0,0.008311837911605835,0.004459299147129059
test:350,Qwen3-8B,44,benign,norm_matched,6,final,38,0.0,0.0,0.052253007888793945,0.013711749576032162,0.020310744643211365,0.0,0.0,0.0,0.0,1.0,0.03194226324558258,0.038541258312761784
test:2256,Qwen3-8B,44,benign,norm_matched,6,final,10,0.0,0.0,0.02666482888162136,0.0323498360812664,0.025482874363660812,0.0,0.0,1.0,0.0,1.0,0.0011819545179605484,-0.005685007199645042
test:2064,Qwen3-8B,44,benign,norm_matched,6,final,40,0.0,0.0,0.025475885719060898,0.016910359263420105,0.023172518238425255,0.0,0.0,0.0,0.0,1.0,0.002303367480635643,0.008565526455640793
test:635,Qwen3-8B,44,benign,norm_matched,6,final,10,0.0,0.0,0.03964759781956673,0.03583819046616554,0.010334810242056847,0.0,0.0,1.0,0.0,1.0,0.02931278757750988,0.003809407353401184
test:2182,Qwen3-8B,44,benign,norm_matched,6,final,305,0.0,0.0,0.04363078251481056,0.050655607134103775,0.04830795153975487,0.0,0.0,1.0,0.0,0.0,-0.004677169024944305,-0.007024824619293213
test:502,Qwen3-8B,44,benign,norm_matched,6,final,193,0.0,0.0,0.03316454216837883,0.024602718651294708,0.01959232985973358,0.0,0.0,1.0,0.0,1.0,0.013572212308645248,0.008561823517084122
test:434,Qwen3-8B,44,benign,norm_matched,6,final,232,0.0,0.0,0.041504282504320145,0.05270592123270035,0.04347672313451767,0.0,0.0,1.0,0.0,0.0,-0.001972440630197525,-0.011201638728380203
test:1225,Qwen3-8B,44,benign,norm_matched,6,final,62,0.0,0.0,0.016047589480876923,0.027426064014434814,0.02696390263736248,0.0,0.0,1.0,0.0,0.0,-0.010916313156485558,-0.011378474533557892
test:1483,Qwen3-8B,44,benign,norm_matched,6,final,284,0.0,0.0,0.016727780923247337,0.027438048273324966,0.018812334164977074,0.0,0.0,1.0,0.0,0.0,-0.0020845532417297363,-0.010710267350077629
test:327,Qwen3-8B,44,benign,norm_matched,6,final,33,0.0,0.0,0.06288936734199524,0.05113993585109711,0.04048901051282883,0.0,0.0,1.0,0.0,1.0,0.022400356829166412,0.011749431490898132
test:646,Qwen3-8B,44,benign,norm_matched,6,final,48,0.0,0.0,0.06164640188217163,0.05817950516939163,0.00962922815233469,0.0,0.0,1.0,0.0,1.0,0.05201717372983694,0.0034668967127799988
test:1214,Qwen3-8B,44,benign,norm_matched,6,final,245,0.0,0.0,0.025930482894182205,0.03645496442914009,0.04094652459025383,0.0,0.0,0.0,0.0,0.0,-0.015016041696071625,-0.010524481534957886
test:1722,Qwen3-8B,44,benign,norm_matched,6,final,73,0.0,0.0,0.04518178850412369,0.045659251511096954,0.045163705945014954,0.0,0.0,1.0,0.0,1.0,1.808255910873413e-05,-0.0004774630069732666
test:2062,Qwen3-8B,44,benign,norm_matched,6,final,123,0.0,0.0,0.03348107263445854,0.04958822950720787,0.041687577962875366,0.0,0.0,1.0,0.0,0.0,-0.008206505328416824,-0.01610715687274933
test:1009,Qwen3-8B,44,benign,norm_matched,6,final,93,0.0,0.0,0.02595100924372673,0.02844565361738205,0.044213466346263885,0.0,0.0,0.0,0.0,0.0,-0.018262457102537155,-0.002494644373655319
test:92,Qwen3-8B,44,benign,norm_matched,6,final,88,0.0,0.0,0.035867564380168915,0.03312715142965317,0.02073904685676098,0.0,0.0,1.0,0.0,1.0,0.015128517523407936,0.002740412950515747
test:471,Qwen3-8B,44,benign,norm_matched,6,final,251,0.0,0.0,0.03884173929691315,0.023951532319188118,0.027040980756282806,0.0,0.0,0.0,0.0,1.0,0.01180075854063034,0.014890206977725029
test:1083,Qwen3-8B,44,benign,norm_matched,6,final,317,0.0,0.0,0.06892558932304382,0.09080483764410019,0.09474894404411316,0.0,0.0,0.0,0.0,0.0,-0.025823354721069336,-0.021879248321056366
test:2108,Qwen3-8B,44,benign,norm_matched,6,final,53,0.0,0.0,0.054344601929187775,0.05363290756940842,0.04778924584388733,0.0,0.0,1.0,0.0,1.0,0.0065553560853004456,0.0007116943597793579
test:2227,Qwen3-8B,44,benign,norm_matched,6,final,316,0.0,0.0,0.01972489431500435,0.027278155088424683,0.021907862275838852,0.0,0.0,1.0,0.0,0.0,-0.002182967960834503,-0.007553260773420334
test:1251,Qwen3-8B,44,benign,norm_matched,6,final,277,0.0,0.0,0.00979467760771513,0.016960326582193375,0.020999129861593246,0.0,0.0,0.0,0.0,0.0,-0.011204452253878117,-0.007165648974478245
test:498,Qwen3-8B,44,benign,norm_matched,6,final,46,0.0,0.0,0.049024369567632675,0.028557801619172096,0.03538614138960838,0.0,0.0,0.0,0.0,1.0,0.013638228178024292,0.02046656794846058
test:1920,Qwen3-8B,44,benign,norm_matched,6,final,294,0.0,0.0,0.07586123049259186,0.06104050204157829,0.048119883984327316,0.0,0.0,1.0,0.0,1.0,0.02774134650826454,0.014820728451013565
test:1845,Qwen3-8B,44,benign,norm_matched,6,final,95,0.0,0.0,0.03072553314268589,0.03943882882595062,0.036258019506931305,0.0,0.0,1.0,0.0,0.0,-0.005532486364245415,-0.008713295683264732
test:1790,Qwen3-8B,44,benign,norm_matched,6,final,86,0.0,0.0,0.01888354681432247,0.02344462275505066,0.01525814551860094,0.0,0.0,1.0,0.0,1.0,0.003625401295721531,-0.0045610759407281876
test:1563,Qwen3-8B,44,benign,norm_matched,6,final,149,0.0,0.0,0.028031863272190094,0.027700457721948624,0.02881765179336071,0.0,0.0,0.0,0.0,0.0,-0.0007857885211706161,0.00033140555024147034
test:1715,Qwen3-8B,44,benign,norm_matched,6,final,280,0.0,0.0,0.04243013262748718,0.038369737565517426,0.038708142936229706,0.0,0.0,0.0,0.0,1.0,0.003721989691257477,0.004060395061969757
test:1395,Qwen3-8B,44,benign,norm_matched,6,final,63,0.0,0.0,0.0500003881752491,0.052906136959791183,0.042692650109529495,0.0,0.0,1.0,0.0,1.0,0.0073077380657196045,-0.0029057487845420837
test:923,Qwen3-8B,44,benign,norm_matched,6,final,232,0.0,0.0,0.023057466372847557,0.02447693422436714,0.021411534398794174,0.0,0.0,1.0,0.0,1.0,0.0016459319740533829,-0.0014194678515195847
test:800,Qwen3-8B,44,benign,norm_matched,6,final,38,0.0,0.0,0.04797469079494476,0.04440002143383026,0.05611683800816536,0.0,0.0,0.0,0.0,0.0,-0.008142147213220596,0.003574669361114502
test:1525,Qwen3-8B,44,benign,norm_matched,6,final,274,0.0,0.0,0.01567511074244976,0.022072654217481613,0.02648376300930977,0.0,0.0,0.0,0.0,0.0,-0.010808652266860008,-0.006397543475031853
test:617,Qwen3-8B,44,benign,norm_matched,6,final,185,0.0,0.0,0.023909926414489746,0.015448023565113544,0.024233145639300346,0.0,0.0,0.0,0.0,0.0,-0.0003232192248106003,0.008461902849376202
test:2225,Qwen3-8B,44,benign,norm_matched,6,final,310,0.0,0.0,0.015599287115037441,0.03382427617907524,0.03418009355664253,0.0,0.0,0.0,0.0,0.0,-0.01858080644160509,-0.0182249890640378
test:125,Qwen3-8B,44,benign,norm_matched,6,final,28,0.0,0.0,0.033693425357341766,0.02136804535984993,0.019986532628536224,0.0,0.0,1.0,0.0,1.0,0.013706892728805542,0.012325379997491837
test:1316,Qwen3-8B,44,benign,norm_matched,6,final,91,0.0,0.0,0.02230711095035076,0.023766884580254555,0.013675548136234283,0.0,0.0,1.0,0.0,1.0,0.008631562814116478,-0.0014597736299037933
test:1848,Qwen3-8B,44,benign,norm_matched,6,final,172,0.0,0.0,0.0257563479244709,0.039306383579969406,0.037506185472011566,0.0,0.0,1.0,0.0,0.0,-0.011749837547540665,-0.013550035655498505
test:1481,Qwen3-8B,44,benign,norm_matched,6,final,18,0.0,0.0,0.042624738067388535,0.01904454082250595,0.02078063413500786,0.0,0.0,0.0,0.0,1.0,0.021844103932380676,0.023580197244882584
test:1667,Qwen3-8B,44,benign,norm_matched,6,final,308,0.0,0.0,0.01847008615732193,0.026412777602672577,0.024482131004333496,0.0,0.0,1.0,0.0,0.0,-0.006012044847011566,-0.007942691445350647
test:1901,Qwen3-8B,44,benign,norm_matched,6,final,27,0.0,0.0,0.04890580475330353,0.03465048223733902,0.034519877284765244,0.0,0.0,1.0,0.0,1.0,0.014385927468538284,0.014255322515964508
test:1673,Qwen3-8B,44,benign,norm_matched,6,final,321,0.0,0.0,0.029566479846835136,0.038494523614645004,0.03712281212210655,0.0,0.0,1.0,0.0,0.0,-0.007556332275271416,-0.008928043767809868
test:2280,Qwen3-8B,44,benign,norm_matched,6,final,49,0.0,0.0,0.05438829958438873,0.037636566907167435,0.03847773000597954,0.0,0.0,0.0,0.0,1.0,0.015910569578409195,0.016751732677221298
test:2251,Qwen3-8B,44,benign,norm_matched,6,final,37,0.0,0.0,0.042344462126493454,0.028710100799798965,0.02169742062687874,0.0,0.0,1.0,0.0,1.0,0.020647041499614716,0.013634361326694489
test:512,Qwen3-8B,44,benign,norm_matched,6,final,114,0.0,0.0,0.02922861836850643,0.03575548529624939,0.029462872073054314,0.0,0.0,1.0,0.0,0.0,-0.00023425370454788208,-0.006526866927742958
test:220,Qwen3-8B,44,benign,norm_matched,6,final,342,0.0,0.0,0.01806502975523472,0.02969576045870781,0.026866592466831207,0.0,0.0,1.0,0.0,0.0,-0.008801562711596489,-0.011630730703473091
test:997,Qwen3-8B,44,benign,norm_matched,6,final,73,0.0,0.0,0.044013798236846924,0.039102423936128616,0.0182343702763319,0.0,0.0,1.0,0.0,1.0,0.025779427960515022,0.0049113743007183075
test:1553,Qwen3-8B,44,benign,norm_matched,6,final,292,0.0,0.0,0.03525232523679733,0.05189308524131775,0.036575548350811005,0.0,0.0,1.0,0.0,0.0,-0.0013232231140136719,-0.016640760004520416
test:731,Qwen3-8B,44,benign,norm_matched,6,final,64,0.0,0.0,0.021595949307084084,0.03701469302177429,0.0273133534938097,0.0,0.0,1.0,0.0,0.0,-0.0057174041867256165,-0.015418743714690208
test:1433,Qwen3-8B,44,benign,norm_matched,6,final,36,0.0,0.0,0.041791558265686035,0.02725430577993393,0.016944510862231255,0.0,0.0,1.0,0.0,1.0,0.02484704740345478,0.014537252485752106
test:65,Qwen3-8B,44,benign,norm_matched,6,final,370,0.0,0.0,0.04689009487628937,0.0473291277885437,0.04762052372097969,0.0,0.0,0.0,0.0,0.0,-0.0007304288446903229,-0.0004390329122543335
test:1575,Qwen3-8B,44,benign,norm_matched,6,final,140,0.0,0.0,0.02692168392241001,0.033936403691768646,0.026178302243351936,0.0,0.0,1.0,0.0,1.0,0.000743381679058075,-0.007014719769358635
test:1784,Qwen3-8B,44,benign,norm_matched,6,final,230,0.0,0.0,0.022939767688512802,0.019300537183880806,0.02228810079395771,0.0,0.0,0.0,0.0,1.0,0.0006516668945550919,0.003639230504631996
test:1566,Qwen3-8B,44,benign,norm_matched,6,final,27,0.0,0.0,0.0486782006919384,0.0446927584707737,0.04029301181435585,0.0,0.0,1.0,0.0,1.0,0.00838518887758255,0.003985442221164703
test:1807,Qwen3-8B,44,benign,norm_matched,6,final,51,0.0,0.0,0.05118297040462494,0.02630077861249447,0.030121836811304092,0.0,0.0,0.0,0.0,1.0,0.021061133593320847,0.02488219179213047
test:1408,Qwen3-8B,44,benign,norm_matched,6,final,326,0.0,0.0,0.038993485271930695,0.05739288404583931,0.04834455996751785,0.0,0.0,1.0,0.0,0.0,-0.009351074695587158,-0.018399398773908615
test:621,Qwen3-8B,44,benign,norm_matched,6,final,89,0.0,0.0,0.02671801671385765,0.030074885115027428,0.02655061148107052,0.0,0.0,1.0,0.0,1.0,0.00016740523278713226,-0.003356868401169777
test:531,Qwen3-8B,44,benign,norm_matched,6,final,3,0.0,0.0,0.060241661965847015,0.02410861849784851,0.03329966217279434,0.0,0.0,0.0,0.0,1.0,0.026941999793052673,0.036133043467998505
test:394,Qwen3-8B,44,benign,norm_matched,6,final,419,0.0,0.0,0.003729526186361909,0.026846107095479965,0.0019416104769334197,0.0,0.0,1.0,0.0,1.0,0.0017879157094284892,-0.023116580909118056
test:641,Qwen3-8B,44,benign,norm_matched,6,final,364,0.0,0.0,0.08447614312171936,0.10115951299667358,0.07151065021753311,0.0,0.0,1.0,0.0,1.0,0.012965492904186249,-0.016683369874954224
test:2003,Qwen3-8B,44,benign,norm_matched,6,final,21,0.0,0.0,0.04344023019075394,0.023637790232896805,0.03277665376663208,0.0,0.0,0.0,0.0,1.0,0.010663576424121857,0.019802439957857132
test:243,Qwen3-8B,44,benign,norm_matched,6,final,177,0.0,0.0,0.017803726717829704,0.023873627185821533,0.033241309225559235,0.0,0.0,0.0,0.0,0.0,-0.01543758250772953,-0.006069900467991829
test:85,Qwen3-8B,44,benign,norm_matched,6,final,82,0.0,0.0,0.04285266250371933,0.028989914804697037,0.04309558868408203,0.0,0.0,0.0,0.0,0.0,-0.00024292618036270142,0.013862747699022293
test:847,Qwen3-8B,44,benign,norm_matched,6,final,38,0.0,0.0,0.061180613934993744,0.060160938650369644,0.012036568485200405,0.0,0.0,1.0,0.0,1.0,0.04914404544979334,0.0010196752846240997
test:4,Qwen3-8B,44,benign,norm_matched,6,final,207,0.0,0.0,0.06389744579792023,0.06005191057920456,0.06422516703605652,0.0,0.0,0.0,0.0,0.0,-0.0003277212381362915,0.0038455352187156677
test:468,Qwen3-8B,44,benign,norm_matched,6,final,143,0.0,0.0,0.04063529148697853,0.03339305520057678,0.021116528660058975,0.0,0.0,1.0,0.0,1.0,0.019518762826919556,0.007242236286401749
test:1928,Qwen3-8B,44,benign,norm_matched,6,final,30,0.0,0.0,0.057514868676662445,0.06216741353273392,0.0333951972424984,0.0,0.0,1.0,0.0,1.0,0.024119671434164047,-0.004652544856071472
test:822,Qwen3-8B,44,benign,norm_matched,6,final,94,0.0,0.0,0.03354320675134659,0.025489656254649162,0.05338691920042038,0.0,0.0,0.0,0.0,0.0,-0.01984371244907379,0.008053550496697426
test:1805,Qwen3-8B,44,benign,norm_matched,6,final,380,0.0,0.0,0.012954695150256157,0.04515606537461281,0.022649627178907394,0.0,0.0,1.0,0.0,0.0,-0.009694932028651237,-0.03220137022435665
test:879,Qwen3-8B,44,benign,norm_matched,6,final,88,0.0,0.0,0.030872100964188576,0.020371560007333755,0.02756805159151554,0.0,0.0,0.0,0.0,1.0,0.0033040493726730347,0.01050054095685482
test:1902,Qwen3-8B,44,benign,norm_matched,6,final,154,0.0,0.0,0.018598901107907295,0.031550854444503784,0.03514090180397034,0.0,0.0,0.0,0.0,0.0,-0.01654200069606304,-0.012951953336596489
test:1933,Qwen3-8B,44,benign,norm_matched,6,final,46,0.0,0.0,0.02442909963428974,0.02644936367869377,0.011243571527302265,0.0,0.0,1.0,0.0,1.0,0.013185528106987476,-0.00202026404440403
test:577,Qwen3-8B,44,benign,norm_matched,6,final,414,0.0,0.0,0.015876492485404015,0.0268204677850008,0.030932102352380753,0.0,0.0,0.0,0.0,0.0,-0.015055609866976738,-0.010943975299596786
test:1749,Qwen3-8B,44,benign,norm_matched,6,final,433,0.0,0.0,0.015538835898041725,0.028216378763318062,0.02505638264119625,0.0,0.0,1.0,0.0,0.0,-0.009517546743154526,-0.012677542865276337
test:15,Qwen3-8B,44,benign,norm_matched,6,final,414,0.0,0.0,0.062048427760601044,0.03373623266816139,0.06360441446304321,0.0,0.0,0.0,0.0,0.0,-0.0015559867024421692,0.02831219509243965
test:1753,Qwen3-8B,44,benign,norm_matched,6,final,480,0.0,0.0,0.026189401745796204,0.030989373102784157,0.03487527742981911,0.0,0.0,0.0,0.0,0.0,-0.008685875684022903,-0.004799971356987953
test:665,Qwen3-8B,44,benign,norm_matched,6,final,506,0.0,0.0,0.013798099011182785,0.027163514867424965,0.025861887261271477,0.0,0.0,1.0,0.0,0.0,-0.012063788250088692,-0.01336541585624218
test:569,Qwen3-8B,44,benign,norm_matched,6,final,39,0.0,0.0,0.047098200768232346,0.025261791422963142,0.019667865708470345,0.0,0.0,1.0,0.0,1.0,0.027430335059762,0.021836409345269203
test:1203,Qwen3-8B,44,benign,norm_matched,6,final,13,0.0,0.0,0.036904726177453995,0.03814532235264778,0.024990171194076538,0.0,0.0,1.0,0.0,1.0,0.011914554983377457,-0.0012405961751937866
test:2105,Qwen3-8B,44,benign,norm_matched,6,final,375,0.0,0.0,0.11572030186653137,0.09977655112743378,0.1140793189406395,0.0,0.0,0.0,0.0,1.0,0.0016409829258918762,0.015943750739097595
test:426,Qwen3-8B,44,benign,norm_matched,6,final,411,0.0,0.0,0.025003723800182343,0.02580895461142063,0.022119326516985893,0.0,0.0,1.0,0.0,1.0,0.0028843972831964493,-0.0008052308112382889
test:123,Qwen3-8B,44,benign,norm_matched,6,final,393,0.0,0.0,0.011841239407658577,0.02230161800980568,0.027108781039714813,0.0,0.0,0.0,0.0,0.0,-0.015267541632056236,-0.010460378602147102
test:1405,Qwen3-8B,44,benign,norm_matched,6,final,36,0.0,0.0,0.031122896820306778,0.03310133144259453,0.023163385689258575,0.0,0.0,1.0,0.0,1.0,0.007959511131048203,-0.0019784346222877502
test:796,Qwen3-8B,44,benign,norm_matched,6,final,23,0.0,0.0,0.02814955823123455,0.03309673070907593,0.052438121289014816,0.0,0.0,0.0,0.0,0.0,-0.024288563057780266,-0.004947172477841377
test:2166,Qwen3-8B,44,benign,norm_matched,6,final,32,0.0,0.0,0.057147104293107986,0.0534508116543293,0.026006989181041718,0.0,0.0,1.0,0.0,1.0,0.03114011511206627,0.0036962926387786865
test:1179,Qwen3-8B,44,benign,norm_matched,6,final,209,0.0,0.0,0.039154671132564545,0.028947843238711357,0.029099933803081512,0.0,0.0,0.0,0.0,1.0,0.010054737329483032,0.010206827893853188
test:375,Qwen3-8B,44,benign,norm_matched,6,final,365,0.0,0.0,0.019907958805561066,0.028721841052174568,0.015380015596747398,0.0,0.0,1.0,0.0,1.0,0.004527943208813667,-0.008813882246613503
test:1143,Qwen3-8B,44,benign,norm_matched,6,final,528,0.0,0.0,0.03303752467036247,0.04428232088685036,0.04516950622200966,0.0,0.0,0.0,0.0,0.0,-0.012131981551647186,-0.011244796216487885
test:1882,Qwen3-8B,44,benign,norm_matched,6,final,120,0.0,0.0,0.06566917896270752,0.03148554265499115,0.046210676431655884,0.0,0.0,0.0,0.0,1.0,0.019458502531051636,0.03418363630771637
test:404,Qwen3-8B,44,benign,norm_matched,6,final,41,0.0,0.0,0.03859701752662659,0.02251308038830757,0.01676805689930916,0.0,0.0,1.0,0.0,1.0,0.02182896062731743,0.016083937138319016
test:2056,Qwen3-8B,44,benign,norm_matched,6,final,469,0.0,0.0,0.03111257404088974,0.04749255254864693,0.040522560477256775,0.0,0.0,1.0,0.0,0.0,-0.009409986436367035,-0.016379978507757187
test:1331,Qwen3-8B,44,benign,norm_matched,6,final,530,0.0,0.0,0.05072513222694397,0.04757033288478851,0.03740161657333374,0.0,0.0,1.0,0.0,1.0,0.01332351565361023,0.0031547993421554565
test:2255,Qwen3-8B,44,benign,norm_matched,6,final,166,0.0,0.0,0.055543165653944016,0.05686546117067337,0.01667095348238945,0.0,0.0,1.0,0.0,1.0,0.038872212171554565,-0.0013222955167293549
test:1122,Qwen3-8B,44,benign,norm_matched,6,final,307,0.0,0.0,0.025419112294912338,0.03966135531663895,0.0426052063703537,0.0,0.0,0.0,0.0,0.0,-0.01718609407544136,-0.014242243021726608
test:1063,Qwen3-8B,44,benign,norm_matched,6,final,38,0.0,0.0,0.07269015163183212,-0.0016113753663375974,0.04708203673362732,0.0,0.0,0.0,0.0,1.0,0.025608114898204803,0.07430152699816972
test:1994,Qwen3-8B,44,benign,norm_matched,6,final,252,0.0,0.0,0.03459709510207176,0.04459434747695923,0.04025927931070328,0.0,0.0,1.0,0.0,0.0,-0.0056621842086315155,-0.009997252374887466
test:2291,Qwen3-8B,44,benign,norm_matched,6,final,24,0.0,0.0,0.024112895131111145,0.034346360713243484,0.020998036488890648,0.0,0.0,1.0,0.0,1.0,0.003114858642220497,-0.01023346558213234
test:287,Qwen3-8B,44,benign,norm_matched,6,final,192,0.0,0.0,0.04274676740169525,0.03991534188389778,0.020921975374221802,0.0,0.0,1.0,0.0,1.0,0.02182479202747345,0.00283142551779747
test:1257,Qwen3-8B,44,benign,norm_matched,6,final,548,0.0,0.0,0.04515343904495239,0.01725025475025177,0.01969827339053154,0.0,0.0,0.0,0.0,1.0,0.025455165654420853,0.027903184294700623
test:564,Qwen3-8B,44,benign,norm_matched,6,final,320,0.0,0.0,0.03056262992322445,0.023504801094532013,0.02388399839401245,0.0,0.0,0.0,0.0,1.0,0.006678631529211998,0.007057828828692436
test:1836,Qwen3-8B,44,benign,norm_matched,6,final,50,0.0,0.0,0.030500520020723343,0.04550032690167427,0.05053986236453056,0.0,0.0,0.0,0.0,0.0,-0.02003934234380722,-0.014999806880950928
test:1915,Qwen3-8B,44,benign,norm_matched,6,final,10,0.0,0.0,0.06287578493356705,0.07186120748519897,0.003955898340791464,0.0,0.0,1.0,0.0,1.0,0.05891988659277558,-0.008985422551631927
test:444,Qwen3-8B,44,benign,norm_matched,6,final,86,0.0,0.0,0.02929285541176796,0.03306221589446068,0.028683586046099663,0.0,0.0,1.0,0.0,1.0,0.0006092693656682968,-0.0037693604826927185
test:2176,Qwen3-8B,44,benign,norm_matched,6,final,144,0.0,0.0,0.021751027554273605,0.01974206231534481,0.0195716954767704,0.0,0.0,1.0,0.0,1.0,0.0021793320775032043,0.002008965238928795
test:2145,Qwen3-8B,44,benign,norm_matched,6,final,38,0.0,0.0,0.05044727399945259,0.04416481405496597,0.011256142519414425,0.0,0.0,1.0,0.0,1.0,0.039191131480038166,0.006282459944486618
test:1174,Qwen3-8B,44,benign,norm_matched,6,final,366,0.0,0.0,0.021592406556010246,0.025878768414258957,0.026852566748857498,0.0,0.0,0.0,0.0,0.0,-0.005260160192847252,-0.004286361858248711
test:1230,Qwen3-8B,44,benign,norm_matched,6,final,605,0.0,0.0,0.029575897380709648,0.03193465247750282,0.02369409054517746,0.0,0.0,1.0,0.0,1.0,0.005881806835532188,-0.0023587550967931747
test:1244,Qwen3-8B,44,benign,norm_matched,6,final,97,0.0,0.0,0.03899552673101425,0.03441997617483139,0.013231064192950726,0.0,0.0,1.0,0.0,1.0,0.025764462538063526,0.004575550556182861
test:606,Qwen3-8B,44,benign,norm_matched,6,final,38,0.0,0.0,0.06612546741962433,0.01397697813808918,0.026154667139053345,0.0,0.0,0.0,0.0,1.0,0.039970800280570984,0.05214848928153515
test:304,Qwen3-8B,44,benign,norm_matched,6,final,81,0.0,0.0,0.022812001407146454,0.02007032372057438,0.024206064641475677,0.0,0.0,0.0,0.0,0.0,-0.0013940632343292236,0.002741677686572075
test:1390,Qwen3-8B,44,benign,norm_matched,6,final,606,0.0,0.0,0.029522977769374847,0.030279211699962616,0.028438780456781387,0.0,0.0,1.0,0.0,1.0,0.00108419731259346,-0.0007562339305877686
test:1729,Qwen3-8B,44,benign,norm_matched,6,final,68,0.0,0.0,0.040931280702352524,0.040913715958595276,0.029674947261810303,0.0,0.0,1.0,0.0,1.0,0.011256333440542221,1.7564743757247925e-05
test:1454,Qwen3-8B,44,benign,norm_matched,6,final,38,0.0,0.0,0.04432493448257446,0.05050847679376602,0.06514164805412292,0.0,0.0,0.0,0.0,0.0,-0.020816713571548462,-0.006183542311191559
test:858,Qwen3-8B,44,benign,norm_matched,6,final,47,0.0,0.0,0.06307175010442734,0.043654173612594604,0.0043746610172092915,0.0,0.0,1.0,0.0,1.0,0.058697089087218046,0.019417576491832733
test:771,Qwen3-8B,44,benign,norm_matched,6,final,531,0.0,0.0,0.01854671724140644,0.04232069477438927,0.041723981499671936,0.0,0.0,1.0,0.0,0.0,-0.023177264258265495,-0.023773977532982826
test:660,Qwen3-8B,44,benign,norm_matched,6,final,370,0.0,0.0,0.025258276611566544,0.019490843638777733,0.022974591702222824,0.0,0.0,0.0,0.0,1.0,0.0022836849093437195,0.005767432972788811
test:888,Qwen3-8B,44,benign,norm_matched,6,final,663,0.0,0.0,0.014617507345974445,0.026331555098295212,0.023746054619550705,0.0,0.0,1.0,0.0,0.0,-0.00912854727357626,-0.011714047752320766
test:413,Qwen3-8B,44,benign,norm_matched,6,final,126,0.0,0.0,0.03927719593048096,0.012767428532242775,0.03363896533846855,0.0,0.0,0.0,0.0,1.0,0.005638230592012405,0.026509767398238182
test:130,Qwen3-8B,44,benign,norm_matched,6,final,896,0.0,0.0,0.030923079699277878,0.06005735695362091,0.05849051475524902,0.0,0.0,1.0,0.0,0.0,-0.027567435055971146,-0.029134277254343033
test:1147,Qwen3-8B,44,benign,norm_matched,6,final,604,0.0,0.0,0.07410035282373428,0.03004199080169201,0.032993052154779434,0.0,0.0,0.0,0.0,1.0,0.04110730066895485,0.044058362022042274
test:42,Qwen3-8B,44,benign,norm_matched,6,final,726,0.0,0.0,0.022439854219555855,0.01894097402691841,0.033976659178733826,0.0,0.0,0.0,0.0,0.0,-0.011536804959177971,0.0034988801926374435
test:1114,Qwen3-8B,44,benign,norm_matched,6,final,10,0.0,0.0,0.07776869833469391,0.06101126968860626,0.07082756608724594,0.0,0.0,0.0,0.0,1.0,0.0069411322474479675,0.016757428646087646
test:1302,Qwen3-8B,44,benign,norm_matched,6,final,733,0.0,0.0,0.027186235412955284,0.030513236299157143,0.02575266733765602,0.0,0.0,1.0,0.0,1.0,0.001433568075299263,-0.0033270008862018585
test:662,Qwen3-8B,44,benign,norm_matched,6,final,127,0.0,0.0,0.038339704275131226,0.03395037725567818,0.03360557556152344,0.0,0.0,1.0,0.0,1.0,0.004734128713607788,0.004389327019453049
test:705,Qwen3-8B,44,benign,norm_matched,6,final,332,0.0,0.0,0.040306206792593,0.0218490082770586,0.02958369441330433,0.0,0.0,0.0,0.0,1.0,0.010722512379288673,0.0184571985155344
test:1413,Qwen3-8B,44,benign,norm_matched,6,final,589,0.0,0.0,0.041076868772506714,0.033864352852106094,0.028227176517248154,0.0,0.0,1.0,0.0,1.0,0.01284969225525856,0.0072125159204006195
test:940,Qwen3-8B,44,benign,norm_matched,6,final,63,0.0,0.0,0.05247530713677406,0.046407997608184814,0.03615972399711609,0.0,0.0,1.0,0.0,1.0,0.016315583139657974,0.006067309528589249
test:2162,Qwen3-8B,44,benign,norm_matched,6,final,135,0.0,0.0,0.010760375298559666,0.012723518535494804,0.0001363348710583523,0.0,0.0,1.0,0.0,1.0,0.010624040427501313,-0.0019631432369351387
test:51,Qwen3-8B,44,benign,norm_matched,6,final,179,0.0,0.0,0.09078569710254669,0.06707655638456345,0.08768194168806076,0.0,0.0,0.0,0.0,1.0,0.0031037554144859314,0.023709140717983246
test:914,Qwen3-8B,44,benign,norm_matched,6,final,23,0.0,0.0,0.06223469600081444,0.059278231114149094,-0.009016105905175209,0.0,0.0,1.0,0.0,1.0,0.07125080190598965,0.0029564648866653442
test:1558,Qwen3-8B,44,benign,norm_matched,6,final,722,0.0,0.0,0.05642830580472946,0.059598345309495926,0.06346407532691956,0.0,0.0,0.0,0.0,0.0,-0.007035769522190094,-0.0031700395047664642
test:351,Qwen3-8B,44,benign,norm_matched,6,final,18,0.0,0.0,0.038104284554719925,0.020710501819849014,0.01681005023419857,0.0,0.0,1.0,0.0,1.0,0.021294234320521355,0.01739378273487091
test:1503,Qwen3-8B,44,benign,norm_matched,6,final,603,0.0,0.0,0.0289521012455225,0.04475301131606102,0.032672520726919174,0.0,0.0,1.0,0.0,0.0,-0.003720419481396675,-0.01580091007053852
test:1138,Qwen3-8B,44,benign,norm_matched,6,final,796,0.0,0.0,0.0010159576777368784,0.020270148292183876,0.011339778080582619,0.0,0.0,1.0,0.0,0.0,-0.01032382040284574,-0.019254190614446998
test:1205,Qwen3-8B,44,benign,norm_matched,6,final,1077,0.0,0.0,0.0073867361061275005,0.04802662879228592,-0.006557154934853315,0.0,0.0,1.0,0.0,1.0,0.013943891040980816,-0.04063989268615842
test:279,Qwen3-8B,44,benign,norm_matched,6,final,444,0.0,0.0,0.03020014800131321,0.029480241239070892,0.020731862634420395,0.0,0.0,1.0,0.0,1.0,0.009468285366892815,0.0007199067622423172
test:1783,Qwen3-8B,44,benign,norm_matched,6,final,50,0.0,0.0,0.05699777975678444,0.03455617278814316,0.007660418748855591,0.0,0.0,1.0,0.0,1.0,0.04933736100792885,0.02244160696864128
test:684,Qwen3-8B,44,benign,norm_matched,6,final,50,0.0,0.0,0.06856059283018112,0.02408626303076744,0.04044317454099655,0.0,0.0,0.0,0.0,1.0,0.02811741828918457,0.04447432979941368
test:158,Qwen3-8B,44,benign,norm_matched,6,final,1083,0.0,0.0,0.040040016174316406,0.04516735300421715,0.04767586290836334,0.0,0.0,0.0,0.0,0.0,-0.007635846734046936,-0.005127336829900742
test:295,Qwen3-8B,44,benign,norm_matched,6,final,415,0.0,0.0,0.025245770812034607,0.0335477776825428,0.01442804466933012,0.0,0.0,1.0,0.0,1.0,0.010817726142704487,-0.008302006870508194
test:1988,Qwen3-8B,44,benign,norm_matched,6,final,1770,0.0,0.0,0.015058419667184353,0.027458572760224342,0.02487342618405819,0.0,0.0,1.0,0.0,0.0,-0.009815006516873837,-0.01240015309303999
test:1735,Qwen3-8B,44,benign,norm_matched,6,final,81,0.0,0.0,0.03487030789256096,0.022884024307131767,0.015983950346708298,0.0,0.0,1.0,0.0,1.0,0.01888635754585266,0.011986283585429192
test:179,Qwen3-8B,44,benign,norm_matched,6,final,2232,0.0,0.0,0.01808113604784012,0.0593220479786396,0.0046952576376497746,0.0,0.0,1.0,0.0,1.0,0.013385878410190344,-0.041240911930799484
test:1458,Qwen3-8B,44,benign,norm_matched,6,final,56,0.0,0.0,0.046021636575460434,0.03792406618595123,-0.013834042474627495,0.0,0.0,1.0,0.0,1.0,0.05985567905008793,0.008097570389509201
test:2202,Qwen3-8B,44,conflict,norm_matched,6,final,5,0.0,0.0,0.018550893291831017,0.018550893291831017,0.023374482989311218,0.0,0.0,0.0,0.0,0.0,-0.004823589697480202,0.0
test:1068,Qwen3-8B,44,conflict,norm_matched,6,final,15,0.0,0.0,0.04208176210522652,0.04208176210522652,0.04248104989528656,0.0,0.0,0.0,0.0,0.0,-0.00039928779006004333,0.0
test:913,Qwen3-8B,44,conflict,norm_matched,6,final,21,0.0,0.0,0.017270809039473534,0.016749488189816475,0.016704345121979713,0.0,0.0,1.0,0.0,1.0,0.0005664639174938202,0.0005213208496570587
test:1076,Qwen3-8B,44,conflict,norm_matched,6,final,29,0.0,0.0,0.013204540126025677,0.03724002093076706,0.025824004784226418,0.0,0.0,1.0,0.0,0.0,-0.01261946465820074,-0.024035480804741383
test:563,Qwen3-8B,44,conflict,norm_matched,6,final,22,0.0,0.0,0.026181261986494064,0.016066424548625946,0.02636353112757206,0.0,0.0,0.0,0.0,0.0,-0.0001822691410779953,0.010114837437868118
test:463,Qwen3-8B,44,conflict,norm_matched,6,final,39,0.0,0.0,0.014247116632759571,0.02182602882385254,0.01948607712984085,0.0,0.0,1.0,0.0,0.0,-0.00523896049708128,-0.007578912191092968
test:1684,Qwen3-8B,44,conflict,norm_matched,6,final,22,0.0,0.0,0.02513056807219982,0.036126960068941116,0.03402604162693024,0.0,0.0,1.0,0.0,0.0,-0.008895473554730415,-0.010996391996741295
test:2243,Qwen3-8B,44,conflict,norm_matched,6,final,37,0.0,0.0,0.015963397920131683,0.04976780340075493,0.0423014871776104,0.0,0.0,1.0,0.0,0.0,-0.026338089257478714,-0.033804405480623245
test:1507,Qwen3-8B,44,conflict,norm_matched,6,final,33,0.0,0.0,0.03938857465982437,0.06190505251288414,0.046463336795568466,0.0,0.0,1.0,0.0,0.0,-0.007074762135744095,-0.02251647785305977
test:797,Qwen3-8B,44,conflict,norm_matched,6,final,17,0.0,0.0,0.04289805144071579,0.029906777665019035,0.028807969763875008,0.0,0.0,1.0,0.0,1.0,0.014090081676840782,0.012991273775696754
test:991,Qwen3-8B,44,conflict,norm_matched,6,final,27,0.0,0.0,0.024375122040510178,0.030911728739738464,0.03192680701613426,0.0,0.0,0.0,0.0,0.0,-0.0075516849756240845,-0.006536606699228287
test:109,Qwen3-8B,44,conflict,norm_matched,6,final,33,0.0,0.0,0.010418711230158806,0.029563112184405327,0.01732722669839859,0.0,0.0,1.0,0.0,0.0,-0.006908515468239784,-0.01914440095424652
test:1456,Qwen3-8B,44,conflict,norm_matched,6,final,32,0.0,0.0,0.020769163966178894,0.0406775176525116,0.03568048030138016,0.0,0.0,1.0,0.0,0.0,-0.014911316335201263,-0.019908353686332703
test:1171,Qwen3-8B,44,conflict,norm_matched,6,final,32,0.0,0.0,0.01358833909034729,0.02699217014014721,0.032836396247148514,0.0,0.0,0.0,0.0,0.0,-0.019248057156801224,-0.013403831049799919
test:1045,Qwen3-8B,44,conflict,norm_matched,6,final,32,0.0,0.0,0.02846628800034523,0.04116295650601387,0.01616520620882511,0.0,0.0,1.0,0.0,1.0,0.012301081791520119,-0.01269666850566864
test:897,Qwen3-8B,44,conflict,norm_matched,6,final,27,0.0,0.0,0.01550828292965889,0.03125502169132233,0.03049316257238388,0.0,0.0,1.0,0.0,0.0,-0.01498487964272499,-0.015746738761663437
test:427,Qwen3-8B,44,conflict,norm_matched,6,final,35,0.0,0.0,0.03462357819080353,0.030951503664255142,0.03279354050755501,0.0,0.0,0.0,0.0,1.0,0.00183003768324852,0.0036720745265483856
test:536,Qwen3-8B,44,conflict,norm_matched,6,final,42,0.0,0.0,0.01808633841574192,0.04030132666230202,0.024125711992383003,0.0,0.0,1.0,0.0,0.0,-0.006039373576641083,-0.022214988246560097
test:1556,Qwen3-8B,44,conflict,norm_matched,6,final,31,0.0,0.0,0.023341959342360497,0.021890928968787193,0.031628306955099106,0.0,0.0,0.0,0.0,0.0,-0.00828634761273861,0.0014510303735733032
test:1638,Qwen3-8B,44,conflict,norm_matched,6,final,23,0.0,0.0,0.03994026035070419,0.028568774461746216,0.025720244273543358,0.0,0.0,1.0,0.0,1.0,0.014220016077160835,0.011371485888957977
test:481,Qwen3-8B,44,conflict,norm_matched,6,final,32,0.0,0.0,0.012176747433841228,0.030039548873901367,0.036054398864507675,0.0,0.0,0.0,0.0,0.0,-0.023877651430666447,-0.01786280144006014
test:640,Qwen3-8B,44,conflict,norm_matched,6,final,35,0.0,0.0,0.02519996277987957,0.03218264877796173,0.02387271448969841,0.0,0.0,1.0,0.0,1.0,0.00132724829018116,-0.006982685998082161
test:903,Qwen3-8B,44,conflict,norm_matched,6,final,45,0.0,0.0,0.04588351398706436,0.026822740212082863,0.03154570981860161,0.0,0.0,0.0,0.0,1.0,0.014337804168462753,0.0190607737749815
test:466,Qwen3-8B,44,conflict,norm_matched,6,final,37,0.0,0.0,0.02224564179778099,0.03662761300802231,0.03060600347816944,0.0,0.0,1.0,0.0,0.0,-0.00836036168038845,-0.014381971210241318
test:787,Qwen3-8B,44,conflict,norm_matched,6,final,46,0.0,0.0,0.027226269245147705,0.03477362170815468,0.022873124107718468,0.0,0.0,1.0,0.0,1.0,0.004353145137429237,-0.007547352463006973
test:63,Qwen3-8B,44,conflict,norm_matched,6,final,39,0.0,0.0,0.012507186271250248,0.047407366335392,0.02268475852906704,0.0,0.0,1.0,0.0,0.0,-0.010177572257816792,-0.03490018006414175
test:1639,Qwen3-8B,44,conflict,norm_matched,6,final,44,0.0,0.0,0.014671397395431995,0.012345847673714161,0.01274794526398182,0.0,0.0,0.0,0.0,1.0,0.0019234521314501762,0.0023255497217178345
test:2265,Qwen3-8B,44,conflict,norm_matched,6,final,48,0.0,0.0,0.028122346848249435,0.018142802640795708,0.02050267904996872,0.0,0.0,0.0,0.0,1.0,0.007619667798280716,0.009979544207453728
test:1745,Qwen3-8B,44,conflict,norm_matched,6,final,39,0.0,0.0,0.024987326934933662,0.036397114396095276,0.036690980195999146,0.0,0.0,0.0,0.0,0.0,-0.011703653261065483,-0.011409787461161613
test:9,Qwen3-8B,44,conflict,norm_matched,6,final,28,0.0,0.0,0.03920096158981323,0.08137275278568268,0.06592001020908356,0.0,0.0,1.0,0.0,0.0,-0.026719048619270325,-0.042171791195869446
test:1279,Qwen3-8B,44,conflict,norm_matched,6,final,44,0.0,0.0,0.03921165317296982,0.03613991662859917,0.03790043666958809,0.0,0.0,0.0,0.0,1.0,0.0013112165033817291,0.0030717365443706512
test:576,Qwen3-8B,44,conflict,norm_matched,6,final,41,0.0,0.0,0.03885357454419136,0.057423077523708344,0.04822539538145065,0.0,0.0,1.0,0.0,0.0,-0.009371820837259293,-0.018569502979516983
test:2207,Qwen3-8B,44,conflict,norm_matched,6,final,57,0.0,0.0,0.026592355221509933,0.04054011404514313,0.038929570466279984,0.0,0.0,1.0,0.0,0.0,-0.01233721524477005,-0.013947758823633194
test:2168,Qwen3-8B,44,conflict,norm_matched,6,final,35,0.0,0.0,0.03990601748228073,0.049067962914705276,0.02239176258444786,0.0,0.0,1.0,0.0,1.0,0.01751425489783287,-0.009161945432424545
test:805,Qwen3-8B,44,conflict,norm_matched,6,final,32,0.0,0.0,0.008194644004106522,0.07015776634216309,0.03743727505207062,0.0,0.0,1.0,0.0,0.0,-0.029242631047964096,-0.061963122338056564
test:1197,Qwen3-8B,44,conflict,norm_matched,6,final,62,0.0,0.0,0.018477272242307663,0.023731593042612076,0.021593812853097916,0.0,0.0,1.0,0.0,0.0,-0.0031165406107902527,-0.005254320800304413
test:364,Qwen3-8B,44,conflict,norm_matched,6,final,15,0.0,0.0,0.04962901026010513,0.031096089631319046,0.04715454950928688,0.0,0.0,0.0,0.0,1.0,0.0024744607508182526,0.018532920628786087
test:1644,Qwen3-8B,44,conflict,norm_matched,6,final,56,0.0,0.0,0.028285138309001923,0.03148322552442551,0.03970971331000328,0.0,0.0,0.0,0.0,0.0,-0.011424575001001358,-0.003198087215423584
test:91,Qwen3-8B,44,conflict,norm_matched,6,final,22,0.0,0.0,0.04966381937265396,0.04608168452978134,0.061679743230342865,0.0,0.0,0.0,0.0,0.0,-0.012015923857688904,0.0035821348428726196
test:328,Qwen3-8B,44,conflict,norm_matched,6,final,15,0.0,0.0,0.03489863872528076,0.03176862373948097,0.02254372276365757,0.0,0.0,1.0,0.0,1.0,0.012354915961623192,0.0031300149857997894
test:205,Qwen3-8B,44,conflict,norm_matched,6,final,47,0.0,0.0,0.04134363308548927,0.045384448021650314,0.03670845180749893,0.0,0.0,1.0,0.0,1.0,0.004635181277990341,-0.004040814936161041
test:1797,Qwen3-8B,44,conflict,norm_matched,6,final,49,0.0,0.0,0.013917206786572933,0.026317769661545753,0.02208745665848255,0.0,0.0,1.0,0.0,0.0,-0.008170249871909618,-0.01240056287497282
test:1072,Qwen3-8B,44,conflict,norm_matched,6,final,67,0.0,0.0,0.02326589822769165,0.041201069951057434,0.01803530752658844,0.0,0.0,1.0,0.0,1.0,0.0052305907011032104,-0.017935171723365784
test:1445,Qwen3-8B,44,conflict,norm_matched,6,final,64,0.0,0.0,0.03676334768533707,0.07220671325922012,0.06581086665391922,0.0,0.0,1.0,0.0,0.0,-0.029047518968582153,-0.03544336557388306
test:630,Qwen3-8B,44,conflict,norm_matched,6,final,65,0.0,0.0,0.03390052542090416,0.04052482172846794,0.03396992012858391,0.0,0.0,1.0,0.0,0.0,-6.939470767974854e-05,-0.006624296307563782
test:1252,Qwen3-8B,44,conflict,norm_matched,6,final,59,0.0,0.0,0.024905158206820488,0.024492505937814713,0.039362430572509766,0.0,0.0,0.0,0.0,0.0,-0.014457272365689278,0.00041265226900577545
test:1721,Qwen3-8B,44,conflict,norm_matched,6,final,35,0.0,0.0,0.02535298280417919,0.02210959792137146,0.020747873932123184,0.0,0.0,1.0,0.0,1.0,0.004605108872056007,0.0032433848828077316
test:236,Qwen3-8B,44,conflict,norm_matched,6,final,68,0.0,0.0,0.040997881442308426,0.05651416257023811,0.05529411882162094,0.0,0.0,1.0,0.0,0.0,-0.014296237379312515,-0.015516281127929688
test:612,Qwen3-8B,44,conflict,norm_matched,6,final,42,0.0,0.0,0.022561730816960335,0.023135440424084663,0.025180598720908165,0.0,0.0,0.0,0.0,0.0,-0.00261886790394783,-0.0005737096071243286
test:354,Qwen3-8B,44,conflict,norm_matched,6,final,65,0.0,0.0,0.04415389522910118,0.05962434783577919,0.04777444154024124,0.0,0.0,1.0,0.0,0.0,-0.0036205463111400604,-0.015470452606678009
test:2047,Qwen3-8B,44,conflict,norm_matched,6,final,57,0.0,0.0,0.026828622445464134,0.03559940308332443,0.029182162135839462,0.0,0.0,1.0,0.0,0.0,-0.002353539690375328,-0.008770780637860298
test:1687,Qwen3-8B,44,conflict,norm_matched,6,final,72,0.0,0.0,0.02133023925125599,0.02209591306746006,0.023016884922981262,0.0,0.0,0.0,0.0,0.0,-0.0016866456717252731,-0.000765673816204071
test:1787,Qwen3-8B,44,conflict,norm_matched,6,final,58,0.0,0.0,0.02398710697889328,0.03150687366724014,0.040028899908065796,0.0,0.0,0.0,0.0,0.0,-0.016041792929172516,-0.007519766688346863
test:896,Qwen3-8B,44,conflict,norm_matched,6,final,60,0.0,0.0,0.05770096182823181,0.04505109041929245,0.07029420137405396,0.0,0.0,0.0,0.0,0.0,-0.012593239545822144,0.012649871408939362
test:1282,Qwen3-8B,44,conflict,norm_matched,6,final,15,0.0,0.0,0.02785871922969818,0.032222773879766464,0.027866756543517113,0.0,0.0,1.0,0.0,0.0,-8.03731381893158e-06,-0.004364054650068283
test:1036,Qwen3-8B,44,conflict,norm_matched,6,final,54,0.0,0.0,0.010763087309896946,0.017479710280895233,0.015866074711084366,0.0,0.0,1.0,0.0,0.0,-0.00510298740118742,-0.006716622970998287
test:2230,Qwen3-8B,44,conflict,norm_matched,6,final,79,0.0,0.0,0.03661699593067169,0.041089288890361786,0.046100202947854996,0.0,0.0,0.0,0.0,0.0,-0.009483207017183304,-0.004472292959690094
test:376,Qwen3-8B,44,conflict,norm_matched,6,final,59,0.0,0.0,0.045436613261699677,0.05307251587510109,0.04932393878698349,0.0,0.0,1.0,0.0,0.0,-0.0038873255252838135,-0.007635902613401413
test:1544,Qwen3-8B,44,conflict,norm_matched,6,final,19,0.0,0.0,0.029078643769025803,0.030310029163956642,0.027767017483711243,0.0,0.0,1.0,0.0,1.0,0.00131162628531456,-0.0012313853949308395
test:863,Qwen3-8B,44,conflict,norm_matched,6,final,39,0.0,0.0,0.04160989075899124,0.04058244824409485,0.039898648858070374,0.0,0.0,1.0,0.0,1.0,0.001711241900920868,0.0010274425148963928
test:2292,Qwen3-8B,44,conflict,norm_matched,6,final,68,0.0,0.0,0.02373756282031536,0.010466779582202435,0.01677709072828293,0.0,0.0,0.0,0.0,1.0,0.0069604720920324326,0.013270783238112926
test:392,Qwen3-8B,44,conflict,norm_matched,6,final,30,0.0,0.0,0.03547917306423187,0.02213100716471672,0.028466351330280304,0.0,0.0,0.0,0.0,1.0,0.007012821733951569,0.013348165899515152
test:1675,Qwen3-8B,44,conflict,norm_matched,6,final,79,0.0,0.0,0.008041629567742348,0.023272579535841942,0.021734239533543587,0.0,0.0,1.0,0.0,0.0,-0.013692609965801239,-0.015230949968099594
test:1718,Qwen3-8B,44,conflict,norm_matched,6,final,60,0.0,0.0,0.038024384528398514,0.042125359177589417,0.04166904091835022,0.0,0.0,1.0,0.0,0.0,-0.003644656389951706,-0.004100974649190903
test:1150,Qwen3-8B,44,conflict,norm_matched,6,final,64,0.0,0.0,0.00900772400200367,0.014053578488528728,0.010610914789140224,0.0,0.0,1.0,0.0,0.0,-0.0016031907871365547,-0.005045854486525059
test:1659,Qwen3-8B,44,conflict,norm_matched,6,final,79,0.0,0.0,0.021799767389893532,0.01894564926624298,0.018922319635748863,0.0,0.0,1.0,0.0,1.0,0.0028774477541446686,0.002854118123650551
test:1213,Qwen3-8B,44,conflict,norm_matched,6,final,48,0.0,0.0,0.04803049936890602,0.04359908401966095,0.02489594556391239,0.0,0.0,1.0,0.0,1.0,0.02313455380499363,0.004431415349245071
test:1037,Qwen3-8B,44,conflict,norm_matched,6,final,39,0.0,0.0,0.00634626904502511,0.02336476929485798,0.013749729841947556,0.0,0.0,1.0,0.0,0.0,-0.007403460796922445,-0.01701850024983287
test:1201,Qwen3-8B,44,conflict,norm_matched,6,final,61,0.0,0.0,0.030571790412068367,0.04780704155564308,0.03591059148311615,0.0,0.0,1.0,0.0,0.0,-0.005338801071047783,-0.017235251143574715
test:1093,Qwen3-8B,44,conflict,norm_matched,6,final,64,0.0,0.0,0.01069171354174614,0.04129748046398163,0.030604345723986626,0.0,0.0,1.0,0.0,0.0,-0.019912632182240486,-0.03060576692223549
test:37,Qwen3-8B,44,conflict,norm_matched,6,final,60,0.0,0.0,0.0251417625695467,0.07070042192935944,0.040690869092941284,0.0,0.0,1.0,0.0,0.0,-0.015549106523394585,-0.045558659359812737
test:785,Qwen3-8B,44,conflict,norm_matched,6,final,70,0.0,0.0,0.0355762280523777,0.042697418481111526,0.04079759865999222,0.0,0.0,1.0,0.0,0.0,-0.005221370607614517,-0.007121190428733826
test:1842,Qwen3-8B,44,conflict,norm_matched,6,final,67,0.0,0.0,0.039102375507354736,0.04115334525704384,0.03280927240848541,0.0,0.0,1.0,0.0,1.0,0.006293103098869324,-0.002050969749689102
test:1860,Qwen3-8B,44,conflict,norm_matched,6,final,40,0.0,0.0,0.020250368863344193,0.019270537421107292,0.009800916537642479,0.0,0.0,1.0,0.0,1.0,0.010449452325701714,0.0009798314422369003
test:963,Qwen3-8B,44,conflict,norm_matched,6,final,71,0.0,0.0,0.04301005229353905,0.06303268671035767,0.025236312299966812,0.0,0.0,1.0,0.0,1.0,0.017773739993572235,-0.02002263441681862
test:827,Qwen3-8B,44,conflict,norm_matched,6,final,43,0.0,0.0,0.027622029185295105,0.028239857405424118,0.02743643708527088,0.0,0.0,1.0,0.0,1.0,0.00018559210002422333,-0.0006178282201290131
test:17,Qwen3-8B,44,conflict,norm_matched,6,final,77,0.0,0.0,0.025636572390794754,0.031544994562864304,0.047630295157432556,0.0,0.0,0.0,0.0,0.0,-0.021993722766637802,-0.0059084221720695496
test:1937,Qwen3-8B,44,conflict,norm_matched,6,final,55,0.0,0.0,0.04220738261938095,0.03694571182131767,0.03979525342583656,0.0,0.0,0.0,0.0,1.0,0.002412129193544388,0.005261670798063278
test:765,Qwen3-8B,44,conflict,norm_matched,6,final,86,0.0,0.0,0.042101725935935974,0.05672203004360199,0.048937827348709106,0.0,0.0,1.0,0.0,0.0,-0.006836101412773132,-0.014620304107666016
test:2008,Qwen3-8B,44,conflict,norm_matched,6,final,92,0.0,0.0,0.01998196914792061,0.036794260144233704,0.04102177545428276,0.0,0.0,0.0,0.0,0.0,-0.021039806306362152,-0.016812290996313095
test:520,Qwen3-8B,44,conflict,norm_matched,6,final,83,0.0,0.0,0.0324065126478672,0.04351745918393135,0.03401812165975571,0.0,0.0,1.0,0.0,0.0,-0.001611609011888504,-0.011110946536064148
test:1124,Qwen3-8B,44,conflict,norm_matched,6,final,99,0.0,0.0,0.028422072529792786,0.016539668664336205,0.015536499209702015,0.0,0.0,1.0,0.0,1.0,0.01288557332009077,0.011882403865456581
test:459,Qwen3-8B,44,conflict,norm_matched,6,final,36,0.0,0.0,0.02632289007306099,0.030198542401194572,0.02923225238919258,0.0,0.0,1.0,0.0,0.0,-0.002909362316131592,-0.003875652328133583
test:177,Qwen3-8B,44,conflict,norm_matched,6,final,86,0.0,0.0,0.011660340242087841,0.026380395516753197,0.024590233340859413,0.0,0.0,1.0,0.0,0.0,-0.012929893098771572,-0.014720055274665356
test:192,Qwen3-8B,44,conflict,norm_matched,6,final,89,0.0,0.0,0.03950326144695282,0.03440627083182335,0.04298889636993408,0.0,0.0,0.0,0.0,0.0,-0.003485634922981262,0.005096990615129471
test:2160,Qwen3-8B,44,conflict,norm_matched,6,final,95,0.0,0.0,0.029854359105229378,0.03798448294401169,0.031420327723026276,0.0,0.0,1.0,0.0,0.0,-0.0015659686177968979,-0.00813012383878231
test:1617,Qwen3-8B,44,conflict,norm_matched,6,final,80,0.0,0.0,0.01920488476753235,0.016930945217609406,0.012295149266719818,0.0,0.0,1.0,0.0,1.0,0.0069097355008125305,0.002273939549922943
test:100,Qwen3-8B,44,conflict,norm_matched,6,final,36,0.0,0.0,0.045149948447942734,0.042587798088788986,0.037534233182668686,0.0,0.0,1.0,0.0,1.0,0.007615715265274048,0.0025621503591537476
test:693,Qwen3-8B,44,conflict,norm_matched,6,final,37,0.0,0.0,0.038588766008615494,0.03292861953377724,0.030070835724473,0.0,0.0,1.0,0.0,1.0,0.008517930284142494,0.005660146474838257
test:195,Qwen3-8B,44,conflict,norm_matched,6,final,56,0.0,0.0,0.016198528930544853,0.015635831281542778,0.01548827439546585,0.0,0.0,1.0,0.0,1.0,0.0007102545350790024,0.0005626976490020752
test:114,Qwen3-8B,44,conflict,norm_matched,6,final,15,0.0,0.0,0.03702530637383461,0.03163721412420273,0.031230786815285683,0.0,0.0,1.0,0.0,1.0,0.005794519558548927,0.005388092249631882
test:2205,Qwen3-8B,44,conflict,norm_matched,6,final,15,0.0,0.0,0.03763136267662048,0.036767035722732544,0.040840502828359604,0.0,0.0,0.0,0.0,0.0,-0.0032091401517391205,0.0008643269538879395
test:1380,Qwen3-8B,44,conflict,norm_matched,6,final,98,0.0,0.0,0.035721488296985626,0.04202079400420189,0.04231655225157738,0.0,0.0,0.0,0.0,0.0,-0.006595063954591751,-0.006299305707216263
test:668,Qwen3-8B,44,conflict,norm_matched,6,final,87,0.0,0.0,0.00838522333651781,0.024495305493474007,0.015869541093707085,0.0,0.0,1.0,0.0,0.0,-0.007484317757189274,-0.016110082156956196
test:874,Qwen3-8B,44,conflict,norm_matched,6,final,92,0.0,0.0,0.028393084183335304,0.05121135711669922,0.043307073414325714,0.0,0.0,1.0,0.0,0.0,-0.01491398923099041,-0.022818272933363914
test:1824,Qwen3-8B,44,conflict,norm_matched,6,final,62,0.0,0.0,0.02535148710012436,0.030458109453320503,0.01124571356922388,0.0,0.0,1.0,0.0,1.0,0.014105773530900478,-0.005106622353196144
test:1248,Qwen3-8B,44,conflict,norm_matched,6,final,64,0.0,0.0,0.00040625641122460365,0.045304179191589355,0.0015171492705121636,0.0,0.0,1.0,0.0,0.0,-0.00111089285928756,-0.04489792278036475
test:714,Qwen3-8B,44,conflict,norm_matched,6,final,33,0.0,0.0,0.042156945914030075,0.04728521406650543,0.03592139109969139,0.0,0.0,1.0,0.0,1.0,0.006235554814338684,-0.005128268152475357
test:133,Qwen3-8B,44,conflict,norm_matched,6,final,85,0.0,0.0,0.009657180868089199,0.01749473065137863,0.013299395330250263,0.0,0.0,1.0,0.0,0.0,-0.003642214462161064,-0.007837549783289433
test:162,Qwen3-8B,44,conflict,norm_matched,6,final,108,0.0,0.0,0.03346577659249306,0.038535457104444504,0.03981546312570572,0.0,0.0,0.0,0.0,0.0,-0.006349686533212662,-0.0050696805119514465
test:2079,Qwen3-8B,44,conflict,norm_matched,6,final,70,0.0,0.0,0.02272207848727703,0.021732566878199577,0.019817078486084938,0.0,0.0,1.0,0.0,1.0,0.002905000001192093,0.0009895116090774536
test:1795,Qwen3-8B,44,conflict,norm_matched,6,final,84,0.0,0.0,0.06254734098911285,0.03709864988923073,0.026917263865470886,0.0,0.0,1.0,0.0,1.0,0.03563007712364197,0.025448691099882126
test:1760,Qwen3-8B,44,conflict,norm_matched,6,final,61,0.0,0.0,0.02290436439216137,0.01980210654437542,0.02094239741563797,0.0,0.0,0.0,0.0,1.0,0.0019619669765233994,0.0031022578477859497
test:1424,Qwen3-8B,44,conflict,norm_matched,6,final,35,0.0,0.0,0.02757217548787594,0.03208855912089348,0.023851264268159866,0.0,0.0,1.0,0.0,1.0,0.003720911219716072,-0.00451638363301754
test:62,Qwen3-8B,44,conflict,norm_matched,6,final,121,0.0,0.0,0.025346074253320694,0.03568577021360397,0.018724555149674416,0.0,0.0,1.0,0.0,1.0,0.006621519103646278,-0.01033969596028328
test:522,Qwen3-8B,44,conflict,norm_matched,6,final,115,0.0,0.0,0.034109629690647125,0.05341830104589462,0.04647373780608177,0.0,0.0,1.0,0.0,0.0,-0.012364108115434647,-0.019308671355247498
test:1227,Qwen3-8B,44,conflict,norm_matched,6,final,51,0.0,0.0,0.043694015592336655,0.04681151360273361,0.04481379687786102,0.0,0.0,1.0,0.0,0.0,-0.0011197812855243683,-0.0031174980103969574
test:397,Qwen3-8B,44,conflict,norm_matched,6,final,98,0.0,0.0,0.014082144014537334,0.01863616146147251,0.015454663895070553,0.0,0.0,1.0,0.0,0.0,-0.0013725198805332184,-0.004554017446935177
test:374,Qwen3-8B,44,conflict,norm_matched,6,final,115,0.0,0.0,0.0205356627702713,0.027998296543955803,0.03173096477985382,0.0,0.0,0.0,0.0,0.0,-0.01119530200958252,-0.007462633773684502
test:1078,Qwen3-8B,44,conflict,norm_matched,6,final,35,0.0,0.0,0.02569403685629368,0.029466120526194572,0.03451651334762573,0.0,0.0,0.0,0.0,0.0,-0.008822476491332054,-0.003772083669900894
test:1664,Qwen3-8B,44,conflict,norm_matched,6,final,38,0.0,0.0,0.03981921076774597,0.03640042245388031,0.029690224677324295,0.0,0.0,1.0,0.0,1.0,0.010128986090421677,0.0034187883138656616
test:1818,Qwen3-8B,44,conflict,norm_matched,6,final,81,0.0,0.0,0.04232842102646828,0.039484765380620956,0.03346621245145798,0.0,0.0,1.0,0.0,1.0,0.0088622085750103,0.0028436556458473206
test:1246,Qwen3-8B,44,conflict,norm_matched,6,final,110,0.0,0.0,0.036795031279325485,0.044632624834775925,0.050974033772945404,0.0,0.0,0.0,0.0,0.0,-0.014179002493619919,-0.00783759355545044
test:1887,Qwen3-8B,44,conflict,norm_matched,6,final,106,0.0,0.0,0.01626802794635296,0.01646612584590912,0.019997280091047287,0.0,0.0,0.0,0.0,0.0,-0.0037292521446943283,-0.00019809789955615997
test:1623,Qwen3-8B,44,conflict,norm_matched,6,final,54,0.0,0.0,0.04619035869836807,0.02869616448879242,0.031508032232522964,0.0,0.0,0.0,0.0,1.0,0.014682326465845108,0.017494194209575653
test:196,Qwen3-8B,44,conflict,norm_matched,6,final,98,0.0,0.0,0.02763364650309086,0.04744129627943039,0.050325408577919006,0.0,0.0,0.0,0.0,0.0,-0.022691762074828148,-0.01980764977633953
test:1899,Qwen3-8B,44,conflict,norm_matched,6,final,14,0.0,0.0,0.026390239596366882,0.022008487954735756,0.021332111209630966,0.0,0.0,1.0,0.0,1.0,0.005058128386735916,0.004381751641631126
test:1208,Qwen3-8B,44,conflict,norm_matched,6,final,61,0.0,0.0,0.04684793949127197,0.033550016582012177,0.029105059802532196,0.0,0.0,1.0,0.0,1.0,0.017742879688739777,0.013297922909259796
test:1441,Qwen3-8B,44,conflict,norm_matched,6,final,51,0.0,0.0,0.07700930535793304,0.05181339383125305,0.021747170016169548,0.0,0.0,1.0,0.0,1.0,0.055262135341763496,0.025195911526679993
test:1102,Qwen3-8B,44,conflict,norm_matched,6,final,138,0.0,0.0,0.0410442054271698,0.04104384034872055,0.0398552305996418,0.0,0.0,1.0,0.0,1.0,0.0011889748275279999,3.650784492492676e-07
test:76,Qwen3-8B,44,conflict,norm_matched,6,final,18,0.0,0.0,0.025229694321751595,0.027228238061070442,0.016986127942800522,0.0,0.0,1.0,0.0,1.0,0.008243566378951073,-0.0019985437393188477
test:1855,Qwen3-8B,44,conflict,norm_matched,6,final,47,0.0,0.0,0.027366062626242638,0.035768069326877594,0.04020359367132187,0.0,0.0,0.0,0.0,0.0,-0.012837531045079231,-0.008402006700634956
test:1652,Qwen3-8B,44,conflict,norm_matched,6,final,117,0.0,0.0,0.013583788648247719,0.04584162309765816,0.049088094383478165,0.0,0.0,0.0,0.0,0.0,-0.035504305735230446,-0.03225783444941044
test:355,Qwen3-8B,44,conflict,norm_matched,6,final,29,0.0,0.0,0.015103534795343876,0.020613476634025574,0.019033605232834816,0.0,0.0,1.0,0.0,0.0,-0.00393007043749094,-0.005509941838681698
test:2144,Qwen3-8B,44,conflict,norm_matched,6,final,136,0.0,0.0,0.012887176126241684,0.031340133398771286,0.019333908334374428,0.0,0.0,1.0,0.0,0.0,-0.006446732208132744,-0.018452957272529602
test:210,Qwen3-8B,44,conflict,norm_matched,6,final,80,0.0,0.0,0.02405432052910328,0.02434711530804634,0.023544324561953545,0.0,0.0,1.0,0.0,1.0,0.0005099959671497345,-0.00029279477894306183
test:1713,Qwen3-8B,44,conflict,norm_matched,6,final,43,0.0,0.0,0.028403066098690033,0.02339143492281437,0.0362585186958313,0.0,0.0,0.0,0.0,0.0,-0.007855452597141266,0.005011631175875664
test:1574,Qwen3-8B,44,conflict,norm_matched,6,final,122,0.0,0.0,0.036006808280944824,0.027601858600974083,0.04280906170606613,0.0,0.0,0.0,0.0,0.0,-0.006802253425121307,0.008404949679970741
test:1488,Qwen3-8B,44,conflict,norm_matched,6,final,98,0.0,0.0,0.02842322178184986,0.020287062972784042,0.02763660065829754,0.0,0.0,0.0,0.0,1.0,0.0007866211235523224,0.008136158809065819
test:1868,Qwen3-8B,44,conflict,norm_matched,6,final,54,0.0,0.0,0.02649514563381672,0.021604401990771294,0.02594667673110962,0.0,0.0,0.0,0.0,1.0,0.0005484689027070999,0.004890743643045425
test:2233,Qwen3-8B,44,conflict,norm_matched,6,final,87,0.0,0.0,0.048613179475069046,0.05528062582015991,0.07279399782419205,0.0,0.0,0.0,0.0,0.0,-0.024180818349123,-0.006667446345090866
test:692,Qwen3-8B,44,conflict,norm_matched,6,final,125,0.0,0.0,0.007918231189250946,0.03745220601558685,0.03848736733198166,0.0,0.0,0.0,0.0,0.0,-0.030569136142730713,-0.029533974826335907
test:1732,Qwen3-8B,44,conflict,norm_matched,6,final,30,0.0,0.0,0.020438173785805702,0.060607343912124634,0.03425855562090874,0.0,0.0,1.0,0.0,0.0,-0.013820381835103035,-0.04016917012631893
test:1002,Qwen3-8B,44,conflict,norm_matched,6,final,23,0.0,0.0,0.026719171553850174,0.012768340297043324,0.03668024390935898,0.0,0.0,0.0,0.0,0.0,-0.009961072355508804,0.01395083125680685
test:1607,Qwen3-8B,44,conflict,norm_matched,6,final,25,0.0,0.0,0.038691870868206024,0.010678359307348728,0.014076083898544312,0.0,0.0,0.0,0.0,1.0,0.024615786969661713,0.028013511560857296
test:1123,Qwen3-8B,44,conflict,norm_matched,6,final,131,0.0,0.0,0.010845830664038658,0.026326632127165794,0.022154562175273895,0.0,0.0,1.0,0.0,0.0,-0.011308731511235237,-0.015480801463127136
test:120,Qwen3-8B,44,conflict,norm_matched,6,final,47,0.0,0.0,0.03647294268012047,0.04425707831978798,0.0493888333439827,0.0,0.0,0.0,0.0,0.0,-0.012915890663862228,-0.007784135639667511
test:652,Qwen3-8B,44,conflict,norm_matched,6,final,5,0.0,0.0,0.034899160265922546,0.028437476605176926,0.03517518192529678,0.0,0.0,0.0,0.0,0.0,-0.00027602165937423706,0.006461683660745621
test:850,Qwen3-8B,44,conflict,norm_matched,6,final,78,0.0,0.0,0.019993549212813377,0.031679730862379074,0.036088570952415466,0.0,0.0,0.0,0.0,0.0,-0.01609502173960209,-0.011686181649565697
test:1633,Qwen3-8B,44,conflict,norm_matched,6,final,141,0.0,0.0,0.02104875072836876,0.030375860631465912,0.03204607963562012,0.0,0.0,0.0,0.0,0.0,-0.010997328907251358,-0.009327109903097153
test:1126,Qwen3-8B,44,conflict,norm_matched,6,final,11,0.0,0.0,0.07366805523633957,0.06772703677415848,0.05800674483180046,0.0,0.0,1.0,0.0,1.0,0.01566131040453911,0.005941018462181091
test:2130,Qwen3-8B,44,conflict,norm_matched,6,final,55,0.0,0.0,0.04236999899148941,0.02573155239224434,0.026581326499581337,0.0,0.0,0.0,0.0,1.0,0.015788672491908073,0.01663844659924507
test:1982,Qwen3-8B,44,conflict,norm_matched,6,final,154,0.0,0.0,0.010397086851298809,0.015600311569869518,0.015360087156295776,0.0,0.0,1.0,0.0,0.0,-0.004963000304996967,-0.005203224718570709
test:941,Qwen3-8B,44,conflict,norm_matched,6,final,136,0.0,0.0,0.03150508552789688,0.02343733049929142,0.05888930708169937,0.0,0.0,0.0,0.0,0.0,-0.02738422155380249,0.008067755028605461
test:1038,Qwen3-8B,44,conflict,norm_matched,6,final,167,0.0,0.0,0.02065766043961048,0.024641022086143494,0.02725192718207836,0.0,0.0,0.0,0.0,0.0,-0.00659426674246788,-0.003983361646533012
test:359,Qwen3-8B,44,conflict,norm_matched,6,final,61,0.0,0.0,0.058785468339920044,0.03133486211299896,0.03780696541070938,0.0,0.0,0.0,0.0,1.0,0.020978502929210663,0.02745060622692108
test:1015,Qwen3-8B,44,conflict,norm_matched,6,final,153,0.0,0.0,0.02110949531197548,0.026449380442500114,0.029796099290251732,0.0,0.0,0.0,0.0,0.0,-0.008686603978276253,-0.005339885130524635
test:680,Qwen3-8B,44,conflict,norm_matched,6,final,15,0.0,0.0,0.025094101205468178,0.02218613773584366,0.0185347069054842,0.0,0.0,1.0,0.0,1.0,0.006559394299983978,0.0029079634696245193
test:1240,Qwen3-8B,44,conflict,norm_matched,6,final,168,0.0,0.0,0.03348742052912712,0.043346717953681946,0.04200941324234009,0.0,0.0,1.0,0.0,0.0,-0.008521992713212967,-0.009859297424554825
test:1330,Qwen3-8B,44,conflict,norm_matched,6,final,24,0.0,0.0,0.036951132118701935,0.03229430317878723,0.028479333966970444,0.0,0.0,1.0,0.0,1.0,0.008471798151731491,0.004656828939914703
test:544,Qwen3-8B,44,conflict,norm_matched,6,final,147,0.0,0.0,0.031525589525699615,0.039825282990932465,0.03886754438281059,0.0,0.0,1.0,0.0,0.0,-0.007341954857110977,-0.008299693465232849
test:695,Qwen3-8B,44,conflict,norm_matched,6,final,153,0.0,0.0,0.027215296402573586,0.03462814912199974,0.02871314063668251,0.0,0.0,1.0,0.0,0.0,-0.0014978442341089249,-0.007412852719426155
test:1019,Qwen3-8B,44,conflict,norm_matched,6,final,38,0.0,0.0,0.03384673595428467,0.030834488570690155,0.0304853692650795,0.0,0.0,1.0,0.0,1.0,0.0033613666892051697,0.003012247383594513
test:2172,Qwen3-8B,44,conflict,norm_matched,6,final,126,0.0,0.0,0.0894060879945755,0.08633050322532654,0.06197468191385269,0.0,0.0,1.0,0.0,1.0,0.02743140608072281,0.0030755847692489624
test:446,Qwen3-8B,44,conflict,norm_matched,6,final,40,0.0,0.0,0.03400610387325287,0.018311403691768646,0.0513102151453495,0.0,0.0,0.0,0.0,0.0,-0.017304111272096634,0.015694700181484222
test:7,Qwen3-8B,44,conflict,norm_matched,6,final,16,0.0,0.0,0.016466733068227768,0.014029642567038536,0.015029540285468102,0.0,0.0,0.0,0.0,1.0,0.0014371927827596664,0.002437090501189232
test:1589,Qwen3-8B,44,conflict,norm_matched,6,final,17,0.0,0.0,0.03169289976358414,0.03172814100980759,0.029096750542521477,0.0,0.0,1.0,0.0,1.0,0.0025961492210626602,-3.524124622344971e-05
test:1087,Qwen3-8B,44,conflict,norm_matched,6,final,15,0.0,0.0,0.054059769958257675,0.05046980828046799,0.0521598719060421,0.0,0.0,0.0,0.0,1.0,0.0018998980522155762,0.003589961677789688
test:603,Qwen3-8B,44,conflict,norm_matched,6,final,84,0.0,0.0,0.025755252689123154,0.017806386575102806,0.026213843375444412,0.0,0.0,0.0,0.0,0.0,-0.00045859068632125854,0.007948866114020348
test:1608,Qwen3-8B,44,conflict,norm_matched,6,final,168,0.0,0.0,0.026594253256917,0.031852301210165024,0.02368340641260147,0.0,0.0,1.0,0.0,1.0,0.002910846844315529,-0.005258047953248024
test:774,Qwen3-8B,44,conflict,norm_matched,6,final,65,0.0,0.0,0.02303454466164112,0.02276451140642166,0.022209906950592995,0.0,0.0,1.0,0.0,1.0,0.0008246377110481262,0.00027003325521945953
test:1996,Qwen3-8B,44,conflict,norm_matched,6,final,59,0.0,0.0,0.036342553794384,0.035277266055345535,0.02914772927761078,0.0,0.0,1.0,0.0,1.0,0.007194824516773224,0.0010652877390384674
test:2221,Qwen3-8B,44,conflict,norm_matched,6,final,169,0.0,0.0,0.029824109748005867,0.034367885440588,0.04109180346131325,0.0,0.0,0.0,0.0,0.0,-0.01126769371330738,-0.00454377569258213
test:1313,Qwen3-8B,44,conflict,norm_matched,6,final,94,0.0,0.0,0.040014926344156265,0.043404094874858856,0.0364898256957531,0.0,0.0,1.0,0.0,1.0,0.0035251006484031677,-0.003389168530702591
test:1515,Qwen3-8B,44,conflict,norm_matched,6,final,104,0.0,0.0,0.03843440115451813,0.030419640243053436,0.03410397842526436,0.0,0.0,0.0,0.0,1.0,0.004330422729253769,0.008014760911464691
test:1418,Qwen3-8B,44,conflict,norm_matched,6,final,177,0.0,0.0,0.031521886587142944,0.03530656173825264,0.033098701387643814,0.0,0.0,1.0,0.0,0.0,-0.0015768148005008698,-0.0037846751511096954
test:999,Qwen3-8B,44,conflict,norm_matched,6,final,67,0.0,0.0,0.034813351929187775,0.03660110756754875,0.01995086297392845,0.0,0.0,1.0,0.0,1.0,0.014862488955259323,-0.0017877556383609772
test:1431,Qwen3-8B,44,conflict,norm_matched,6,final,105,0.0,0.0,0.024667922407388687,0.024643322452902794,0.029579220339655876,0.0,0.0,0.0,0.0,0.0,-0.004911297932267189,2.459995448589325e-05
test:702,Qwen3-8B,44,conflict,norm_matched,6,final,23,0.0,0.0,0.03200971335172653,0.031053630635142326,0.03446730971336365,0.0,0.0,0.0,0.0,0.0,-0.0024575963616371155,0.0009560827165842056
test:111,Qwen3-8B,44,conflict,norm_matched,6,final,145,0.0,0.0,0.04886018484830856,0.06068383529782295,0.04446542263031006,0.0,0.0,1.0,0.0,1.0,0.004394762217998505,-0.011823650449514389
test:1039,Qwen3-8B,44,conflict,norm_matched,6,final,171,0.0,0.0,0.0249212384223938,0.025209501385688782,0.031210333108901978,0.0,0.0,0.0,0.0,0.0,-0.006289094686508179,-0.0002882629632949829
test:586,Qwen3-8B,44,conflict,norm_matched,6,final,107,0.0,0.0,0.0270402729511261,0.048097334802150726,0.011467620730400085,0.0,0.0,1.0,0.0,1.0,0.015572652220726013,-0.021057061851024628
test:733,Qwen3-8B,44,conflict,norm_matched,6,final,15,0.0,0.0,0.03563612699508667,0.035845983773469925,0.03137714043259621,0.0,0.0,1.0,0.0,1.0,0.004258986562490463,-0.000209856778383255
test:562,Qwen3-8B,44,conflict,norm_matched,6,final,126,0.0,0.0,0.03716373071074486,0.03134762495756149,-0.00046938774175941944,0.0,0.0,1.0,0.0,1.0,0.03763311845250428,0.005816105753183365
test:367,Qwen3-8B,44,conflict,norm_matched,6,final,38,0.0,0.0,0.01839364320039749,0.025999369099736214,0.01384661253541708,0.0,0.0,1.0,0.0,1.0,0.0045470306649804115,-0.007605725899338722
test:2093,Qwen3-8B,44,conflict,norm_matched,6,final,198,0.0,0.0,0.026564812287688255,0.044616714119911194,0.04153711348772049,0.0,0.0,1.0,0.0,0.0,-0.014972301200032234,-0.01805190183222294
test:298,Qwen3-8B,44,conflict,norm_matched,6,final,81,0.0,0.0,0.05184771120548248,0.03160490095615387,0.03343015909194946,0.0,0.0,0.0,0.0,1.0,0.01841755211353302,0.020242810249328613
test:618,Qwen3-8B,44,conflict,norm_matched,6,final,33,0.0,0.0,0.015457455068826675,0.020447954535484314,0.015347568318247795,0.0,0.0,1.0,0.0,1.0,0.00010988675057888031,-0.0049904994666576385
test:213,Qwen3-8B,44,conflict,norm_matched,6,final,173,0.0,0.0,0.0400126688182354,0.05578002706170082,0.02882612682878971,0.0,0.0,1.0,0.0,1.0,0.011186541989445686,-0.015767358243465424
test:1770,Qwen3-8B,44,conflict,norm_matched,6,final,20,0.0,0.0,0.021342754364013672,0.021050570532679558,0.009758824482560158,0.0,0.0,1.0,0.0,1.0,0.011583929881453514,0.0002921838313341141
test:784,Qwen3-8B,44,conflict,norm_matched,6,final,38,0.0,0.0,0.05710192397236824,0.051401518285274506,0.05152948200702667,0.0,0.0,0.0,0.0,1.0,0.005572441965341568,0.005700405687093735
test:748,Qwen3-8B,44,conflict,norm_matched,6,final,40,0.0,0.0,0.021395981311798096,0.019002795219421387,0.01583894155919552,0.0,0.0,1.0,0.0,1.0,0.005557039752602577,0.002393186092376709
test:691,Qwen3-8B,44,conflict,norm_matched,6,final,207,0.0,0.0,0.07163597643375397,0.07333496958017349,0.07758796215057373,0.0,0.0,0.0,0.0,0.0,-0.005951985716819763,-0.0016989931464195251
test:1521,Qwen3-8B,44,conflict,norm_matched,6,final,127,0.0,0.0,0.025477096438407898,0.024079149588942528,0.02293907105922699,0.0,0.0,1.0,0.0,1.0,0.002538025379180908,0.0013979468494653702
test:153,Qwen3-8B,44,conflict,norm_matched,6,final,100,0.0,0.0,0.0453212670981884,0.031286630779504776,0.040125772356987,0.0,0.0,0.0,0.0,1.0,0.005195494741201401,0.014034636318683624
test:1145,Qwen3-8B,44,conflict,norm_matched,6,final,212,0.0,0.0,0.04305126518011093,0.04901095852255821,0.04536941647529602,0.0,0.0,1.0,0.0,0.0,-0.002318151295185089,-0.005959693342447281
test:1941,Qwen3-8B,44,conflict,norm_matched,6,final,191,0.0,0.0,0.040900517255067825,0.03575668856501579,0.03313988447189331,0.0,0.0,1.0,0.0,1.0,0.007760632783174515,0.0051438286900520325
test:128,Qwen3-8B,44,conflict,norm_matched,6,final,100,0.0,0.0,0.03827670216560364,0.027504287660121918,0.03508080914616585,0.0,0.0,0.0,0.0,1.0,0.00319589301943779,0.01077241450548172
test:499,Qwen3-8B,44,conflict,norm_matched,6,final,56,0.0,0.0,0.026978159323334694,0.018387366086244583,0.01722164824604988,0.0,0.0,1.0,0.0,1.0,0.009756511077284813,0.00859079323709011
test:869,Qwen3-8B,44,conflict,norm_matched,6,final,115,0.0,0.0,0.04060147702693939,0.02983703278005123,0.01264268346130848,0.0,0.0,1.0,0.0,1.0,0.027958793565630913,0.01076444424688816
test:1236,Qwen3-8B,44,conflict,norm_matched,6,final,184,0.0,0.0,0.029390817508101463,0.03589646518230438,0.029405152425169945,0.0,0.0,1.0,0.0,0.0,-1.4334917068481445e-05,-0.006505647674202919
test:1870,Qwen3-8B,44,conflict,norm_matched,6,final,161,0.0,0.0,0.027492603287100792,0.022617213428020477,0.0237162783741951,0.0,0.0,0.0,0.0,1.0,0.003776324912905693,0.004875389859080315
test:1310,Qwen3-8B,44,conflict,norm_matched,6,final,159,0.0,0.0,0.04626617208123207,0.039855387061834335,0.04417217895388603,0.0,0.0,0.0,0.0,1.0,0.002093993127346039,0.006410785019397736
test:1221,Qwen3-8B,44,conflict,norm_matched,6,final,175,0.0,0.0,0.022688424214720726,0.02053280733525753,0.0224005039781332,0.0,0.0,0.0,0.0,1.0,0.0002879202365875244,0.002155616879463196
test:257,Qwen3-8B,44,conflict,norm_matched,6,final,93,0.0,0.0,0.029798410832881927,0.02625417336821556,0.028815584257245064,0.0,0.0,0.0,0.0,1.0,0.0009828265756368637,0.0035442374646663666
test:1513,Qwen3-8B,44,conflict,norm_matched,6,final,45,0.0,0.0,0.02558612823486328,0.019915973767638206,0.025100070983171463,0.0,0.0,0.0,0.0,1.0,0.00048605725169181824,0.005670154467225075
test:553,Qwen3-8B,44,conflict,norm_matched,6,final,37,0.0,0.0,0.05236317217350006,0.0492524690926075,0.004144221544265747,0.0,0.0,1.0,0.0,1.0,0.048218950629234314,0.003110703080892563
test:1881,Qwen3-8B,44,conflict,norm_matched,6,final,133,0.0,0.0,0.03909100592136383,0.05140937864780426,0.0469571016728878,0.0,0.0,1.0,0.0,0.0,-0.007866095751523972,-0.01231837272644043
test:2262,Qwen3-8B,44,conflict,norm_matched,6,final,51,0.0,0.0,0.04801080375909805,0.032803162932395935,0.03239752724766731,0.0,0.0,1.0,0.0,1.0,0.01561327651143074,0.015207640826702118
test:911,Qwen3-8B,44,conflict,norm_matched,6,final,65,0.0,0.0,0.04712406173348427,0.05438019707798958,0.035656969994306564,0.0,0.0,1.0,0.0,1.0,0.011467091739177704,-0.00725613534450531
test:1947,Qwen3-8B,44,conflict,norm_matched,6,final,61,0.0,0.0,0.05360814929008484,0.042582765221595764,0.03969439119100571,0.0,0.0,1.0,0.0,1.0,0.013913758099079132,0.011025384068489075
test:675,Qwen3-8B,44,conflict,norm_matched,6,final,74,0.0,0.0,0.05345075577497482,0.04574866592884064,0.029057087376713753,0.0,0.0,1.0,0.0,1.0,0.02439366839826107,0.007702089846134186
test:979,Qwen3-8B,44,conflict,norm_matched,6,final,157,0.0,0.0,0.034737516194581985,0.025272274389863014,0.03481375798583031,0.0,0.0,0.0,0.0,0.0,-7.624179124832153e-05,0.009465241804718971
test:783,Qwen3-8B,44,conflict,norm_matched,6,final,206,0.0,0.0,0.024339841678738594,0.05469164624810219,0.05669013038277626,0.0,0.0,0.0,0.0,0.0,-0.032350288704037666,-0.030351804569363594
test:2149,Qwen3-8B,44,conflict,norm_matched,6,final,52,0.0,0.0,0.025404231622815132,0.04798242449760437,0.030489496886730194,0.0,0.0,1.0,0.0,0.0,-0.005085265263915062,-0.022578192874789238
test:1231,Qwen3-8B,44,conflict,norm_matched,6,final,214,0.0,0.0,0.023800669237971306,0.028346046805381775,0.018615128472447395,0.0,0.0,1.0,0.0,1.0,0.0051855407655239105,-0.004545377567410469
test:68,Qwen3-8B,44,conflict,norm_matched,6,final,90,0.0,0.0,0.04422878101468086,0.045228905975818634,0.04819967597723007,0.0,0.0,0.0,0.0,0.0,-0.00397089496254921,-0.0010001249611377716
test:180,Qwen3-8B,44,conflict,norm_matched,6,final,83,0.0,0.0,0.015046000480651855,0.01634923182427883,0.014757297933101654,0.0,0.0,1.0,0.0,1.0,0.0002887025475502014,-0.001303231343626976
test:2034,Qwen3-8B,44,conflict,norm_matched,6,final,4,0.0,0.0,0.03607134521007538,0.035508617758750916,0.03852696344256401,0.0,0.0,0.0,0.0,0.0,-0.002455618232488632,0.0005627274513244629
test:1007,Qwen3-8B,44,conflict,norm_matched,6,final,44,0.0,0.0,0.03299102932214737,0.046674471348524094,0.04536779224872589,0.0,0.0,1.0,0.0,0.0,-0.012376762926578522,-0.013683442026376724
test:1917,Qwen3-8B,44,conflict,norm_matched,6,final,62,0.0,0.0,0.03550746291875839,0.02839893475174904,0.02954145520925522,0.0,0.0,0.0,0.0,1.0,0.005966007709503174,0.007108528167009354
test:1869,Qwen3-8B,44,conflict,norm_matched,6,final,218,0.0,0.0,0.006123917177319527,0.05381469056010246,0.010453087277710438,0.0,0.0,1.0,0.0,0.0,-0.004329170100390911,-0.047690773382782936
test:1819,Qwen3-8B,44,conflict,norm_matched,6,final,40,0.0,0.0,0.014925627037882805,0.055540814995765686,0.029356610029935837,0.0,0.0,1.0,0.0,0.0,-0.014430982992053032,-0.04061518795788288
test:225,Qwen3-8B,44,conflict,norm_matched,6,final,189,0.0,0.0,0.015415285713970661,0.029606230556964874,0.025335364043712616,0.0,0.0,1.0,0.0,0.0,-0.009920078329741955,-0.014190944842994213
test:1978,Qwen3-8B,44,conflict,norm_matched,6,final,93,0.0,0.0,0.08717342466115952,0.07490245997905731,0.08392030000686646,0.0,0.0,0.0,0.0,1.0,0.0032531246542930603,0.012270964682102203
test:1849,Qwen3-8B,44,conflict,norm_matched,6,final,68,0.0,0.0,0.0327761247754097,0.030934378504753113,0.029329700395464897,0.0,0.0,1.0,0.0,1.0,0.0034464243799448013,0.0018417462706565857
test:1267,Qwen3-8B,44,conflict,norm_matched,6,final,232,0.0,0.0,0.0239820908755064,0.029304075986146927,0.025785543024539948,0.0,0.0,1.0,0.0,0.0,-0.0018034521490335464,-0.005321985110640526
test:2014,Qwen3-8B,44,conflict,norm_matched,6,final,123,0.0,0.0,0.04320468753576279,0.04973631724715233,0.042747434228658676,0.0,0.0,1.0,0.0,1.0,0.0004572533071041107,-0.006531629711389542
test:747,Qwen3-8B,44,conflict,norm_matched,6,final,122,0.0,0.0,0.0487106554210186,0.05074356868863106,0.04634206369519234,0.0,0.0,1.0,0.0,1.0,0.0023685917258262634,-0.0020329132676124573
test:1536,Qwen3-8B,44,conflict,norm_matched,6,final,87,0.0,0.0,0.019095199182629585,0.010979469865560532,0.018688982352614403,0.0,0.0,0.0,0.0,1.0,0.0004062168300151825,0.008115729317069054
test:495,Qwen3-8B,44,conflict,norm_matched,6,final,47,0.0,0.0,0.03233850374817848,0.018087344244122505,0.04038495570421219,0.0,0.0,0.0,0.0,0.0,-0.008046451956033707,0.014251159504055977
test:1218,Qwen3-8B,44,conflict,norm_matched,6,final,248,0.0,0.0,0.03010411560535431,0.025992920622229576,0.03329797461628914,0.0,0.0,0.0,0.0,0.0,-0.0031938590109348297,0.004111194983124733
test:908,Qwen3-8B,44,conflict,norm_matched,6,final,25,0.0,0.0,0.006097962148487568,0.046585507690906525,-0.02191799320280552,0.0,0.0,1.0,0.0,1.0,0.028015955351293087,-0.04048754554241896
test:284,Qwen3-8B,44,conflict,norm_matched,6,final,214,0.0,0.0,0.0525350384414196,0.11077263206243515,0.05875546485185623,0.0,0.0,1.0,0.0,0.0,-0.00622042641043663,-0.05823759362101555
test:307,Qwen3-8B,44,conflict,norm_matched,6,final,165,0.0,0.0,0.014390178956091404,0.010779356583952904,0.00804467685520649,0.0,0.0,1.0,0.0,1.0,0.006345502100884914,0.0036108223721385
test:1101,Qwen3-8B,44,conflict,norm_matched,6,final,198,0.0,0.0,0.023588666692376137,0.014568733982741833,0.018745293840765953,0.0,0.0,0.0,0.0,1.0,0.004843372851610184,0.009019932709634304
test:2091,Qwen3-8B,44,conflict,norm_matched,6,final,114,0.0,0.0,0.08182352781295776,0.049485914409160614,0.04214392229914665,0.0,0.0,1.0,0.0,1.0,0.03967960551381111,0.03233761340379715
test:1343,Qwen3-8B,44,conflict,norm_matched,6,final,150,0.0,0.0,0.03207022696733475,0.029759814962744713,0.0327637642621994,0.0,0.0,0.0,0.0,0.0,-0.0006935372948646545,0.0023104120045900345
test:312,Qwen3-8B,44,conflict,norm_matched,6,final,255,0.0,0.0,0.04153744876384735,0.04614952579140663,0.03171948343515396,0.0,0.0,1.0,0.0,1.0,0.00981796532869339,-0.00461207702755928
test:1853,Qwen3-8B,44,conflict,norm_matched,6,final,215,0.0,0.0,0.02365822158753872,0.027209492400288582,0.024625375866889954,0.0,0.0,1.0,0.0,0.0,-0.0009671542793512344,-0.0035512708127498627
test:2161,Qwen3-8B,44,conflict,norm_matched,6,final,9,0.0,0.0,0.011896113865077496,0.019019167870283127,0.016466880217194557,0.0,0.0,1.0,0.0,0.0,-0.004570766352117062,-0.007123054005205631
test:993,Qwen3-8B,44,conflict,norm_matched,6,final,81,0.0,0.0,0.03717963397502899,0.03171151876449585,0.016666028648614883,0.0,0.0,1.0,0.0,1.0,0.02051360532641411,0.005468115210533142
test:1764,Qwen3-8B,44,conflict,norm_matched,6,final,114,0.0,0.0,0.047065697610378265,0.060684822499752045,0.03225678578019142,0.0,0.0,1.0,0.0,1.0,0.014808911830186844,-0.01361912488937378
test:1238,Qwen3-8B,44,conflict,norm_matched,6,final,85,0.0,0.0,0.022016070783138275,0.025139382109045982,0.022436439990997314,0.0,0.0,1.0,0.0,0.0,-0.0004203692078590393,-0.003123311325907707
test:2222,Qwen3-8B,44,conflict,norm_matched,6,final,79,0.0,0.0,0.06118648499250412,0.06312812119722366,0.07751938700675964,0.0,0.0,0.0,0.0,0.0,-0.016332902014255524,-0.0019416362047195435
test:2007,Qwen3-8B,44,conflict,norm_matched,6,final,85,0.0,0.0,0.04377931356430054,0.03491077944636345,0.042699601501226425,0.0,0.0,0.0,0.0,1.0,0.001079712063074112,0.008868534117937088
test:1177,Qwen3-8B,44,conflict,norm_matched,6,final,237,0.0,0.0,0.01168255228549242,0.030963841825723648,0.030335962772369385,0.0,0.0,1.0,0.0,0.0,-0.018653410486876965,-0.019281289540231228
test:378,Qwen3-8B,44,conflict,norm_matched,6,final,83,0.0,0.0,0.038952138274908066,0.026552844792604446,0.015539534389972687,0.0,0.0,1.0,0.0,1.0,0.02341260388493538,0.01239929348230362
test:1086,Qwen3-8B,44,conflict,norm_matched,6,final,61,0.0,0.0,0.0456029549241066,0.040897186845541,0.037044648081064224,0.0,0.0,1.0,0.0,1.0,0.008558306843042374,0.0047057680785655975
test:350,Qwen3-8B,44,conflict,norm_matched,6,final,45,0.0,0.0,0.04392113536596298,0.013711749576032162,0.020310744643211365,0.0,0.0,0.0,0.0,1.0,0.023610390722751617,0.03020938578993082
test:2256,Qwen3-8B,44,conflict,norm_matched,6,final,43,0.0,0.0,0.018877843394875526,0.0323498360812664,0.025482874363660812,0.0,0.0,1.0,0.0,0.0,-0.006605030968785286,-0.013471992686390877
test:2064,Qwen3-8B,44,conflict,norm_matched,6,final,198,0.0,0.0,0.024282051250338554,0.016910359263420105,0.023172518238425255,0.0,0.0,0.0,0.0,1.0,0.0011095330119132996,0.007371691986918449
test:635,Qwen3-8B,44,conflict,norm_matched,6,final,117,0.0,0.0,0.03669311851263046,0.03583819046616554,0.010334810242056847,0.0,0.0,1.0,0.0,1.0,0.026358308270573616,0.00085492804646492
test:2182,Qwen3-8B,44,conflict,norm_matched,6,final,76,0.0,0.0,0.05088526010513306,0.050655607134103775,0.04830795153975487,0.0,0.0,1.0,0.0,1.0,0.002577308565378189,0.00022965297102928162
test:502,Qwen3-8B,44,conflict,norm_matched,6,final,88,0.0,0.0,0.040890488773584366,0.024602718651294708,0.01959232985973358,0.0,0.0,1.0,0.0,1.0,0.021298158913850784,0.016287770122289658
test:434,Qwen3-8B,44,conflict,norm_matched,6,final,68,0.0,0.0,0.051587216556072235,0.05270592123270035,0.04347672313451767,0.0,0.0,1.0,0.0,1.0,0.008110493421554565,-0.0011187046766281128
test:1225,Qwen3-8B,44,conflict,norm_matched,6,final,73,0.0,0.0,0.025358477607369423,0.027426064014434814,0.02696390263736248,0.0,0.0,1.0,0.0,0.0,-0.0016054250299930573,-0.0020675864070653915
test:1483,Qwen3-8B,44,conflict,norm_matched,6,final,34,0.0,0.0,0.03481791913509369,0.027438048273324966,0.018812334164977074,0.0,0.0,1.0,0.0,1.0,0.016005584970116615,0.0073798708617687225
test:327,Qwen3-8B,44,conflict,norm_matched,6,final,272,0.0,0.0,0.027238739654421806,0.05113993585109711,0.04048901051282883,0.0,0.0,1.0,0.0,0.0,-0.01325027085840702,-0.0239011961966753
test:646,Qwen3-8B,44,conflict,norm_matched,6,final,47,0.0,0.0,0.061119772493839264,0.05817950516939163,0.00962922815233469,0.0,0.0,1.0,0.0,1.0,0.051490544341504574,0.002940267324447632
test:1214,Qwen3-8B,44,conflict,norm_matched,6,final,175,0.0,0.0,0.03851494938135147,0.03645496442914009,0.04094652459025383,0.0,0.0,0.0,0.0,0.0,-0.002431575208902359,0.00205998495221138
test:1722,Qwen3-8B,44,conflict,norm_matched,6,final,123,0.0,0.0,0.05944277346134186,0.045659251511096954,0.045163705945014954,0.0,0.0,1.0,0.0,1.0,0.014279067516326904,0.013783521950244904
test:2062,Qwen3-8B,44,conflict,norm_matched,6,final,257,0.0,0.0,0.0450696237385273,0.04958822950720787,0.041687577962875366,0.0,0.0,1.0,0.0,1.0,0.0033820457756519318,-0.0045186057686805725
test:1009,Qwen3-8B,44,conflict,norm_matched,6,final,242,0.0,0.0,0.004805820994079113,0.02844565361738205,0.044213466346263885,0.0,0.0,0.0,0.0,0.0,-0.03940764535218477,-0.023639832623302937
test:92,Qwen3-8B,44,conflict,norm_matched,6,final,142,0.0,0.0,0.028733069077134132,0.03312715142965317,0.02073904685676098,0.0,0.0,1.0,0.0,1.0,0.007994022220373154,-0.004394082352519035
test:471,Qwen3-8B,44,conflict,norm_matched,6,final,254,0.0,0.0,0.03069986216723919,0.023951532319188118,0.027040980756282806,0.0,0.0,0.0,0.0,1.0,0.0036588814109563828,0.006748329848051071
test:1083,Qwen3-8B,44,conflict,norm_matched,6,final,278,0.0,0.0,0.06020423769950867,0.09080483764410019,0.09474894404411316,0.0,0.0,0.0,0.0,0.0,-0.03454470634460449,-0.030600599944591522
test:2108,Qwen3-8B,44,conflict,norm_matched,6,final,82,0.0,0.0,0.047806911170482635,0.05363290756940842,0.04778924584388733,0.0,0.0,1.0,0.0,1.0,1.7665326595306396e-05,-0.005825996398925781
test:2227,Qwen3-8B,44,conflict,norm_matched,6,final,59,0.0,0.0,0.027362706139683723,0.027278155088424683,0.021907862275838852,0.0,0.0,1.0,0.0,1.0,0.0054548438638448715,8.455105125904083e-05
test:1251,Qwen3-8B,44,conflict,norm_matched,6,final,61,0.0,0.0,0.01284899190068245,0.016960326582193375,0.020999129861593246,0.0,0.0,0.0,0.0,0.0,-0.008150137960910797,-0.004111334681510925
test:498,Qwen3-8B,44,conflict,norm_matched,6,final,298,0.0,0.0,0.028775228187441826,0.028557801619172096,0.03538614138960838,0.0,0.0,0.0,0.0,0.0,-0.006610913202166557,0.00021742656826972961
test:1920,Qwen3-8B,44,conflict,norm_matched,6,final,133,0.0,0.0,0.07083435356616974,0.06104050204157829,0.048119883984327316,0.0,0.0,1.0,0.0,1.0,0.022714469581842422,0.009793851524591446
test:1845,Qwen3-8B,44,conflict,norm_matched,6,final,122,0.0,0.0,0.03417082503437996,0.03943882882595062,0.036258019506931305,0.0,0.0,1.0,0.0,0.0,-0.002087194472551346,-0.0052680037915706635
test:1790,Qwen3-8B,44,conflict,norm_matched,6,final,213,0.0,0.0,0.010784394107758999,0.02344462275505066,0.01525814551860094,0.0,0.0,1.0,0.0,0.0,-0.004473751410841942,-0.01266022864729166
test:1563,Qwen3-8B,44,conflict,norm_matched,6,final,75,0.0,0.0,0.024010837078094482,0.027700457721948624,0.02881765179336071,0.0,0.0,0.0,0.0,0.0,-0.004806814715266228,-0.0036896206438541412
test:1715,Qwen3-8B,44,conflict,norm_matched,6,final,195,0.0,0.0,0.043243296444416046,0.038369737565517426,0.038708142936229706,0.0,0.0,0.0,0.0,1.0,0.00453515350818634,0.004873558878898621
test:1395,Qwen3-8B,44,conflict,norm_matched,6,final,111,0.0,0.0,0.0451481007039547,0.052906136959791183,0.042692650109529495,0.0,0.0,1.0,0.0,1.0,0.0024554505944252014,-0.007758036255836487
test:923,Qwen3-8B,44,conflict,norm_matched,6,final,135,0.0,0.0,0.03025435097515583,0.02447693422436714,0.021411534398794174,0.0,0.0,1.0,0.0,1.0,0.008842816576361656,0.005777416750788689
test:800,Qwen3-8B,44,conflict,norm_matched,6,final,47,0.0,0.0,0.05376940965652466,0.04440002143383026,0.05611683800816536,0.0,0.0,0.0,0.0,0.0,-0.0023474283516407013,0.009369388222694397
test:1525,Qwen3-8B,44,conflict,norm_matched,6,final,185,0.0,0.0,0.02475748211145401,0.022072654217481613,0.02648376300930977,0.0,0.0,0.0,0.0,0.0,-0.0017262808978557587,0.002684827893972397
test:617,Qwen3-8B,44,conflict,norm_matched,6,final,139,0.0,0.0,0.03129177540540695,0.015448023565113544,0.024233145639300346,0.0,0.0,0.0,0.0,1.0,0.0070586297661066055,0.015843751840293407
test:2225,Qwen3-8B,44,conflict,norm_matched,6,final,76,0.0,0.0,0.03155503422021866,0.03382427617907524,0.03418009355664253,0.0,0.0,0.0,0.0,0.0,-0.002625059336423874,-0.0022692419588565826
test:125,Qwen3-8B,44,conflict,norm_matched,6,final,54,0.0,0.0,0.03102659434080124,0.02136804535984993,0.019986532628536224,0.0,0.0,1.0,0.0,1.0,0.011040061712265015,0.00965854898095131
test:1316,Qwen3-8B,44,conflict,norm_matched,6,final,94,0.0,0.0,0.023060869425535202,0.023766884580254555,0.013675548136234283,0.0,0.0,1.0,0.0,1.0,0.009385321289300919,-0.0007060151547193527
test:1848,Qwen3-8B,44,conflict,norm_matched,6,final,67,0.0,0.0,0.03763078525662422,0.039306383579969406,0.037506185472011566,0.0,0.0,1.0,0.0,1.0,0.00012459978461265564,-0.0016755983233451843
test:1481,Qwen3-8B,44,conflict,norm_matched,6,final,124,0.0,0.0,-0.0002706265076994896,0.01904454082250595,0.02078063413500786,0.0,0.0,0.0,0.0,0.0,-0.021051260642707348,-0.01931516733020544
test:1667,Qwen3-8B,44,conflict,norm_matched,6,final,117,0.0,0.0,0.025278346613049507,0.026412777602672577,0.024482131004333496,0.0,0.0,1.0,0.0,1.0,0.000796215608716011,-0.0011344309896230698
test:1901,Qwen3-8B,44,conflict,norm_matched,6,final,120,0.0,0.0,0.03774021938443184,0.03465048223733902,0.034519877284765244,0.0,0.0,1.0,0.0,1.0,0.0032203420996665955,0.003089737147092819
test:1673,Qwen3-8B,44,conflict,norm_matched,6,final,321,0.0,0.0,0.03764791786670685,0.038494523614645004,0.03712281212210655,0.0,0.0,1.0,0.0,1.0,0.000525105744600296,-0.0008466057479381561
test:2280,Qwen3-8B,44,conflict,norm_matched,6,final,45,0.0,0.0,0.023133104667067528,0.037636566907167435,0.03847773000597954,0.0,0.0,0.0,0.0,0.0,-0.01534462533891201,-0.014503462240099907
test:2251,Qwen3-8B,44,conflict,norm_matched,6,final,58,0.0,0.0,0.0312204547226429,0.028710100799798965,0.02169742062687874,0.0,0.0,1.0,0.0,1.0,0.00952303409576416,0.002510353922843933
test:512,Qwen3-8B,44,conflict,norm_matched,6,final,282,0.0,0.0,0.007989820092916489,0.03575548529624939,0.029462872073054314,0.0,0.0,1.0,0.0,0.0,-0.021473051980137825,-0.0277656652033329
test:220,Qwen3-8B,44,conflict,norm_matched,6,final,313,0.0,0.0,0.02767619676887989,0.02969576045870781,0.026866592466831207,0.0,0.0,1.0,0.0,1.0,0.0008096043020486832,-0.002019563689827919
test:997,Qwen3-8B,44,conflict,norm_matched,6,final,114,0.0,0.0,0.020096736028790474,0.039102423936128616,0.0182343702763319,0.0,0.0,1.0,0.0,1.0,0.0018623657524585724,-0.019005687907338142
test:1553,Qwen3-8B,44,conflict,norm_matched,6,final,143,0.0,0.0,0.042991116642951965,0.05189308524131775,0.036575548350811005,0.0,0.0,1.0,0.0,1.0,0.006415568292140961,-0.008901968598365784
test:731,Qwen3-8B,44,conflict,norm_matched,6,final,17,0.0,0.0,0.015950942412018776,0.03701469302177429,0.0273133534938097,0.0,0.0,1.0,0.0,0.0,-0.011362411081790924,-0.021063750609755516
test:1433,Qwen3-8B,44,conflict,norm_matched,6,final,30,0.0,0.0,0.042678918689489365,0.02725430577993393,0.016944510862231255,0.0,0.0,1.0,0.0,1.0,0.02573440782725811,0.015424612909555435
test:65,Qwen3-8B,44,conflict,norm_matched,6,final,243,0.0,0.0,0.056693971157073975,0.0473291277885437,0.04762052372097969,0.0,0.0,0.0,0.0,1.0,0.009073447436094284,0.009364843368530273
test:1575,Qwen3-8B,44,conflict,norm_matched,6,final,105,0.0,0.0,0.029495229944586754,0.033936403691768646,0.026178302243351936,0.0,0.0,1.0,0.0,1.0,0.0033169277012348175,-0.004441173747181892
test:1784,Qwen3-8B,44,conflict,norm_matched,6,final,126,0.0,0.0,0.013308700174093246,0.019300537183880806,0.02228810079395771,0.0,0.0,0.0,0.0,0.0,-0.008979400619864464,-0.0059918370097875595
test:1566,Qwen3-8B,44,conflict,norm_matched,6,final,129,0.0,0.0,0.049605198204517365,0.0446927584707737,0.04029301181435585,0.0,0.0,1.0,0.0,1.0,0.009312186390161514,0.004912439733743668
test:1807,Qwen3-8B,44,conflict,norm_matched,6,final,138,0.0,0.0,0.02081325650215149,0.02630077861249447,0.030121836811304092,0.0,0.0,0.0,0.0,0.0,-0.009308580309152603,-0.005487522110342979
test:1408,Qwen3-8B,44,conflict,norm_matched,6,final,169,0.0,0.0,0.048450060188770294,0.05739288404583931,0.04834455996751785,0.0,0.0,1.0,0.0,1.0,0.0001055002212524414,-0.008942823857069016
test:621,Qwen3-8B,44,conflict,norm_matched,6,final,216,0.0,0.0,0.03245854377746582,0.030074885115027428,0.02655061148107052,0.0,0.0,1.0,0.0,1.0,0.005907932296395302,0.0023836586624383926
test:531,Qwen3-8B,44,conflict,norm_matched,6,final,60,0.0,0.0,0.04807067662477493,0.02410861849784851,0.03329966217279434,0.0,0.0,0.0,0.0,1.0,0.01477101445198059,0.023962058126926422
test:394,Qwen3-8B,44,conflict,norm_matched,6,final,357,0.0,0.0,0.02627992443740368,0.026846107095479965,0.0019416104769334197,0.0,0.0,1.0,0.0,1.0,0.02433831396047026,-0.0005661826580762863
test:641,Qwen3-8B,44,conflict,norm_matched,6,final,394,0.0,0.0,0.061481401324272156,0.10115951299667358,0.07151065021753311,0.0,0.0,1.0,0.0,0.0,-0.010029248893260956,-0.03967811167240143
test:2003,Qwen3-8B,44,conflict,norm_matched,6,final,28,0.0,0.0,0.039759792387485504,0.023637790232896805,0.03277665376663208,0.0,0.0,0.0,0.0,1.0,0.006983138620853424,0.0161220021545887
test:243,Qwen3-8B,44,conflict,norm_matched,6,final,209,0.0,0.0,0.02249213494360447,0.023873627185821533,0.033241309225559235,0.0,0.0,0.0,0.0,0.0,-0.010749174281954765,-0.001381492242217064
test:85,Qwen3-8B,44,conflict,norm_matched,6,final,340,0.0,0.0,0.002521506045013666,0.028989914804697037,0.04309558868408203,0.0,0.0,0.0,0.0,0.0,-0.040574082639068365,-0.02646840875968337
test:847,Qwen3-8B,44,conflict,norm_matched,6,final,44,0.0,0.0,0.05375930666923523,0.060160938650369644,0.012036568485200405,0.0,0.0,1.0,0.0,1.0,0.041722738184034824,-0.006401631981134415
test:4,Qwen3-8B,44,conflict,norm_matched,6,final,126,0.0,0.0,0.04702459275722504,0.06005191057920456,0.06422516703605652,0.0,0.0,0.0,0.0,0.0,-0.017200574278831482,-0.013027317821979523
test:468,Qwen3-8B,44,conflict,norm_matched,6,final,292,0.0,0.0,0.01570809632539749,0.03339305520057678,0.021116528660058975,0.0,0.0,1.0,0.0,0.0,-0.005408432334661484,-0.01768495887517929
test:1928,Qwen3-8B,44,conflict,norm_matched,6,final,268,0.0,0.0,0.0295944195240736,0.06216741353273392,0.0333951972424984,0.0,0.0,1.0,0.0,0.0,-0.003800777718424797,-0.032572994008660316
test:822,Qwen3-8B,44,conflict,norm_matched,6,final,57,0.0,0.0,0.018809109926223755,0.025489656254649162,0.05338691920042038,0.0,0.0,0.0,0.0,0.0,-0.034577809274196625,-0.006680546328425407
test:1805,Qwen3-8B,44,conflict,norm_matched,6,final,123,0.0,0.0,0.035225119441747665,0.04515606537461281,0.022649627178907394,0.0,0.0,1.0,0.0,1.0,0.012575492262840271,-0.009930945932865143
test:879,Qwen3-8B,44,conflict,norm_matched,6,final,71,0.0,0.0,0.03110281005501747,0.020371560007333755,0.02756805159151554,0.0,0.0,0.0,0.0,1.0,0.0035347584635019302,0.010731250047683716
test:1902,Qwen3-8B,44,conflict,norm_matched,6,final,180,0.0,0.0,0.033939555287361145,0.031550854444503784,0.03514090180397034,0.0,0.0,0.0,0.0,0.0,-0.001201346516609192,0.002388700842857361
test:1933,Qwen3-8B,44,conflict,norm_matched,6,final,295,0.0,0.0,0.014751059003174305,0.02644936367869377,0.011243571527302265,0.0,0.0,1.0,0.0,1.0,0.00350748747587204,-0.011698304675519466
test:577,Qwen3-8B,44,conflict,norm_matched,6,final,307,0.0,0.0,0.027196701616048813,0.0268204677850008,0.030932102352380753,0.0,0.0,0.0,0.0,0.0,-0.0037354007363319397,0.0003762338310480118
test:1749,Qwen3-8B,44,conflict,norm_matched,6,final,207,0.0,0.0,0.029080377891659737,0.028216378763318062,0.02505638264119625,0.0,0.0,1.0,0.0,1.0,0.004023995250463486,0.0008639991283416748
test:15,Qwen3-8B,44,conflict,norm_matched,6,final,70,0.0,0.0,0.09090364724397659,0.03373623266816139,0.06360441446304321,0.0,0.0,0.0,0.0,1.0,0.02729923278093338,0.0571674145758152
test:1753,Qwen3-8B,44,conflict,norm_matched,6,final,41,0.0,0.0,0.040883369743824005,0.030989373102784157,0.03487527742981911,0.0,0.0,0.0,0.0,1.0,0.006008092314004898,0.009893996641039848
test:665,Qwen3-8B,44,conflict,norm_matched,6,final,417,0.0,0.0,0.030154546722769737,0.027163514867424965,0.025861887261271477,0.0,0.0,1.0,0.0,1.0,0.0042926594614982605,0.0029910318553447723
test:569,Qwen3-8B,44,conflict,norm_matched,6,final,341,0.0,0.0,0.023368874564766884,0.025261791422963142,0.019667865708470345,0.0,0.0,1.0,0.0,1.0,0.0037010088562965393,-0.0018929168581962585
test:1203,Qwen3-8B,44,conflict,norm_matched,6,final,13,0.0,0.0,0.036904726177453995,0.03814532235264778,0.024990171194076538,0.0,0.0,1.0,0.0,1.0,0.011914554983377457,-0.0012405961751937866
test:2105,Qwen3-8B,44,conflict,norm_matched,6,final,17,0.0,0.0,0.10603286325931549,0.09977655112743378,0.1140793189406395,0.0,0.0,0.0,0.0,0.0,-0.008046455681324005,0.006256312131881714
test:426,Qwen3-8B,44,conflict,norm_matched,6,final,79,0.0,0.0,0.03190163895487785,0.02580895461142063,0.022119326516985893,0.0,0.0,1.0,0.0,1.0,0.00978231243789196,0.006092684343457222
test:123,Qwen3-8B,44,conflict,norm_matched,6,final,416,0.0,0.0,0.029221229255199432,0.02230161800980568,0.027108781039714813,0.0,0.0,0.0,0.0,1.0,0.002112448215484619,0.006919611245393753
test:1405,Qwen3-8B,44,conflict,norm_matched,6,final,220,0.0,0.0,0.039432305842638016,0.03310133144259453,0.023163385689258575,0.0,0.0,1.0,0.0,1.0,0.01626892015337944,0.0063309744000434875
test:796,Qwen3-8B,44,conflict,norm_matched,6,final,429,0.0,0.0,-0.004848407581448555,0.03309673070907593,0.052438121289014816,0.0,0.0,0.0,0.0,0.0,-0.05728652887046337,-0.03794513829052448
test:2166,Qwen3-8B,44,conflict,norm_matched,6,final,263,0.0,0.0,0.03367102891206741,0.0534508116543293,0.026006989181041718,0.0,0.0,1.0,0.0,1.0,0.007664039731025696,-0.019779782742261887
test:1179,Qwen3-8B,44,conflict,norm_matched,6,final,91,0.0,0.0,0.0426897294819355,0.028947843238711357,0.029099933803081512,0.0,0.0,0.0,0.0,1.0,0.013589795678853989,0.013741886243224144
test:375,Qwen3-8B,44,conflict,norm_matched,6,final,128,0.0,0.0,0.030954409390687943,0.028721841052174568,0.015380015596747398,0.0,0.0,1.0,0.0,1.0,0.015574393793940544,0.0022325683385133743
test:1143,Qwen3-8B,44,conflict,norm_matched,6,final,119,0.0,0.0,0.051877137273550034,0.04428232088685036,0.04516950622200966,0.0,0.0,0.0,0.0,1.0,0.006707631051540375,0.0075948163866996765
test:1882,Qwen3-8B,44,conflict,norm_matched,6,final,114,0.0,0.0,0.0623222216963768,0.03148554265499115,0.046210676431655884,0.0,0.0,0.0,0.0,1.0,0.016111545264720917,0.03083667904138565
test:404,Qwen3-8B,44,conflict,norm_matched,6,final,45,0.0,0.0,0.030603187158703804,0.02251308038830757,0.01676805689930916,0.0,0.0,1.0,0.0,1.0,0.013835130259394646,0.008090106770396233
test:2056,Qwen3-8B,44,conflict,norm_matched,6,final,213,0.0,0.0,0.051383282989263535,0.04749255254864693,0.040522560477256775,0.0,0.0,1.0,0.0,1.0,0.01086072251200676,0.0038907304406166077
test:1331,Qwen3-8B,44,conflict,norm_matched,6,final,330,0.0,0.0,0.03653497248888016,0.04757033288478851,0.03740161657333374,0.0,0.0,1.0,0.0,0.0,-0.0008666440844535828,-0.011035360395908356
test:2255,Qwen3-8B,44,conflict,norm_matched,6,final,247,0.0,0.0,0.018077867105603218,0.05686546117067337,0.01667095348238945,0.0,0.0,1.0,0.0,1.0,0.001406913623213768,-0.03878759406507015
test:1122,Qwen3-8B,44,conflict,norm_matched,6,final,74,0.0,0.0,0.027705306187272072,0.03966135531663895,0.0426052063703537,0.0,0.0,0.0,0.0,0.0,-0.014899900183081627,-0.011956049129366875
test:1063,Qwen3-8B,44,conflict,norm_matched,6,final,176,0.0,0.0,0.00850896630436182,-0.0016113753663375974,0.04708203673362732,0.0,0.0,0.0,0.0,0.0,-0.0385730704292655,0.010120341670699418
test:1994,Qwen3-8B,44,conflict,norm_matched,6,final,173,0.0,0.0,0.04053659364581108,0.04459434747695923,0.04025927931070328,0.0,0.0,1.0,0.0,1.0,0.00027731433510780334,-0.004057753831148148
test:2291,Qwen3-8B,44,conflict,norm_matched,6,final,133,0.0,0.0,0.02393503114581108,0.034346360713243484,0.020998036488890648,0.0,0.0,1.0,0.0,1.0,0.002936994656920433,-0.010411329567432404
test:287,Qwen3-8B,44,conflict,norm_matched,6,final,262,0.0,0.0,0.03705160319805145,0.03991534188389778,0.020921975374221802,0.0,0.0,1.0,0.0,1.0,0.01612962782382965,-0.0028637386858463287
test:1257,Qwen3-8B,44,conflict,norm_matched,6,final,136,0.0,0.0,0.030836718156933784,0.01725025475025177,0.01969827339053154,0.0,0.0,0.0,0.0,1.0,0.011138444766402245,0.013586463406682014
test:564,Qwen3-8B,44,conflict,norm_matched,6,final,140,0.0,0.0,0.02387390471994877,0.023504801094532013,0.02388399839401245,0.0,0.0,0.0,0.0,0.0,-1.0093674063682556e-05,0.0003691036254167557
test:1836,Qwen3-8B,44,conflict,norm_matched,6,final,30,0.0,0.0,0.04455488547682762,0.04550032690167427,0.05053986236453056,0.0,0.0,0.0,0.0,0.0,-0.005984976887702942,-0.0009454414248466492
test:1915,Qwen3-8B,44,conflict,norm_matched,6,final,579,0.0,0.0,0.0038083912804722786,0.07186120748519897,0.003955898340791464,0.0,0.0,1.0,0.0,0.0,-0.00014750706031918526,-0.0680528162047267
test:444,Qwen3-8B,44,conflict,norm_matched,6,final,114,0.0,0.0,0.03500015288591385,0.03306221589446068,0.028683586046099663,0.0,0.0,1.0,0.0,1.0,0.006316566839814186,0.0019379369914531708
test:2176,Qwen3-8B,44,conflict,norm_matched,6,final,141,0.0,0.0,0.021269598975777626,0.01974206231534481,0.0195716954767704,0.0,0.0,1.0,0.0,1.0,0.001697903499007225,0.0015275366604328156
test:2145,Qwen3-8B,44,conflict,norm_matched,6,final,117,0.0,0.0,0.028241068124771118,0.04416481405496597,0.011256142519414425,0.0,0.0,1.0,0.0,1.0,0.016984925605356693,-0.015923745930194855
test:1174,Qwen3-8B,44,conflict,norm_matched,6,final,159,0.0,0.0,0.021459652110934258,0.025878768414258957,0.026852566748857498,0.0,0.0,0.0,0.0,0.0,-0.005392914637923241,-0.004419116303324699
test:1230,Qwen3-8B,44,conflict,norm_matched,6,final,239,0.0,0.0,0.03429509326815605,0.03193465247750282,0.02369409054517746,0.0,0.0,1.0,0.0,1.0,0.010601002722978592,0.0023604407906532288
test:1244,Qwen3-8B,44,conflict,norm_matched,6,final,284,0.0,0.0,0.024964187294244766,0.03441997617483139,0.013231064192950726,0.0,0.0,1.0,0.0,1.0,0.01173312310129404,-0.009455788880586624
test:606,Qwen3-8B,44,conflict,norm_matched,6,final,105,0.0,0.0,0.04558165743947029,0.01397697813808918,0.026154667139053345,0.0,0.0,0.0,0.0,1.0,0.019426990300416946,0.03160467930138111
test:304,Qwen3-8B,44,conflict,norm_matched,6,final,70,0.0,0.0,0.02517724223434925,0.02007032372057438,0.024206064641475677,0.0,0.0,0.0,0.0,1.0,0.0009711775928735733,0.005106918513774872
test:1390,Qwen3-8B,44,conflict,norm_matched,6,final,535,0.0,0.0,0.027363942936062813,0.030279211699962616,0.028438780456781387,0.0,0.0,1.0,0.0,0.0,-0.0010748375207185745,-0.002915268763899803
test:1729,Qwen3-8B,44,conflict,norm_matched,6,final,150,0.0,0.0,0.04358801245689392,0.040913715958595276,0.029674947261810303,0.0,0.0,1.0,0.0,1.0,0.013913065195083618,0.002674296498298645
test:1454,Qwen3-8B,44,conflict,norm_matched,6,final,81,0.0,0.0,0.04455792158842087,0.05050847679376602,0.06514164805412292,0.0,0.0,0.0,0.0,0.0,-0.020583726465702057,-0.005950555205345154
test:858,Qwen3-8B,44,conflict,norm_matched,6,final,83,0.0,0.0,0.044326454401016235,0.043654173612594604,0.0043746610172092915,0.0,0.0,1.0,0.0,1.0,0.039951793383806944,0.0006722807884216309
test:771,Qwen3-8B,44,conflict,norm_matched,6,final,536,0.0,0.0,0.03500179201364517,0.04232069477438927,0.041723981499671936,0.0,0.0,1.0,0.0,0.0,-0.006722189486026764,-0.007318902760744095
test:660,Qwen3-8B,44,conflict,norm_matched,6,final,98,0.0,0.0,0.024052949622273445,0.019490843638777733,0.022974591702222824,0.0,0.0,0.0,0.0,1.0,0.001078357920050621,0.004562105983495712
test:888,Qwen3-8B,44,conflict,norm_matched,6,final,159,0.0,0.0,0.02812160551548004,0.026331555098295212,0.023746054619550705,0.0,0.0,1.0,0.0,1.0,0.0043755508959293365,0.0017900504171848297
test:413,Qwen3-8B,44,conflict,norm_matched,6,final,249,0.0,0.0,0.03584719076752663,0.012767428532242775,0.03363896533846855,0.0,0.0,0.0,0.0,1.0,0.002208225429058075,0.02307976223528385
test:130,Qwen3-8B,44,conflict,norm_matched,6,final,151,0.0,0.0,0.068343386054039,0.06005735695362091,0.05849051475524902,0.0,0.0,1.0,0.0,1.0,0.009852871298789978,0.00828602910041809
test:1147,Qwen3-8B,44,conflict,norm_matched,6,final,155,0.0,0.0,0.06973747164011002,0.03004199080169201,0.032993052154779434,0.0,0.0,0.0,0.0,1.0,0.03674441948533058,0.03969548083841801
test:42,Qwen3-8B,44,conflict,norm_matched,6,final,134,0.0,0.0,0.032736629247665405,0.01894097402691841,0.033976659178733826,0.0,0.0,0.0,0.0,0.0,-0.0012400299310684204,0.013795655220746994
test:1114,Qwen3-8B,44,conflict,norm_matched,6,final,111,0.0,0.0,0.07079038769006729,0.06101126968860626,0.07082756608724594,0.0,0.0,0.0,0.0,0.0,-3.71783971786499e-05,0.009779118001461029
test:1302,Qwen3-8B,44,conflict,norm_matched,6,final,129,0.0,0.0,0.030109545215964317,0.030513236299157143,0.02575266733765602,0.0,0.0,1.0,0.0,1.0,0.004356877878308296,-0.0004036910831928253
test:662,Qwen3-8B,44,conflict,norm_matched,6,final,288,0.0,0.0,0.036934830248355865,0.03395037725567818,0.03360557556152344,0.0,0.0,1.0,0.0,1.0,0.003329254686832428,0.0029844529926776886
test:705,Qwen3-8B,44,conflict,norm_matched,6,final,611,0.0,0.0,0.027529964223504066,0.0218490082770586,0.02958369441330433,0.0,0.0,0.0,0.0,0.0,-0.0020537301898002625,0.005680955946445465
test:1413,Qwen3-8B,44,conflict,norm_matched,6,final,169,0.0,0.0,0.034937333315610886,0.033864352852106094,0.028227176517248154,0.0,0.0,1.0,0.0,1.0,0.006710156798362732,0.0010729804635047913
test:940,Qwen3-8B,44,conflict,norm_matched,6,final,140,0.0,0.0,0.041535940021276474,0.046407997608184814,0.03615972399711609,0.0,0.0,1.0,0.0,1.0,0.005376216024160385,-0.0048720575869083405
test:2162,Qwen3-8B,44,conflict,norm_matched,6,final,107,0.0,0.0,0.01264551468193531,0.012723518535494804,0.0001363348710583523,0.0,0.0,1.0,0.0,1.0,0.012509179810876958,-7.800385355949402e-05
test:51,Qwen3-8B,44,conflict,norm_matched,6,final,321,0.0,0.0,0.0833202600479126,0.06707655638456345,0.08768194168806076,0.0,0.0,0.0,0.0,0.0,-0.004361681640148163,0.01624370366334915
test:914,Qwen3-8B,44,conflict,norm_matched,6,final,306,0.0,0.0,0.03190387412905693,0.059278231114149094,-0.009016105905175209,0.0,0.0,1.0,0.0,1.0,0.04091998003423214,-0.027374356985092163
test:1558,Qwen3-8B,44,conflict,norm_matched,6,final,190,0.0,0.0,0.05878211185336113,0.059598345309495926,0.06346407532691956,0.0,0.0,0.0,0.0,0.0,-0.004681963473558426,-0.0008162334561347961
test:351,Qwen3-8B,44,conflict,norm_matched,6,final,98,0.0,0.0,0.03631485998630524,0.020710501819849014,0.01681005023419857,0.0,0.0,1.0,0.0,1.0,0.019504809752106667,0.015604358166456223
test:1503,Qwen3-8B,44,conflict,norm_matched,6,final,72,0.0,0.0,0.040660057216882706,0.04475301131606102,0.032672520726919174,0.0,0.0,1.0,0.0,1.0,0.007987536489963531,-0.004092954099178314
test:1138,Qwen3-8B,44,conflict,norm_matched,6,final,45,0.0,0.0,0.02348283864557743,0.020270148292183876,0.011339778080582619,0.0,0.0,1.0,0.0,1.0,0.012143060564994812,0.0032126903533935547
test:1205,Qwen3-8B,44,conflict,norm_matched,6,final,138,0.0,0.0,0.036685291677713394,0.04802662879228592,-0.006557154934853315,0.0,0.0,1.0,0.0,1.0,0.04324244661256671,-0.011341337114572525
test:279,Qwen3-8B,44,conflict,norm_matched,6,final,1211,0.0,0.0,0.014354171231389046,0.029480241239070892,0.020731862634420395,0.0,0.0,1.0,0.0,0.0,-0.006377691403031349,-0.015126070007681847
test:1783,Qwen3-8B,44,conflict,norm_matched,6,final,148,0.0,0.0,0.03872963413596153,0.03455617278814316,0.007660418748855591,0.0,0.0,1.0,0.0,1.0,0.031069215387105942,0.004173461347818375
test:684,Qwen3-8B,44,conflict,norm_matched,6,final,108,0.0,0.0,0.04055117815732956,0.02408626303076744,0.04044317454099655,0.0,0.0,0.0,0.0,1.0,0.00010800361633300781,0.01646491512656212
test:158,Qwen3-8B,44,conflict,norm_matched,6,final,351,0.0,0.0,0.037355490028858185,0.04516735300421715,0.04767586290836334,0.0,0.0,0.0,0.0,0.0,-0.010320372879505157,-0.007811862975358963
test:295,Qwen3-8B,44,conflict,norm_matched,6,final,78,0.0,0.0,0.0401567779481411,0.0335477776825428,0.01442804466933012,0.0,0.0,1.0,0.0,1.0,0.025728733278810978,0.006609000265598297
test:1988,Qwen3-8B,44,conflict,norm_matched,6,final,199,0.0,0.0,0.032334767282009125,0.027458572760224342,0.02487342618405819,0.0,0.0,1.0,0.0,1.0,0.007461341097950935,0.004876194521784782
test:1735,Qwen3-8B,44,conflict,norm_matched,6,final,278,0.0,0.0,0.03346548229455948,0.022884024307131767,0.015983950346708298,0.0,0.0,1.0,0.0,1.0,0.01748153194785118,0.010581457987427711
test:179,Qwen3-8B,44,conflict,norm_matched,6,final,41,0.0,0.0,0.06549492478370667,0.0593220479786396,0.0046952576376497746,0.0,0.0,1.0,0.0,1.0,0.06079966714605689,0.006172876805067062
test:1458,Qwen3-8B,44,conflict,norm_matched,6,final,88,0.0,0.0,0.025956839323043823,0.03792406618595123,-0.013834042474627495,0.0,0.0,1.0,0.0,1.0,0.03979088179767132,-0.01196722686290741
test:2202,Qwen3-8B,45,benign,norm_matched,6,final,5,0.0,0.0,0.018550893291831017,0.018550893291831017,0.023374482989311218,0.0,0.0,0.0,0.0,0.0,-0.004823589697480202,0.0
test:1068,Qwen3-8B,45,benign,norm_matched,6,final,30,0.0,0.0,0.018888749182224274,0.04208176210522652,0.04248104989528656,0.0,0.0,0.0,0.0,0.0,-0.023592300713062286,-0.023193012923002243
test:913,Qwen3-8B,45,benign,norm_matched,6,final,37,0.0,0.0,0.011145324446260929,0.016749488189816475,0.016704345121979713,0.0,0.0,1.0,0.0,0.0,-0.005559020675718784,-0.005604163743555546
test:1076,Qwen3-8B,45,benign,norm_matched,6,final,29,0.0,0.0,0.01443325076252222,0.03724002093076706,0.025824004784226418,0.0,0.0,1.0,0.0,0.0,-0.011390754021704197,-0.02280677016824484
test:563,Qwen3-8B,45,benign,norm_matched,6,final,29,0.0,0.0,0.006356143392622471,0.016066424548625946,0.02636353112757206,0.0,0.0,0.0,0.0,0.0,-0.02000738773494959,-0.009710281156003475
test:463,Qwen3-8B,45,benign,norm_matched,6,final,36,0.0,0.0,0.021898627281188965,0.02182602882385254,0.01948607712984085,0.0,0.0,1.0,0.0,1.0,0.002412550151348114,7.259845733642578e-05
test:1684,Qwen3-8B,45,benign,norm_matched,6,final,30,0.0,0.0,0.020558636635541916,0.036126960068941116,0.03402604162693024,0.0,0.0,1.0,0.0,0.0,-0.013467404991388321,-0.0155683234333992
test:2243,Qwen3-8B,45,benign,norm_matched,6,final,30,0.0,0.0,0.021635334938764572,0.04976780340075493,0.0423014871776104,0.0,0.0,1.0,0.0,0.0,-0.020666152238845825,-0.028132468461990356
test:1507,Qwen3-8B,45,benign,norm_matched,6,final,21,0.0,0.0,0.051604777574539185,0.06190505251288414,0.046463336795568466,0.0,0.0,1.0,0.0,1.0,0.005141440778970718,-0.010300274938344955
test:797,Qwen3-8B,45,benign,norm_matched,6,final,24,0.0,0.0,0.019375845789909363,0.029906777665019035,0.028807969763875008,0.0,0.0,1.0,0.0,0.0,-0.009432123973965645,-0.010530931875109673
test:991,Qwen3-8B,45,benign,norm_matched,6,final,20,0.0,0.0,0.02704666368663311,0.030911728739738464,0.03192680701613426,0.0,0.0,0.0,0.0,0.0,-0.004880143329501152,-0.0038650650531053543
test:109,Qwen3-8B,45,benign,norm_matched,6,final,37,0.0,0.0,0.008402172476053238,0.029563112184405327,0.01732722669839859,0.0,0.0,1.0,0.0,0.0,-0.008925054222345352,-0.02116093970835209
test:1456,Qwen3-8B,45,benign,norm_matched,6,final,15,0.0,0.0,0.0406775176525116,0.0406775176525116,0.03568048030138016,0.0,0.0,1.0,0.0,1.0,0.004997037351131439,0.0
test:1171,Qwen3-8B,45,benign,norm_matched,6,final,24,0.0,0.0,0.02777121588587761,0.02699217014014721,0.032836396247148514,0.0,0.0,0.0,0.0,0.0,-0.0050651803612709045,0.0007790457457304001
test:1045,Qwen3-8B,45,benign,norm_matched,6,final,38,0.0,0.0,0.046980906277894974,0.04116295650601387,0.01616520620882511,0.0,0.0,1.0,0.0,1.0,0.030815700069069862,0.0058179497718811035
test:897,Qwen3-8B,45,benign,norm_matched,6,final,36,0.0,0.0,0.029028579592704773,0.03125502169132233,0.03049316257238388,0.0,0.0,1.0,0.0,0.0,-0.0014645829796791077,-0.0022264420986175537
test:427,Qwen3-8B,45,benign,norm_matched,6,final,4,0.0,0.0,0.032327864319086075,0.030951503664255142,0.03279354050755501,0.0,0.0,0.0,0.0,0.0,-0.0004656761884689331,0.0013763606548309326
test:536,Qwen3-8B,45,benign,norm_matched,6,final,42,0.0,0.0,0.021050898358225822,0.04030132666230202,0.024125711992383003,0.0,0.0,1.0,0.0,0.0,-0.003074813634157181,-0.019250428304076195
test:1556,Qwen3-8B,45,benign,norm_matched,6,final,44,0.0,0.0,0.035222701728343964,0.021890928968787193,0.031628306955099106,0.0,0.0,0.0,0.0,1.0,0.003594394773244858,0.01333177275955677
test:1638,Qwen3-8B,45,benign,norm_matched,6,final,34,0.0,0.0,0.011875742115080357,0.028568774461746216,0.025720244273543358,0.0,0.0,1.0,0.0,0.0,-0.013844502158463001,-0.01669303234666586
test:481,Qwen3-8B,45,benign,norm_matched,6,final,10,0.0,0.0,0.03200926631689072,0.030039548873901367,0.036054398864507675,0.0,0.0,0.0,0.0,0.0,-0.004045132547616959,0.0019697174429893494
test:640,Qwen3-8B,45,benign,norm_matched,6,final,36,0.0,0.0,0.025936977937817574,0.03218264877796173,0.02387271448969841,0.0,0.0,1.0,0.0,1.0,0.0020642634481191635,-0.006245670840144157
test:903,Qwen3-8B,45,benign,norm_matched,6,final,40,0.0,0.0,0.02602768875658512,0.026822740212082863,0.03154570981860161,0.0,0.0,0.0,0.0,0.0,-0.005518021062016487,-0.0007950514554977417
test:466,Qwen3-8B,45,benign,norm_matched,6,final,27,0.0,0.0,0.029799582436680794,0.03662761300802231,0.03060600347816944,0.0,0.0,1.0,0.0,0.0,-0.0008064210414886475,-0.006828030571341515
test:787,Qwen3-8B,45,benign,norm_matched,6,final,30,0.0,0.0,0.04548915475606918,0.03477362170815468,0.022873124107718468,0.0,0.0,1.0,0.0,1.0,0.022616030648350716,0.010715533047914505
test:63,Qwen3-8B,45,benign,norm_matched,6,final,20,0.0,0.0,0.01157655194401741,0.047407366335392,0.02268475852906704,0.0,0.0,1.0,0.0,0.0,-0.01110820658504963,-0.03583081439137459
test:1639,Qwen3-8B,45,benign,norm_matched,6,final,19,0.0,0.0,0.02483370155096054,0.012345847673714161,0.01274794526398182,0.0,0.0,0.0,0.0,1.0,0.012085756286978722,0.01248785387724638
test:2265,Qwen3-8B,45,benign,norm_matched,6,final,49,0.0,0.0,0.014162695035338402,0.018142802640795708,0.02050267904996872,0.0,0.0,0.0,0.0,0.0,-0.006339984014630318,-0.003980107605457306
test:1745,Qwen3-8B,45,benign,norm_matched,6,final,19,0.0,0.0,0.0336461178958416,0.036397114396095276,0.036690980195999146,0.0,0.0,0.0,0.0,0.0,-0.003044862300157547,-0.0027509965002536774
test:9,Qwen3-8B,45,benign,norm_matched,6,final,58,0.0,0.0,0.07383531332015991,0.08137275278568268,0.06592001020908356,0.0,0.0,1.0,0.0,1.0,0.007915303111076355,-0.007537439465522766
test:1279,Qwen3-8B,45,benign,norm_matched,6,final,17,0.0,0.0,0.02321050688624382,0.03613991662859917,0.03790043666958809,0.0,0.0,0.0,0.0,0.0,-0.014689929783344269,-0.012929409742355347
test:576,Qwen3-8B,45,benign,norm_matched,6,final,45,0.0,0.0,0.03564474359154701,0.057423077523708344,0.04822539538145065,0.0,0.0,1.0,0.0,0.0,-0.01258065178990364,-0.02177833393216133
test:2207,Qwen3-8B,45,benign,norm_matched,6,final,46,0.0,0.0,0.029032448306679726,0.04054011404514313,0.038929570466279984,0.0,0.0,1.0,0.0,0.0,-0.009897122159600258,-0.011507665738463402
test:2168,Qwen3-8B,45,benign,norm_matched,6,final,16,0.0,0.0,0.051522474735975266,0.049067962914705276,0.02239176258444786,0.0,0.0,1.0,0.0,1.0,0.029130712151527405,0.002454511821269989
test:805,Qwen3-8B,45,benign,norm_matched,6,final,50,0.0,0.0,0.010639728978276253,0.07015776634216309,0.03743727505207062,0.0,0.0,1.0,0.0,0.0,-0.026797546073794365,-0.05951803736388683
test:1197,Qwen3-8B,45,benign,norm_matched,6,final,66,0.0,0.0,0.030606724321842194,0.023731593042612076,0.021593812853097916,0.0,0.0,1.0,0.0,1.0,0.009012911468744278,0.006875131279230118
test:364,Qwen3-8B,45,benign,norm_matched,6,final,15,0.0,0.0,0.04936664178967476,0.031096089631319046,0.04715454950928688,0.0,0.0,0.0,0.0,1.0,0.0022120922803878784,0.018270552158355713
test:1644,Qwen3-8B,45,benign,norm_matched,6,final,53,0.0,0.0,0.025957779958844185,0.03148322552442551,0.03970971331000328,0.0,0.0,0.0,0.0,0.0,-0.013751933351159096,-0.005525445565581322
test:91,Qwen3-8B,45,benign,norm_matched,6,final,65,0.0,0.0,0.055250488221645355,0.04608168452978134,0.061679743230342865,0.0,0.0,0.0,0.0,0.0,-0.00642925500869751,0.009168803691864014
test:328,Qwen3-8B,45,benign,norm_matched,6,final,15,0.0,0.0,0.034872330725193024,0.03176862373948097,0.02254372276365757,0.0,0.0,1.0,0.0,1.0,0.012328607961535454,0.0031037069857120514
test:205,Qwen3-8B,45,benign,norm_matched,6,final,61,0.0,0.0,0.03737018629908562,0.045384448021650314,0.03670845180749893,0.0,0.0,1.0,0.0,1.0,0.0006617344915866852,-0.008014261722564697
test:1797,Qwen3-8B,45,benign,norm_matched,6,final,69,0.0,0.0,0.01276366040110588,0.026317769661545753,0.02208745665848255,0.0,0.0,1.0,0.0,0.0,-0.00932379625737667,-0.013554109260439873
test:1072,Qwen3-8B,45,benign,norm_matched,6,final,72,0.0,0.0,0.02980126440525055,0.041201069951057434,0.01803530752658844,0.0,0.0,1.0,0.0,1.0,0.01176595687866211,-0.011399805545806885
test:1445,Qwen3-8B,45,benign,norm_matched,6,final,38,0.0,0.0,0.07581877708435059,0.07220671325922012,0.06581086665391922,0.0,0.0,1.0,0.0,1.0,0.010007910430431366,0.0036120638251304626
test:630,Qwen3-8B,45,benign,norm_matched,6,final,54,0.0,0.0,0.0535634383559227,0.04052482172846794,0.03396992012858391,0.0,0.0,1.0,0.0,1.0,0.01959351822733879,0.013038616627454758
test:1252,Qwen3-8B,45,benign,norm_matched,6,final,65,0.0,0.0,0.03266412392258644,0.024492505937814713,0.039362430572509766,0.0,0.0,0.0,0.0,0.0,-0.006698306649923325,0.008171617984771729
test:1721,Qwen3-8B,45,benign,norm_matched,6,final,21,0.0,0.0,0.019657224416732788,0.02210959792137146,0.020747873932123184,0.0,0.0,1.0,0.0,0.0,-0.0010906495153903961,-0.002452373504638672
test:236,Qwen3-8B,45,benign,norm_matched,6,final,73,0.0,0.0,0.025077445432543755,0.05651416257023811,0.05529411882162094,0.0,0.0,1.0,0.0,0.0,-0.030216673389077187,-0.03143671713769436
test:612,Qwen3-8B,45,benign,norm_matched,6,final,42,0.0,0.0,0.022561730816960335,0.023135440424084663,0.025180598720908165,0.0,0.0,0.0,0.0,0.0,-0.00261886790394783,-0.0005737096071243286
test:354,Qwen3-8B,45,benign,norm_matched,6,final,51,0.0,0.0,0.03595034405589104,0.05962434783577919,0.04777444154024124,0.0,0.0,1.0,0.0,0.0,-0.011824097484350204,-0.023674003779888153
test:2047,Qwen3-8B,45,benign,norm_matched,6,final,34,0.0,0.0,0.04765550419688225,0.03559940308332443,0.029182162135839462,0.0,0.0,1.0,0.0,1.0,0.018473342061042786,0.012056101113557816
test:1687,Qwen3-8B,45,benign,norm_matched,6,final,74,0.0,0.0,0.01382954977452755,0.02209591306746006,0.023016884922981262,0.0,0.0,0.0,0.0,0.0,-0.009187335148453712,-0.00826636329293251
test:1787,Qwen3-8B,45,benign,norm_matched,6,final,97,0.0,0.0,0.027199849486351013,0.03150687366724014,0.040028899908065796,0.0,0.0,0.0,0.0,0.0,-0.012829050421714783,-0.00430702418088913
test:896,Qwen3-8B,45,benign,norm_matched,6,final,79,0.0,0.0,0.051824938505887985,0.04505109041929245,0.07029420137405396,0.0,0.0,0.0,0.0,0.0,-0.01846926286816597,0.006773848086595535
test:1282,Qwen3-8B,45,benign,norm_matched,6,final,15,0.0,0.0,0.027660232037305832,0.032222773879766464,0.027866756543517113,0.0,0.0,1.0,0.0,0.0,-0.00020652450621128082,-0.004562541842460632
test:1036,Qwen3-8B,45,benign,norm_matched,6,final,53,0.0,0.0,0.006786728743463755,0.017479710280895233,0.015866074711084366,0.0,0.0,1.0,0.0,0.0,-0.009079345967620611,-0.010692981537431479
test:2230,Qwen3-8B,45,benign,norm_matched,6,final,40,0.0,0.0,0.05722271651029587,0.041089288890361786,0.046100202947854996,0.0,0.0,0.0,0.0,1.0,0.011122513562440872,0.016133427619934082
test:376,Qwen3-8B,45,benign,norm_matched,6,final,57,0.0,0.0,0.036855004727840424,0.05307251587510109,0.04932393878698349,0.0,0.0,1.0,0.0,0.0,-0.012468934059143066,-0.016217511147260666
test:1544,Qwen3-8B,45,benign,norm_matched,6,final,68,0.0,0.0,0.016542308032512665,0.030310029163956642,0.027767017483711243,0.0,0.0,1.0,0.0,0.0,-0.011224709451198578,-0.013767721131443977
test:863,Qwen3-8B,45,benign,norm_matched,6,final,32,0.0,0.0,0.02867836318910122,0.04058244824409485,0.039898648858070374,0.0,0.0,1.0,0.0,0.0,-0.011220285668969154,-0.01190408505499363
test:2292,Qwen3-8B,45,benign,norm_matched,6,final,77,0.0,0.0,0.023927999660372734,0.010466779582202435,0.01677709072828293,0.0,0.0,0.0,0.0,1.0,0.007150908932089806,0.0134612200781703
test:392,Qwen3-8B,45,benign,norm_matched,6,final,45,0.0,0.0,0.04040789604187012,0.02213100716471672,0.028466351330280304,0.0,0.0,0.0,0.0,1.0,0.011941544711589813,0.018276888877153397
test:1675,Qwen3-8B,45,benign,norm_matched,6,final,70,0.0,0.0,0.01696021668612957,0.023272579535841942,0.021734239533543587,0.0,0.0,1.0,0.0,0.0,-0.004774022847414017,-0.006312362849712372
test:1718,Qwen3-8B,45,benign,norm_matched,6,final,40,0.0,0.0,0.04676787555217743,0.042125359177589417,0.04166904091835022,0.0,0.0,1.0,0.0,1.0,0.0050988346338272095,0.004642516374588013
test:1150,Qwen3-8B,45,benign,norm_matched,6,final,64,0.0,0.0,0.01601381041109562,0.014053578488528728,0.010610914789140224,0.0,0.0,1.0,0.0,1.0,0.005402895621955395,0.0019602319225668907
test:1659,Qwen3-8B,45,benign,norm_matched,6,final,38,0.0,0.0,0.030385581776499748,0.01894564926624298,0.018922319635748863,0.0,0.0,1.0,0.0,1.0,0.011463262140750885,0.011439932510256767
test:1213,Qwen3-8B,45,benign,norm_matched,6,final,23,0.0,0.0,0.0460178405046463,0.04359908401966095,0.02489594556391239,0.0,0.0,1.0,0.0,1.0,0.02112189494073391,0.0024187564849853516
test:1037,Qwen3-8B,45,benign,norm_matched,6,final,70,0.0,0.0,0.04960983246564865,0.02336476929485798,0.013749729841947556,0.0,0.0,1.0,0.0,1.0,0.035860102623701096,0.026245063170790672
test:1201,Qwen3-8B,45,benign,norm_matched,6,final,73,0.0,0.0,0.025541452690958977,0.04780704155564308,0.03591059148311615,0.0,0.0,1.0,0.0,0.0,-0.010369138792157173,-0.022265588864684105
test:1093,Qwen3-8B,45,benign,norm_matched,6,final,15,0.0,0.0,0.03657511621713638,0.04129748046398163,0.030604345723986626,0.0,0.0,1.0,0.0,1.0,0.005970770493149757,-0.004722364246845245
test:37,Qwen3-8B,45,benign,norm_matched,6,final,37,0.0,0.0,0.04438915103673935,0.07070042192935944,0.040690869092941284,0.0,0.0,1.0,0.0,1.0,0.003698281943798065,-0.026311270892620087
test:785,Qwen3-8B,45,benign,norm_matched,6,final,3,0.0,0.0,0.045789070427417755,0.042697418481111526,0.04079759865999222,0.0,0.0,1.0,0.0,1.0,0.004991471767425537,0.0030916519463062286
test:1842,Qwen3-8B,45,benign,norm_matched,6,final,63,0.0,0.0,0.033529095351696014,0.04115334525704384,0.03280927240848541,0.0,0.0,1.0,0.0,1.0,0.0007198229432106018,-0.007624249905347824
test:1860,Qwen3-8B,45,benign,norm_matched,6,final,43,0.0,0.0,0.028076568618416786,0.019270537421107292,0.009800916537642479,0.0,0.0,1.0,0.0,1.0,0.018275652080774307,0.008806031197309494
test:963,Qwen3-8B,45,benign,norm_matched,6,final,38,0.0,0.0,0.06355655938386917,0.06303268671035767,0.025236312299966812,0.0,0.0,1.0,0.0,1.0,0.03832024708390236,0.0005238726735115051
test:827,Qwen3-8B,45,benign,norm_matched,6,final,53,0.0,0.0,0.028927434235811234,0.028239857405424118,0.02743643708527088,0.0,0.0,1.0,0.0,1.0,0.0014909971505403519,0.0006875768303871155
test:17,Qwen3-8B,45,benign,norm_matched,6,final,80,0.0,0.0,0.022138964384794235,0.031544994562864304,0.047630295157432556,0.0,0.0,0.0,0.0,0.0,-0.02549133077263832,-0.009406030178070068
test:1937,Qwen3-8B,45,benign,norm_matched,6,final,82,0.0,0.0,0.03063932992517948,0.03694571182131767,0.03979525342583656,0.0,0.0,0.0,0.0,0.0,-0.009155923500657082,-0.006306381896138191
test:765,Qwen3-8B,45,benign,norm_matched,6,final,38,0.0,0.0,0.07157976180315018,0.05672203004360199,0.048937827348709106,0.0,0.0,1.0,0.0,1.0,0.02264193445444107,0.014857731759548187
test:2008,Qwen3-8B,45,benign,norm_matched,6,final,101,0.0,0.0,0.03021577186882496,0.036794260144233704,0.04102177545428276,0.0,0.0,0.0,0.0,0.0,-0.010806003585457802,-0.006578488275408745
test:520,Qwen3-8B,45,benign,norm_matched,6,final,27,0.0,0.0,0.04209252819418907,0.04351745918393135,0.03401812165975571,0.0,0.0,1.0,0.0,1.0,0.008074406534433365,-0.001424930989742279
test:1124,Qwen3-8B,45,benign,norm_matched,6,final,24,0.0,0.0,0.03633812814950943,0.016539668664336205,0.015536499209702015,0.0,0.0,1.0,0.0,1.0,0.020801628939807415,0.019798459485173225
test:459,Qwen3-8B,45,benign,norm_matched,6,final,29,0.0,0.0,0.003235909389331937,0.030198542401194572,0.02923225238919258,0.0,0.0,1.0,0.0,0.0,-0.025996342999860644,-0.026962633011862636
test:177,Qwen3-8B,45,benign,norm_matched,6,final,100,0.0,0.0,0.01960957609117031,0.026380395516753197,0.024590233340859413,0.0,0.0,1.0,0.0,0.0,-0.004980657249689102,-0.006770819425582886
test:192,Qwen3-8B,45,benign,norm_matched,6,final,71,0.0,0.0,0.047160856425762177,0.03440627083182335,0.04298889636993408,0.0,0.0,0.0,0.0,1.0,0.0041719600558280945,0.012754585593938828
test:2160,Qwen3-8B,45,benign,norm_matched,6,final,87,0.0,0.0,0.03729252144694328,0.03798448294401169,0.031420327723026276,0.0,0.0,1.0,0.0,1.0,0.0058721937239170074,-0.0006919614970684052
test:1617,Qwen3-8B,45,benign,norm_matched,6,final,53,0.0,0.0,0.014835319481790066,0.016930945217609406,0.012295149266719818,0.0,0.0,1.0,0.0,1.0,0.0025401702150702477,-0.0020956257358193398
test:100,Qwen3-8B,45,benign,norm_matched,6,final,10,0.0,0.0,0.02690877579152584,0.042587798088788986,0.037534233182668686,0.0,0.0,1.0,0.0,0.0,-0.010625457391142845,-0.015679022297263145
test:693,Qwen3-8B,45,benign,norm_matched,6,final,72,0.0,0.0,0.03822558373212814,0.03292861953377724,0.030070835724473,0.0,0.0,1.0,0.0,1.0,0.008154748007655144,0.005296964198350906
test:195,Qwen3-8B,45,benign,norm_matched,6,final,29,0.0,0.0,0.01399988867342472,0.015635831281542778,0.01548827439546585,0.0,0.0,1.0,0.0,0.0,-0.00148838572204113,-0.0016359426081180573
test:114,Qwen3-8B,45,benign,norm_matched,6,final,89,0.0,0.0,0.03555433079600334,0.03163721412420273,0.031230786815285683,0.0,0.0,1.0,0.0,1.0,0.004323543980717659,0.003917116671800613
test:2205,Qwen3-8B,45,benign,norm_matched,6,final,87,0.0,0.0,0.038392312824726105,0.036767035722732544,0.040840502828359604,0.0,0.0,0.0,0.0,0.0,-0.002448190003633499,0.0016252771019935608
test:1380,Qwen3-8B,45,benign,norm_matched,6,final,102,0.0,0.0,0.04258101060986519,0.04202079400420189,0.04231655225157738,0.0,0.0,0.0,0.0,1.0,0.0002644583582878113,0.0005602166056632996
test:668,Qwen3-8B,45,benign,norm_matched,6,final,111,0.0,0.0,0.012401754036545753,0.024495305493474007,0.015869541093707085,0.0,0.0,1.0,0.0,0.0,-0.003467787057161331,-0.012093551456928253
test:874,Qwen3-8B,45,benign,norm_matched,6,final,20,0.0,0.0,0.04699819162487984,0.05121135711669922,0.043307073414325714,0.0,0.0,1.0,0.0,1.0,0.003691118210554123,-0.004213165491819382
test:1824,Qwen3-8B,45,benign,norm_matched,6,final,66,0.0,0.0,0.024665579199790955,0.030458109453320503,0.01124571356922388,0.0,0.0,1.0,0.0,1.0,0.013419865630567074,-0.005792530253529549
test:1248,Qwen3-8B,45,benign,norm_matched,6,final,79,0.0,0.0,0.0678650438785553,0.045304179191589355,0.0015171492705121636,0.0,0.0,1.0,0.0,1.0,0.06634789460804313,0.022560864686965942
test:714,Qwen3-8B,45,benign,norm_matched,6,final,65,0.0,0.0,0.03105504810810089,0.04728521406650543,0.03592139109969139,0.0,0.0,1.0,0.0,0.0,-0.0048663429915905,-0.01623016595840454
test:133,Qwen3-8B,45,benign,norm_matched,6,final,56,0.0,0.0,0.016604769974946976,0.01749473065137863,0.013299395330250263,0.0,0.0,1.0,0.0,1.0,0.0033053746446967125,-0.0008899606764316559
test:162,Qwen3-8B,45,benign,norm_matched,6,final,108,0.0,0.0,0.02831515111029148,0.038535457104444504,0.03981546312570572,0.0,0.0,0.0,0.0,0.0,-0.011500312015414238,-0.010220305994153023
test:2079,Qwen3-8B,45,benign,norm_matched,6,final,103,0.0,0.0,0.015431534498929977,0.021732566878199577,0.019817078486084938,0.0,0.0,1.0,0.0,0.0,-0.004385543987154961,-0.0063010323792696
test:1795,Qwen3-8B,45,benign,norm_matched,6,final,70,0.0,0.0,0.014192004688084126,0.03709864988923073,0.026917263865470886,0.0,0.0,1.0,0.0,0.0,-0.01272525917738676,-0.022906645201146603
test:1760,Qwen3-8B,45,benign,norm_matched,6,final,87,0.0,0.0,0.029476642608642578,0.01980210654437542,0.02094239741563797,0.0,0.0,0.0,0.0,1.0,0.008534245193004608,0.009674536064267159
test:1424,Qwen3-8B,45,benign,norm_matched,6,final,99,0.0,0.0,0.0249935369938612,0.03208855912089348,0.023851264268159866,0.0,0.0,1.0,0.0,1.0,0.001142272725701332,-0.00709502212703228
test:62,Qwen3-8B,45,benign,norm_matched,6,final,121,0.0,0.0,0.025346074253320694,0.03568577021360397,0.018724555149674416,0.0,0.0,1.0,0.0,1.0,0.006621519103646278,-0.01033969596028328
test:522,Qwen3-8B,45,benign,norm_matched,6,final,10,0.0,0.0,0.056164421141147614,0.05341830104589462,0.04647373780608177,0.0,0.0,1.0,0.0,1.0,0.009690683335065842,0.0027461200952529907
test:1227,Qwen3-8B,45,benign,norm_matched,6,final,38,0.0,0.0,0.05149321258068085,0.04681151360273361,0.04481379687786102,0.0,0.0,1.0,0.0,1.0,0.006679415702819824,0.004681698977947235
test:397,Qwen3-8B,45,benign,norm_matched,6,final,94,0.0,0.0,0.017647508531808853,0.01863616146147251,0.015454663895070553,0.0,0.0,1.0,0.0,1.0,0.0021928446367383003,-0.0009886529296636581
test:374,Qwen3-8B,45,benign,norm_matched,6,final,39,0.0,0.0,0.025227563455700874,0.027998296543955803,0.03173096477985382,0.0,0.0,0.0,0.0,0.0,-0.0065034013241529465,-0.0027707330882549286
test:1078,Qwen3-8B,45,benign,norm_matched,6,final,35,0.0,0.0,0.03758067265152931,0.029466120526194572,0.03451651334762573,0.0,0.0,0.0,0.0,1.0,0.0030641593039035797,0.00811455212533474
test:1664,Qwen3-8B,45,benign,norm_matched,6,final,55,0.0,0.0,0.042318832129240036,0.03640042245388031,0.029690224677324295,0.0,0.0,1.0,0.0,1.0,0.012628607451915741,0.005918409675359726
test:1818,Qwen3-8B,45,benign,norm_matched,6,final,10,0.0,0.0,0.04308716952800751,0.039484765380620956,0.03346621245145798,0.0,0.0,1.0,0.0,1.0,0.00962095707654953,0.003602404147386551
test:1246,Qwen3-8B,45,benign,norm_matched,6,final,102,0.0,0.0,0.04090554267168045,0.044632624834775925,0.050974033772945404,0.0,0.0,0.0,0.0,0.0,-0.010068491101264954,-0.0037270821630954742
test:1887,Qwen3-8B,45,benign,norm_matched,6,final,99,0.0,0.0,0.017719972878694534,0.01646612584590912,0.019997280091047287,0.0,0.0,0.0,0.0,0.0,-0.0022773072123527527,0.0012538470327854156
test:1623,Qwen3-8B,45,benign,norm_matched,6,final,108,0.0,0.0,0.041102439165115356,0.02869616448879242,0.031508032232522964,0.0,0.0,0.0,0.0,1.0,0.009594406932592392,0.012406274676322937
test:196,Qwen3-8B,45,benign,norm_matched,6,final,23,0.0,0.0,0.054259803146123886,0.04744129627943039,0.050325408577919006,0.0,0.0,0.0,0.0,1.0,0.00393439456820488,0.006818506866693497
test:1899,Qwen3-8B,45,benign,norm_matched,6,final,26,0.0,0.0,0.02078619971871376,0.022008487954735756,0.021332111209630966,0.0,0.0,1.0,0.0,0.0,-0.0005459114909172058,-0.0012222882360219955
test:1208,Qwen3-8B,45,benign,norm_matched,6,final,106,0.0,0.0,0.027211366221308708,0.033550016582012177,0.029105059802532196,0.0,0.0,1.0,0.0,0.0,-0.0018936935812234879,-0.006338650360703468
test:1441,Qwen3-8B,45,benign,norm_matched,6,final,109,0.0,0.0,0.03800203278660774,0.05181339383125305,0.021747170016169548,0.0,0.0,1.0,0.0,1.0,0.016254862770438194,-0.01381136104464531
test:1102,Qwen3-8B,45,benign,norm_matched,6,final,103,0.0,0.0,0.05347428098320961,0.04104384034872055,0.0398552305996418,0.0,0.0,1.0,0.0,1.0,0.01361905038356781,0.01243044063448906
test:76,Qwen3-8B,45,benign,norm_matched,6,final,23,0.0,0.0,0.02663847617805004,0.027228238061070442,0.016986127942800522,0.0,0.0,1.0,0.0,1.0,0.00965234823524952,-0.000589761883020401
test:1855,Qwen3-8B,45,benign,norm_matched,6,final,25,0.0,0.0,0.04948066920042038,0.035768069326877594,0.04020359367132187,0.0,0.0,0.0,0.0,1.0,0.00927707552909851,0.013712599873542786
test:1652,Qwen3-8B,45,benign,norm_matched,6,final,129,0.0,0.0,0.03575414419174194,0.04584162309765816,0.049088094383478165,0.0,0.0,0.0,0.0,0.0,-0.013333950191736221,-0.010087478905916214
test:355,Qwen3-8B,45,benign,norm_matched,6,final,83,0.0,0.0,0.043903470039367676,0.020613476634025574,0.019033605232834816,0.0,0.0,1.0,0.0,1.0,0.02486986480653286,0.023289993405342102
test:2144,Qwen3-8B,45,benign,norm_matched,6,final,54,0.0,0.0,0.0111687071621418,0.031340133398771286,0.019333908334374428,0.0,0.0,1.0,0.0,0.0,-0.008165201172232628,-0.020171426236629486
test:210,Qwen3-8B,45,benign,norm_matched,6,final,13,0.0,0.0,0.013016615994274616,0.02434711530804634,0.023544324561953545,0.0,0.0,1.0,0.0,0.0,-0.010527708567678928,-0.011330499313771725
test:1713,Qwen3-8B,45,benign,norm_matched,6,final,104,0.0,0.0,0.019196556881070137,0.02339143492281437,0.0362585186958313,0.0,0.0,0.0,0.0,0.0,-0.017061961814761162,-0.004194878041744232
test:1574,Qwen3-8B,45,benign,norm_matched,6,final,145,0.0,0.0,0.038099441677331924,0.027601858600974083,0.04280906170606613,0.0,0.0,0.0,0.0,0.0,-0.004709620028734207,0.010497583076357841
test:1488,Qwen3-8B,45,benign,norm_matched,6,final,121,0.0,0.0,0.018728984519839287,0.020287062972784042,0.02763660065829754,0.0,0.0,0.0,0.0,0.0,-0.008907616138458252,-0.0015580784529447556
test:1868,Qwen3-8B,45,benign,norm_matched,6,final,146,0.0,0.0,0.0216932762414217,0.021604401990771294,0.02594667673110962,0.0,0.0,0.0,0.0,0.0,-0.00425340048968792,8.887425065040588e-05
test:2233,Qwen3-8B,45,benign,norm_matched,6,final,94,0.0,0.0,0.039320722222328186,0.05528062582015991,0.07279399782419205,0.0,0.0,0.0,0.0,0.0,-0.03347327560186386,-0.015959903597831726
test:692,Qwen3-8B,45,benign,norm_matched,6,final,45,0.0,0.0,0.06269616633653641,0.03745220601558685,0.03848736733198166,0.0,0.0,0.0,0.0,1.0,0.02420879900455475,0.025243960320949554
test:1732,Qwen3-8B,45,benign,norm_matched,6,final,3,0.0,0.0,0.05457291752099991,0.060607343912124634,0.03425855562090874,0.0,0.0,1.0,0.0,1.0,0.02031436190009117,-0.006034426391124725
test:1002,Qwen3-8B,45,benign,norm_matched,6,final,57,0.0,0.0,0.020937424153089523,0.012768340297043324,0.03668024390935898,0.0,0.0,0.0,0.0,0.0,-0.015742819756269455,0.0081690838560462
test:1607,Qwen3-8B,45,benign,norm_matched,6,final,32,0.0,0.0,0.051715243607759476,0.010678359307348728,0.014076083898544312,0.0,0.0,0.0,0.0,1.0,0.037639159709215164,0.04103688430041075
test:1123,Qwen3-8B,45,benign,norm_matched,6,final,73,0.0,0.0,0.02616056427359581,0.026326632127165794,0.022154562175273895,0.0,0.0,1.0,0.0,1.0,0.004006002098321915,-0.00016606785356998444
test:120,Qwen3-8B,45,benign,norm_matched,6,final,105,0.0,0.0,0.02215585857629776,0.04425707831978798,0.0493888333439827,0.0,0.0,0.0,0.0,0.0,-0.027232974767684937,-0.02210121974349022
test:652,Qwen3-8B,45,benign,norm_matched,6,final,63,0.0,0.0,0.036134812980890274,0.028437476605176926,0.03517518192529678,0.0,0.0,0.0,0.0,1.0,0.0009596310555934906,0.007697336375713348
test:850,Qwen3-8B,45,benign,norm_matched,6,final,124,0.0,0.0,0.022229058668017387,0.031679730862379074,0.036088570952415466,0.0,0.0,0.0,0.0,0.0,-0.013859512284398079,-0.009450672194361687
test:1633,Qwen3-8B,45,benign,norm_matched,6,final,156,0.0,0.0,0.014216640032827854,0.030375860631465912,0.03204607963562012,0.0,0.0,0.0,0.0,0.0,-0.017829439602792263,-0.016159220598638058
test:1126,Qwen3-8B,45,benign,norm_matched,6,final,35,0.0,0.0,0.053835101425647736,0.06772703677415848,0.05800674483180046,0.0,0.0,1.0,0.0,0.0,-0.004171643406152725,-0.013891935348510742
test:2130,Qwen3-8B,45,benign,norm_matched,6,final,84,0.0,0.0,0.04166187718510628,0.02573155239224434,0.026581326499581337,0.0,0.0,0.0,0.0,1.0,0.01508055068552494,0.01593032479286194
test:1982,Qwen3-8B,45,benign,norm_matched,6,final,77,0.0,0.0,0.01165976282209158,0.015600311569869518,0.015360087156295776,0.0,0.0,1.0,0.0,0.0,-0.003700324334204197,-0.003940548747777939
test:941,Qwen3-8B,45,benign,norm_matched,6,final,141,0.0,0.0,0.03354165703058243,0.02343733049929142,0.05888930708169937,0.0,0.0,0.0,0.0,0.0,-0.025347650051116943,0.010104326531291008
test:1038,Qwen3-8B,45,benign,norm_matched,6,final,182,0.0,0.0,0.020166143774986267,0.024641022086143494,0.02725192718207836,0.0,0.0,0.0,0.0,0.0,-0.007085783407092094,-0.0044748783111572266
test:359,Qwen3-8B,45,benign,norm_matched,6,final,97,0.0,0.0,0.052193041890859604,0.03133486211299896,0.03780696541070938,0.0,0.0,0.0,0.0,1.0,0.014386076480150223,0.02085817977786064
test:1015,Qwen3-8B,45,benign,norm_matched,6,final,73,0.0,0.0,0.026831582188606262,0.026449380442500114,0.029796099290251732,0.0,0.0,0.0,0.0,0.0,-0.0029645171016454697,0.00038220174610614777
test:680,Qwen3-8B,45,benign,norm_matched,6,final,67,0.0,0.0,0.025446763262152672,0.02218613773584366,0.0185347069054842,0.0,0.0,1.0,0.0,1.0,0.006912056356668472,0.0032606255263090134
test:1240,Qwen3-8B,45,benign,norm_matched,6,final,166,0.0,0.0,0.02301233820617199,0.043346717953681946,0.04200941324234009,0.0,0.0,1.0,0.0,0.0,-0.0189970750361681,-0.020334379747509956
test:1330,Qwen3-8B,45,benign,norm_matched,6,final,54,0.0,0.0,0.036077264696359634,0.03229430317878723,0.028479333966970444,0.0,0.0,1.0,0.0,1.0,0.007597930729389191,0.003782961517572403
test:544,Qwen3-8B,45,benign,norm_matched,6,final,154,0.0,0.0,0.028786031529307365,0.039825282990932465,0.03886754438281059,0.0,0.0,1.0,0.0,0.0,-0.010081512853503227,-0.0110392514616251
test:695,Qwen3-8B,45,benign,norm_matched,6,final,141,0.0,0.0,0.01728762686252594,0.03462814912199974,0.02871314063668251,0.0,0.0,1.0,0.0,0.0,-0.01142551377415657,-0.0173405222594738
test:1019,Qwen3-8B,45,benign,norm_matched,6,final,27,0.0,0.0,0.050011083483695984,0.030834488570690155,0.0304853692650795,0.0,0.0,1.0,0.0,1.0,0.019525714218616486,0.01917659491300583
test:2172,Qwen3-8B,45,benign,norm_matched,6,final,26,0.0,0.0,0.06601406633853912,0.08633050322532654,0.06197468191385269,0.0,0.0,1.0,0.0,1.0,0.004039384424686432,-0.020316436886787415
test:446,Qwen3-8B,45,benign,norm_matched,6,final,10,0.0,0.0,0.05574094131588936,0.018311403691768646,0.0513102151453495,0.0,0.0,0.0,0.0,1.0,0.004430726170539856,0.03742953762412071
test:7,Qwen3-8B,45,benign,norm_matched,6,final,64,0.0,0.0,0.0140264006331563,0.014029642567038536,0.015029540285468102,0.0,0.0,0.0,0.0,0.0,-0.001003139652311802,-3.2419338822364807e-06
test:1589,Qwen3-8B,45,benign,norm_matched,6,final,47,0.0,0.0,0.02556278556585312,0.03172814100980759,0.029096750542521477,0.0,0.0,1.0,0.0,0.0,-0.003533964976668358,-0.006165355443954468
test:1087,Qwen3-8B,45,benign,norm_matched,6,final,15,0.0,0.0,0.054390616714954376,0.05046980828046799,0.0521598719060421,0.0,0.0,0.0,0.0,1.0,0.0022307448089122772,0.003920808434486389
test:603,Qwen3-8B,45,benign,norm_matched,6,final,166,0.0,0.0,0.012340527027845383,0.017806386575102806,0.026213843375444412,0.0,0.0,0.0,0.0,0.0,-0.01387331634759903,-0.005465859547257423
test:1608,Qwen3-8B,45,benign,norm_matched,6,final,168,0.0,0.0,0.026594253256917,0.031852301210165024,0.02368340641260147,0.0,0.0,1.0,0.0,1.0,0.002910846844315529,-0.005258047953248024
test:774,Qwen3-8B,45,benign,norm_matched,6,final,65,0.0,0.0,0.02303454466164112,0.02276451140642166,0.022209906950592995,0.0,0.0,1.0,0.0,1.0,0.0008246377110481262,0.00027003325521945953
test:1996,Qwen3-8B,45,benign,norm_matched,6,final,10,0.0,0.0,0.045532695949077606,0.035277266055345535,0.02914772927761078,0.0,0.0,1.0,0.0,1.0,0.016384966671466827,0.010255429893732071
test:2221,Qwen3-8B,45,benign,norm_matched,6,final,69,0.0,0.0,0.03796606883406639,0.034367885440588,0.04109180346131325,0.0,0.0,0.0,0.0,0.0,-0.0031257346272468567,0.0035981833934783936
test:1313,Qwen3-8B,45,benign,norm_matched,6,final,38,0.0,0.0,0.057541340589523315,0.043404094874858856,0.0364898256957531,0.0,0.0,1.0,0.0,1.0,0.021051514893770218,0.01413724571466446
test:1515,Qwen3-8B,45,benign,norm_matched,6,final,158,0.0,0.0,0.01692037470638752,0.030419640243053436,0.03410397842526436,0.0,0.0,0.0,0.0,0.0,-0.01718360371887684,-0.013499265536665916
test:1418,Qwen3-8B,45,benign,norm_matched,6,final,185,0.0,0.0,0.01847255602478981,0.03530656173825264,0.033098701387643814,0.0,0.0,1.0,0.0,0.0,-0.014626145362854004,-0.01683400571346283
test:999,Qwen3-8B,45,benign,norm_matched,6,final,164,0.0,0.0,0.019017135724425316,0.03660110756754875,0.01995086297392845,0.0,0.0,1.0,0.0,0.0,-0.0009337272495031357,-0.017583971843123436
test:1431,Qwen3-8B,45,benign,norm_matched,6,final,193,0.0,0.0,0.01702130399644375,0.024643322452902794,0.029579220339655876,0.0,0.0,0.0,0.0,0.0,-0.012557916343212128,-0.007622018456459045
test:702,Qwen3-8B,45,benign,norm_matched,6,final,192,0.0,0.0,0.021458754315972328,0.031053630635142326,0.03446730971336365,0.0,0.0,0.0,0.0,0.0,-0.01300855539739132,-0.009594876319169998
test:111,Qwen3-8B,45,benign,norm_matched,6,final,201,0.0,0.0,0.05411543324589729,0.06068383529782295,0.04446542263031006,0.0,0.0,1.0,0.0,1.0,0.009650010615587234,-0.006568402051925659
test:1039,Qwen3-8B,45,benign,norm_matched,6,final,113,0.0,0.0,0.055220041424036026,0.025209501385688782,0.031210333108901978,0.0,0.0,0.0,0.0,1.0,0.02400970831513405,0.030010540038347244
test:586,Qwen3-8B,45,benign,norm_matched,6,final,33,0.0,0.0,0.055087700486183167,0.048097334802150726,0.011467620730400085,0.0,0.0,1.0,0.0,1.0,0.04362007975578308,0.00699036568403244
test:733,Qwen3-8B,45,benign,norm_matched,6,final,15,0.0,0.0,0.035201095044612885,0.035845983773469925,0.03137714043259621,0.0,0.0,1.0,0.0,1.0,0.003823954612016678,-0.0006448887288570404
test:562,Qwen3-8B,45,benign,norm_matched,6,final,48,0.0,0.0,0.05857593193650246,0.03134762495756149,-0.00046938774175941944,0.0,0.0,1.0,0.0,1.0,0.059045319678261876,0.027228306978940964
test:367,Qwen3-8B,45,benign,norm_matched,6,final,38,0.0,0.0,0.019593320786952972,0.025999369099736214,0.01384661253541708,0.0,0.0,1.0,0.0,1.0,0.0057467082515358925,-0.006406048312783241
test:2093,Qwen3-8B,45,benign,norm_matched,6,final,100,0.0,0.0,0.04193561151623726,0.044616714119911194,0.04153711348772049,0.0,0.0,1.0,0.0,1.0,0.0003984980285167694,-0.002681102603673935
test:298,Qwen3-8B,45,benign,norm_matched,6,final,38,0.0,0.0,0.07092579454183578,0.03160490095615387,0.03343015909194946,0.0,0.0,0.0,0.0,1.0,0.03749563544988632,0.039320893585681915
test:618,Qwen3-8B,45,benign,norm_matched,6,final,51,0.0,0.0,0.02292785793542862,0.020447954535484314,0.015347568318247795,0.0,0.0,1.0,0.0,1.0,0.007580289617180824,0.0024799033999443054
test:213,Qwen3-8B,45,benign,norm_matched,6,final,32,0.0,0.0,0.06971311569213867,0.05578002706170082,0.02882612682878971,0.0,0.0,1.0,0.0,1.0,0.04088698886334896,0.013933088630437851
test:1770,Qwen3-8B,45,benign,norm_matched,6,final,56,0.0,0.0,0.02029014751315117,0.021050570532679558,0.009758824482560158,0.0,0.0,1.0,0.0,1.0,0.010531323030591011,-0.000760423019528389
test:784,Qwen3-8B,45,benign,norm_matched,6,final,51,0.0,0.0,0.047905825078487396,0.051401518285274506,0.05152948200702667,0.0,0.0,0.0,0.0,0.0,-0.003623656928539276,-0.0034956932067871094
test:748,Qwen3-8B,45,benign,norm_matched,6,final,174,0.0,0.0,0.009153771214187145,0.019002795219421387,0.01583894155919552,0.0,0.0,1.0,0.0,0.0,-0.006685170345008373,-0.009849024005234241
test:691,Qwen3-8B,45,benign,norm_matched,6,final,171,0.0,0.0,0.07304711639881134,0.07333496958017349,0.07758796215057373,0.0,0.0,0.0,0.0,0.0,-0.00454084575176239,-0.0002878531813621521
test:1521,Qwen3-8B,45,benign,norm_matched,6,final,149,0.0,0.0,0.01097465492784977,0.024079149588942528,0.02293907105922699,0.0,0.0,1.0,0.0,0.0,-0.01196441613137722,-0.013104494661092758
test:153,Qwen3-8B,45,benign,norm_matched,6,final,41,0.0,0.0,0.04054293408989906,0.031286630779504776,0.040125772356987,0.0,0.0,0.0,0.0,1.0,0.0004171617329120636,0.009256303310394287
test:1145,Qwen3-8B,45,benign,norm_matched,6,final,42,0.0,0.0,0.07210446894168854,0.04901095852255821,0.04536941647529602,0.0,0.0,1.0,0.0,1.0,0.026735052466392517,0.023093510419130325
test:1941,Qwen3-8B,45,benign,norm_matched,6,final,200,0.0,0.0,0.030025767162442207,0.03575668856501579,0.03313988447189331,0.0,0.0,1.0,0.0,0.0,-0.003114117309451103,-0.0057309214025735855
test:128,Qwen3-8B,45,benign,norm_matched,6,final,227,0.0,0.0,0.01844257488846779,0.027504287660121918,0.03508080914616585,0.0,0.0,0.0,0.0,0.0,-0.01663823425769806,-0.009061712771654129
test:499,Qwen3-8B,45,benign,norm_matched,6,final,31,0.0,0.0,0.03647802770137787,0.018387366086244583,0.01722164824604988,0.0,0.0,1.0,0.0,1.0,0.019256379455327988,0.018090661615133286
test:869,Qwen3-8B,45,benign,norm_matched,6,final,25,0.0,0.0,0.03255734592676163,0.02983703278005123,0.01264268346130848,0.0,0.0,1.0,0.0,1.0,0.019914662465453148,0.002720313146710396
test:1236,Qwen3-8B,45,benign,norm_matched,6,final,118,0.0,0.0,0.024472538381814957,0.03589646518230438,0.029405152425169945,0.0,0.0,1.0,0.0,0.0,-0.004932614043354988,-0.011423926800489426
test:1870,Qwen3-8B,45,benign,norm_matched,6,final,220,0.0,0.0,0.020514382049441338,0.022617213428020477,0.0237162783741951,0.0,0.0,0.0,0.0,0.0,-0.0032018963247537613,-0.0021028313785791397
test:1310,Qwen3-8B,45,benign,norm_matched,6,final,273,0.0,0.0,0.03617049753665924,0.039855387061834335,0.04417217895388603,0.0,0.0,0.0,0.0,0.0,-0.008001681417226791,-0.0036848895251750946
test:1221,Qwen3-8B,45,benign,norm_matched,6,final,118,0.0,0.0,0.02581985481083393,0.02053280733525753,0.0224005039781332,0.0,0.0,0.0,0.0,1.0,0.0034193508327007294,0.005287047475576401
test:257,Qwen3-8B,45,benign,norm_matched,6,final,69,0.0,0.0,0.021825257688760757,0.02625417336821556,0.028815584257245064,0.0,0.0,0.0,0.0,0.0,-0.006990326568484306,-0.0044289156794548035
test:1513,Qwen3-8B,45,benign,norm_matched,6,final,198,0.0,0.0,0.02603662945330143,0.019915973767638206,0.025100070983171463,0.0,0.0,0.0,0.0,1.0,0.0009365584701299667,0.006120655685663223
test:553,Qwen3-8B,45,benign,norm_matched,6,final,104,0.0,0.0,0.04872625321149826,0.0492524690926075,0.004144221544265747,0.0,0.0,1.0,0.0,1.0,0.04458203166723251,-0.0005262158811092377
test:1881,Qwen3-8B,45,benign,norm_matched,6,final,23,0.0,0.0,0.051865171641111374,0.05140937864780426,0.0469571016728878,0.0,0.0,1.0,0.0,1.0,0.004908069968223572,0.00045579299330711365
test:2262,Qwen3-8B,45,benign,norm_matched,6,final,94,0.0,0.0,0.05625391751527786,0.032803162932395935,0.03239752724766731,0.0,0.0,1.0,0.0,1.0,0.02385639026761055,0.023450754582881927
test:911,Qwen3-8B,45,benign,norm_matched,6,final,34,0.0,0.0,0.04334386810660362,0.05438019707798958,0.035656969994306564,0.0,0.0,1.0,0.0,1.0,0.007686898112297058,-0.011036328971385956
test:1947,Qwen3-8B,45,benign,norm_matched,6,final,28,0.0,0.0,0.042442627251148224,0.042582765221595764,0.03969439119100571,0.0,0.0,1.0,0.0,1.0,0.002748236060142517,-0.00014013797044754028
test:675,Qwen3-8B,45,benign,norm_matched,6,final,54,0.0,0.0,0.036897677928209305,0.04574866592884064,0.029057087376713753,0.0,0.0,1.0,0.0,1.0,0.007840590551495552,-0.008850988000631332
test:979,Qwen3-8B,45,benign,norm_matched,6,final,116,0.0,0.0,0.034203968942165375,0.025272274389863014,0.03481375798583031,0.0,0.0,0.0,0.0,0.0,-0.0006097890436649323,0.00893169455230236
test:783,Qwen3-8B,45,benign,norm_matched,6,final,250,0.0,0.0,0.04815315827727318,0.05469164624810219,0.05669013038277626,0.0,0.0,0.0,0.0,0.0,-0.008536972105503082,-0.00653848797082901
test:2149,Qwen3-8B,45,benign,norm_matched,6,final,234,0.0,0.0,0.020202457904815674,0.04798242449760437,0.030489496886730194,0.0,0.0,1.0,0.0,0.0,-0.01028703898191452,-0.027779966592788696
test:1231,Qwen3-8B,45,benign,norm_matched,6,final,213,0.0,0.0,0.013185952790081501,0.028346046805381775,0.018615128472447395,0.0,0.0,1.0,0.0,0.0,-0.005429175682365894,-0.015160094015300274
test:68,Qwen3-8B,45,benign,norm_matched,6,final,49,0.0,0.0,0.061119209975004196,0.045228905975818634,0.04819967597723007,0.0,0.0,0.0,0.0,1.0,0.012919533997774124,0.015890303999185562
test:180,Qwen3-8B,45,benign,norm_matched,6,final,38,0.0,0.0,0.01721085049211979,0.01634923182427883,0.014757297933101654,0.0,0.0,1.0,0.0,1.0,0.002453552559018135,0.0008616186678409576
test:2034,Qwen3-8B,45,benign,norm_matched,6,final,4,0.0,0.0,0.03607134521007538,0.035508617758750916,0.03852696344256401,0.0,0.0,0.0,0.0,0.0,-0.002455618232488632,0.0005627274513244629
test:1007,Qwen3-8B,45,benign,norm_matched,6,final,27,0.0,0.0,0.07075267285108566,0.046674471348524094,0.04536779224872589,0.0,0.0,1.0,0.0,1.0,0.02538488060235977,0.02407820150256157
test:1917,Qwen3-8B,45,benign,norm_matched,6,final,225,0.0,0.0,0.024318527430295944,0.02839893475174904,0.02954145520925522,0.0,0.0,0.0,0.0,0.0,-0.005222927778959274,-0.0040804073214530945
test:1869,Qwen3-8B,45,benign,norm_matched,6,final,40,0.0,0.0,0.04740205407142639,0.05381469056010246,0.010453087277710438,0.0,0.0,1.0,0.0,1.0,0.036948966793715954,-0.006412636488676071
test:1819,Qwen3-8B,45,benign,norm_matched,6,final,244,0.0,0.0,0.01709989458322525,0.055540814995765686,0.029356610029935837,0.0,0.0,1.0,0.0,0.0,-0.012256715446710587,-0.038440920412540436
test:225,Qwen3-8B,45,benign,norm_matched,6,final,114,0.0,0.0,0.032348912209272385,0.029606230556964874,0.025335364043712616,0.0,0.0,1.0,0.0,1.0,0.007013548165559769,0.0027426816523075104
test:1978,Qwen3-8B,45,benign,norm_matched,6,final,280,0.0,0.0,0.05900522321462631,0.07490245997905731,0.08392030000686646,0.0,0.0,0.0,0.0,0.0,-0.024915076792240143,-0.015897236764431
test:1849,Qwen3-8B,45,benign,norm_matched,6,final,34,0.0,0.0,0.035766929388046265,0.030934378504753113,0.029329700395464897,0.0,0.0,1.0,0.0,1.0,0.0064372289925813675,0.004832550883293152
test:1267,Qwen3-8B,45,benign,norm_matched,6,final,258,0.0,0.0,0.013015775941312313,0.029304075986146927,0.025785543024539948,0.0,0.0,1.0,0.0,0.0,-0.012769767083227634,-0.016288300044834614
test:2014,Qwen3-8B,45,benign,norm_matched,6,final,10,0.0,0.0,0.05387834459543228,0.04973631724715233,0.042747434228658676,0.0,0.0,1.0,0.0,1.0,0.011130910366773605,0.004142027348279953
test:747,Qwen3-8B,45,benign,norm_matched,6,final,172,0.0,0.0,0.05191351845860481,0.05074356868863106,0.04634206369519234,0.0,0.0,1.0,0.0,1.0,0.005571454763412476,0.0011699497699737549
test:1536,Qwen3-8B,45,benign,norm_matched,6,final,41,0.0,0.0,0.01920091174542904,0.010979469865560532,0.018688982352614403,0.0,0.0,0.0,0.0,1.0,0.0005119293928146362,0.008221441879868507
test:495,Qwen3-8B,45,benign,norm_matched,6,final,27,0.0,0.0,0.050438858568668365,0.018087344244122505,0.04038495570421219,0.0,0.0,0.0,0.0,1.0,0.010053902864456177,0.03235151432454586
test:1218,Qwen3-8B,45,benign,norm_matched,6,final,71,0.0,0.0,0.06099884957075119,0.025992920622229576,0.03329797461628914,0.0,0.0,0.0,0.0,1.0,0.02770087495446205,0.035005928948521614
test:908,Qwen3-8B,45,benign,norm_matched,6,final,70,0.0,0.0,0.06303832679986954,0.046585507690906525,-0.02191799320280552,0.0,0.0,1.0,0.0,1.0,0.08495632000267506,0.016452819108963013
test:284,Qwen3-8B,45,benign,norm_matched,6,final,86,0.0,0.0,0.12011387199163437,0.11077263206243515,0.05875546485185623,0.0,0.0,1.0,0.0,1.0,0.06135840713977814,0.009341239929199219
test:307,Qwen3-8B,45,benign,norm_matched,6,final,246,0.0,0.0,0.01691620610654354,0.010779356583952904,0.00804467685520649,0.0,0.0,1.0,0.0,1.0,0.008871529251337051,0.006136849522590637
test:1101,Qwen3-8B,45,benign,norm_matched,6,final,242,0.0,0.0,0.00406069029122591,0.014568733982741833,0.018745293840765953,0.0,0.0,0.0,0.0,0.0,-0.014684603549540043,-0.010508043691515923
test:2091,Qwen3-8B,45,benign,norm_matched,6,final,182,0.0,0.0,0.03512461856007576,0.049485914409160614,0.04214392229914665,0.0,0.0,1.0,0.0,0.0,-0.007019303739070892,-0.014361295849084854
test:1343,Qwen3-8B,45,benign,norm_matched,6,final,209,0.0,0.0,0.026406854391098022,0.029759814962744713,0.0327637642621994,0.0,0.0,0.0,0.0,0.0,-0.006356909871101379,-0.0033529605716466904
test:312,Qwen3-8B,45,benign,norm_matched,6,final,40,0.0,0.0,0.050584856420755386,0.04614952579140663,0.03171948343515396,0.0,0.0,1.0,0.0,1.0,0.018865372985601425,0.004435330629348755
test:1853,Qwen3-8B,45,benign,norm_matched,6,final,250,0.0,0.0,0.011916784569621086,0.027209492400288582,0.024625375866889954,0.0,0.0,1.0,0.0,0.0,-0.012708591297268867,-0.015292707830667496
test:2161,Qwen3-8B,45,benign,norm_matched,6,final,57,0.0,0.0,0.021760979667305946,0.019019167870283127,0.016466880217194557,0.0,0.0,1.0,0.0,1.0,0.005294099450111389,0.0027418117970228195
test:993,Qwen3-8B,45,benign,norm_matched,6,final,23,0.0,0.0,0.05508202314376831,0.03171151876449585,0.016666028648614883,0.0,0.0,1.0,0.0,1.0,0.03841599449515343,0.02337050437927246
test:1764,Qwen3-8B,45,benign,norm_matched,6,final,114,0.0,0.0,0.047065697610378265,0.060684822499752045,0.03225678578019142,0.0,0.0,1.0,0.0,1.0,0.014808911830186844,-0.01361912488937378
test:1238,Qwen3-8B,45,benign,norm_matched,6,final,148,0.0,0.0,0.02588490955531597,0.025139382109045982,0.022436439990997314,0.0,0.0,1.0,0.0,1.0,0.003448469564318657,0.000745527446269989
test:2222,Qwen3-8B,45,benign,norm_matched,6,final,29,0.0,0.0,0.05100052431225777,0.06312812119722366,0.07751938700675964,0.0,0.0,0.0,0.0,0.0,-0.026518862694501877,-0.012127596884965897
test:2007,Qwen3-8B,45,benign,norm_matched,6,final,117,0.0,0.0,0.04087122157216072,0.03491077944636345,0.042699601501226425,0.0,0.0,0.0,0.0,0.0,-0.0018283799290657043,0.005960442125797272
test:1177,Qwen3-8B,45,benign,norm_matched,6,final,86,0.0,0.0,0.02125035971403122,0.030963841825723648,0.030335962772369385,0.0,0.0,1.0,0.0,0.0,-0.009085603058338165,-0.009713482111692429
test:378,Qwen3-8B,45,benign,norm_matched,6,final,134,0.0,0.0,0.03880412131547928,0.026552844792604446,0.015539534389972687,0.0,0.0,1.0,0.0,1.0,0.023264586925506592,0.012251276522874832
test:1086,Qwen3-8B,45,benign,norm_matched,6,final,337,0.0,0.0,0.0348997488617897,0.040897186845541,0.037044648081064224,0.0,0.0,1.0,0.0,0.0,-0.002144899219274521,-0.005997437983751297
test:350,Qwen3-8B,45,benign,norm_matched,6,final,38,0.0,0.0,0.052253007888793945,0.013711749576032162,0.020310744643211365,0.0,0.0,0.0,0.0,1.0,0.03194226324558258,0.038541258312761784
test:2256,Qwen3-8B,45,benign,norm_matched,6,final,10,0.0,0.0,0.02666482888162136,0.0323498360812664,0.025482874363660812,0.0,0.0,1.0,0.0,1.0,0.0011819545179605484,-0.005685007199645042
test:2064,Qwen3-8B,45,benign,norm_matched,6,final,171,0.0,0.0,0.011263599619269371,0.016910359263420105,0.023172518238425255,0.0,0.0,0.0,0.0,0.0,-0.011908918619155884,-0.005646759644150734
test:635,Qwen3-8B,45,benign,norm_matched,6,final,131,0.0,0.0,0.031101951375603676,0.03583819046616554,0.010334810242056847,0.0,0.0,1.0,0.0,1.0,0.02076714113354683,-0.004736239090561867
test:2182,Qwen3-8B,45,benign,norm_matched,6,final,279,0.0,0.0,0.05500942841172218,0.050655607134103775,0.04830795153975487,0.0,0.0,1.0,0.0,1.0,0.006701476871967316,0.004353821277618408
test:502,Qwen3-8B,45,benign,norm_matched,6,final,54,0.0,0.0,0.03557315468788147,0.024602718651294708,0.01959232985973358,0.0,0.0,1.0,0.0,1.0,0.015980824828147888,0.010970436036586761
test:434,Qwen3-8B,45,benign,norm_matched,6,final,192,0.0,0.0,0.04237222671508789,0.05270592123270035,0.04347672313451767,0.0,0.0,1.0,0.0,0.0,-0.001104496419429779,-0.010333694517612457
test:1225,Qwen3-8B,45,benign,norm_matched,6,final,99,0.0,0.0,0.023492803797125816,0.027426064014434814,0.02696390263736248,0.0,0.0,1.0,0.0,0.0,-0.003471098840236664,-0.003933260217308998
test:1483,Qwen3-8B,45,benign,norm_matched,6,final,320,0.0,0.0,0.01888115704059601,0.027438048273324966,0.018812334164977074,0.0,0.0,1.0,0.0,1.0,6.882287561893463e-05,-0.008556891232728958
test:327,Qwen3-8B,45,benign,norm_matched,6,final,38,0.0,0.0,0.06752896308898926,0.05113993585109711,0.04048901051282883,0.0,0.0,1.0,0.0,1.0,0.02703995257616043,0.01638902723789215
test:646,Qwen3-8B,45,benign,norm_matched,6,final,63,0.0,0.0,0.060707371681928635,0.05817950516939163,0.00962922815233469,0.0,0.0,1.0,0.0,1.0,0.051078143529593945,0.0025278665125370026
test:1214,Qwen3-8B,45,benign,norm_matched,6,final,294,0.0,0.0,0.0242064967751503,0.03645496442914009,0.04094652459025383,0.0,0.0,0.0,0.0,0.0,-0.01674002781510353,-0.012248467653989792
test:1722,Qwen3-8B,45,benign,norm_matched,6,final,286,0.0,0.0,0.03204070031642914,0.045659251511096954,0.045163705945014954,0.0,0.0,1.0,0.0,0.0,-0.013123005628585815,-0.013618551194667816
test:2062,Qwen3-8B,45,benign,norm_matched,6,final,64,0.0,0.0,0.03182905167341232,0.04958822950720787,0.041687577962875366,0.0,0.0,1.0,0.0,0.0,-0.009858526289463043,-0.017759177833795547
test:1009,Qwen3-8B,45,benign,norm_matched,6,final,52,0.0,0.0,0.05262766778469086,0.02844565361738205,0.044213466346263885,0.0,0.0,0.0,0.0,1.0,0.008414201438426971,0.024182014167308807
test:92,Qwen3-8B,45,benign,norm_matched,6,final,143,0.0,0.0,0.02489577978849411,0.03312715142965317,0.02073904685676098,0.0,0.0,1.0,0.0,1.0,0.004156732931733131,-0.008231371641159058
test:471,Qwen3-8B,45,benign,norm_matched,6,final,137,0.0,0.0,0.03540496155619621,0.023951532319188118,0.027040980756282806,0.0,0.0,0.0,0.0,1.0,0.008363980799913406,0.011453429237008095
test:1083,Qwen3-8B,45,benign,norm_matched,6,final,315,0.0,0.0,0.07738417387008667,0.09080483764410019,0.09474894404411316,0.0,0.0,0.0,0.0,0.0,-0.01736477017402649,-0.01342066377401352
test:2108,Qwen3-8B,45,benign,norm_matched,6,final,142,0.0,0.0,0.053281400352716446,0.05363290756940842,0.04778924584388733,0.0,0.0,1.0,0.0,1.0,0.005492154508829117,-0.0003515072166919708
test:2227,Qwen3-8B,45,benign,norm_matched,6,final,171,0.0,0.0,0.029902493581175804,0.027278155088424683,0.021907862275838852,0.0,0.0,1.0,0.0,1.0,0.007994631305336952,0.0026243384927511215
test:1251,Qwen3-8B,45,benign,norm_matched,6,final,274,0.0,0.0,0.007491373457014561,0.016960326582193375,0.020999129861593246,0.0,0.0,0.0,0.0,0.0,-0.013507756404578686,-0.009468953125178814
test:498,Qwen3-8B,45,benign,norm_matched,6,final,38,0.0,0.0,0.0482223704457283,0.028557801619172096,0.03538614138960838,0.0,0.0,0.0,0.0,1.0,0.012836229056119919,0.019664568826556206
test:1920,Qwen3-8B,45,benign,norm_matched,6,final,212,0.0,0.0,0.044624894857406616,0.06104050204157829,0.048119883984327316,0.0,0.0,1.0,0.0,0.0,-0.0034949891269207,-0.016415607184171677
test:1845,Qwen3-8B,45,benign,norm_matched,6,final,95,0.0,0.0,0.03072553314268589,0.03943882882595062,0.036258019506931305,0.0,0.0,1.0,0.0,0.0,-0.005532486364245415,-0.008713295683264732
test:1790,Qwen3-8B,45,benign,norm_matched,6,final,64,0.0,0.0,0.016713358461856842,0.02344462275505066,0.01525814551860094,0.0,0.0,1.0,0.0,1.0,0.0014552129432559013,-0.006731264293193817
test:1563,Qwen3-8B,45,benign,norm_matched,6,final,158,0.0,0.0,0.02643192932009697,0.027700457721948624,0.02881765179336071,0.0,0.0,0.0,0.0,0.0,-0.0023857224732637405,-0.001268528401851654
test:1715,Qwen3-8B,45,benign,norm_matched,6,final,34,0.0,0.0,0.039105165749788284,0.038369737565517426,0.038708142936229706,0.0,0.0,0.0,0.0,1.0,0.0003970228135585785,0.0007354281842708588
test:1395,Qwen3-8B,45,benign,norm_matched,6,final,63,0.0,0.0,0.0500003881752491,0.052906136959791183,0.042692650109529495,0.0,0.0,1.0,0.0,1.0,0.0073077380657196045,-0.0029057487845420837
test:923,Qwen3-8B,45,benign,norm_matched,6,final,327,0.0,0.0,0.015566102229058743,0.02447693422436714,0.021411534398794174,0.0,0.0,1.0,0.0,0.0,-0.005845432169735432,-0.0089108319953084
test:800,Qwen3-8B,45,benign,norm_matched,6,final,76,0.0,0.0,0.057315096259117126,0.04440002143383026,0.05611683800816536,0.0,0.0,0.0,0.0,1.0,0.001198258250951767,0.012915074825286865
test:1525,Qwen3-8B,45,benign,norm_matched,6,final,39,0.0,0.0,0.021121084690093994,0.022072654217481613,0.02648376300930977,0.0,0.0,0.0,0.0,0.0,-0.0053626783192157745,-0.000951569527387619
test:617,Qwen3-8B,45,benign,norm_matched,6,final,127,0.0,0.0,0.019404802471399307,0.015448023565113544,0.024233145639300346,0.0,0.0,0.0,0.0,0.0,-0.004828343167901039,0.003956778906285763
test:2225,Qwen3-8B,45,benign,norm_matched,6,final,29,0.0,0.0,0.044618356972932816,0.03382427617907524,0.03418009355664253,0.0,0.0,0.0,0.0,1.0,0.010438263416290283,0.010794080793857574
test:125,Qwen3-8B,45,benign,norm_matched,6,final,23,0.0,0.0,0.0343623086810112,0.02136804535984993,0.019986532628536224,0.0,0.0,1.0,0.0,1.0,0.014375776052474976,0.01299426332116127
test:1316,Qwen3-8B,45,benign,norm_matched,6,final,259,0.0,0.0,0.012087530456483364,0.023766884580254555,0.013675548136234283,0.0,0.0,1.0,0.0,0.0,-0.0015880176797509193,-0.01167935412377119
test:1848,Qwen3-8B,45,benign,norm_matched,6,final,310,0.0,0.0,0.01331985741853714,0.039306383579969406,0.037506185472011566,0.0,0.0,1.0,0.0,0.0,-0.024186328053474426,-0.025986526161432266
test:1481,Qwen3-8B,45,benign,norm_matched,6,final,49,0.0,0.0,0.02933114394545555,0.01904454082250595,0.02078063413500786,0.0,0.0,0.0,0.0,1.0,0.008550509810447693,0.0102866031229496
test:1667,Qwen3-8B,45,benign,norm_matched,6,final,39,0.0,0.0,0.036439500749111176,0.026412777602672577,0.024482131004333496,0.0,0.0,1.0,0.0,1.0,0.01195736974477768,0.010026723146438599
test:1901,Qwen3-8B,45,benign,norm_matched,6,final,333,0.0,0.0,0.029099449515342712,0.03465048223733902,0.034519877284765244,0.0,0.0,1.0,0.0,0.0,-0.005420427769422531,-0.005551032721996307
test:1673,Qwen3-8B,45,benign,norm_matched,6,final,295,0.0,0.0,0.0186660997569561,0.038494523614645004,0.03712281212210655,0.0,0.0,1.0,0.0,0.0,-0.01845671236515045,-0.019828423857688904
test:2280,Qwen3-8B,45,benign,norm_matched,6,final,67,0.0,0.0,0.048350077122449875,0.037636566907167435,0.03847773000597954,0.0,0.0,0.0,0.0,1.0,0.009872347116470337,0.01071351021528244
test:2251,Qwen3-8B,45,benign,norm_matched,6,final,75,0.0,0.0,0.02203999273478985,0.028710100799798965,0.02169742062687874,0.0,0.0,1.0,0.0,1.0,0.0003425721079111099,-0.006670108065009117
test:512,Qwen3-8B,45,benign,norm_matched,6,final,113,0.0,0.0,0.03481896221637726,0.03575548529624939,0.029462872073054314,0.0,0.0,1.0,0.0,1.0,0.005356090143322945,-0.0009365230798721313
test:220,Qwen3-8B,45,benign,norm_matched,6,final,365,0.0,0.0,0.018091212958097458,0.02969576045870781,0.026866592466831207,0.0,0.0,1.0,0.0,0.0,-0.00877537950873375,-0.011604547500610352
test:997,Qwen3-8B,45,benign,norm_matched,6,final,338,0.0,0.0,0.016386231407523155,0.039102423936128616,0.0182343702763319,0.0,0.0,1.0,0.0,0.0,-0.0018481388688087463,-0.02271619252860546
test:1553,Qwen3-8B,45,benign,norm_matched,6,final,42,0.0,0.0,0.040661223232746124,0.05189308524131775,0.036575548350811005,0.0,0.0,1.0,0.0,1.0,0.00408567488193512,-0.011231862008571625
test:731,Qwen3-8B,45,benign,norm_matched,6,final,28,0.0,0.0,0.03054158389568329,0.03701469302177429,0.0273133534938097,0.0,0.0,1.0,0.0,1.0,0.0032282304018735886,-0.006473109126091003
test:1433,Qwen3-8B,45,benign,norm_matched,6,final,73,0.0,0.0,0.02857348881661892,0.02725430577993393,0.016944510862231255,0.0,0.0,1.0,0.0,1.0,0.011628977954387665,0.00131918303668499
test:65,Qwen3-8B,45,benign,norm_matched,6,final,76,0.0,0.0,0.060906171798706055,0.0473291277885437,0.04762052372097969,0.0,0.0,0.0,0.0,1.0,0.013285648077726364,0.013577044010162354
test:1575,Qwen3-8B,45,benign,norm_matched,6,final,62,0.0,0.0,0.026790659874677658,0.033936403691768646,0.026178302243351936,0.0,0.0,1.0,0.0,1.0,0.0006123576313257217,-0.007145743817090988
test:1784,Qwen3-8B,45,benign,norm_matched,6,final,118,0.0,0.0,0.010870379395782948,0.019300537183880806,0.02228810079395771,0.0,0.0,0.0,0.0,0.0,-0.011417721398174763,-0.008430157788097858
test:1566,Qwen3-8B,45,benign,norm_matched,6,final,441,0.0,0.0,0.028286559507250786,0.0446927584707737,0.04029301181435585,0.0,0.0,1.0,0.0,0.0,-0.012006452307105064,-0.01640619896352291
test:1807,Qwen3-8B,45,benign,norm_matched,6,final,216,0.0,0.0,0.03121437132358551,0.02630077861249447,0.030121836811304092,0.0,0.0,0.0,0.0,1.0,0.0010925345122814178,0.0049135927110910416
test:1408,Qwen3-8B,45,benign,norm_matched,6,final,92,0.0,0.0,0.07223880290985107,0.05739288404583931,0.04834455996751785,0.0,0.0,1.0,0.0,1.0,0.02389424294233322,0.014845918864011765
test:621,Qwen3-8B,45,benign,norm_matched,6,final,297,0.0,0.0,0.03691369667649269,0.030074885115027428,0.02655061148107052,0.0,0.0,1.0,0.0,1.0,0.010363085195422173,0.006838811561465263
test:531,Qwen3-8B,45,benign,norm_matched,6,final,38,0.0,0.0,0.0852150022983551,0.02410861849784851,0.03329966217279434,0.0,0.0,0.0,0.0,1.0,0.05191534012556076,0.06110638380050659
test:394,Qwen3-8B,45,benign,norm_matched,6,final,47,0.0,0.0,0.05329102650284767,0.026846107095479965,0.0019416104769334197,0.0,0.0,1.0,0.0,1.0,0.05134941602591425,0.026444919407367706
test:641,Qwen3-8B,45,benign,norm_matched,6,final,131,0.0,0.0,0.052331969141960144,0.10115951299667358,0.07151065021753311,0.0,0.0,1.0,0.0,0.0,-0.019178681075572968,-0.04882754385471344
test:2003,Qwen3-8B,45,benign,norm_matched,6,final,355,0.0,0.0,0.035135358572006226,0.023637790232896805,0.03277665376663208,0.0,0.0,0.0,0.0,1.0,0.0023587048053741455,0.01149756833910942
test:243,Qwen3-8B,45,benign,norm_matched,6,final,232,0.0,0.0,0.03300832584500313,0.023873627185821533,0.033241309225559235,0.0,0.0,0.0,0.0,0.0,-0.00023298338055610657,0.009134698659181595
test:85,Qwen3-8B,45,benign,norm_matched,6,final,65,0.0,0.0,0.044556111097335815,0.028989914804697037,0.04309558868408203,0.0,0.0,0.0,0.0,1.0,0.0014605224132537842,0.015566196292638779
test:847,Qwen3-8B,45,benign,norm_matched,6,final,31,0.0,0.0,0.05804196000099182,0.060160938650369644,0.012036568485200405,0.0,0.0,1.0,0.0,1.0,0.046005391515791416,-0.002118978649377823
test:4,Qwen3-8B,45,benign,norm_matched,6,final,52,0.0,0.0,0.033942170441150665,0.06005191057920456,0.06422516703605652,0.0,0.0,0.0,0.0,0.0,-0.030282996594905853,-0.026109740138053894
test:468,Qwen3-8B,45,benign,norm_matched,6,final,88,0.0,0.0,0.045797765254974365,0.03339305520057678,0.021116528660058975,0.0,0.0,1.0,0.0,1.0,0.02468123659491539,0.012404710054397583
test:1928,Qwen3-8B,45,benign,norm_matched,6,final,174,0.0,0.0,0.05836562067270279,0.06216741353273392,0.0333951972424984,0.0,0.0,1.0,0.0,1.0,0.02497042343020439,-0.003801792860031128
test:822,Qwen3-8B,45,benign,norm_matched,6,final,35,0.0,0.0,0.0445634163916111,0.025489656254649162,0.05338691920042038,0.0,0.0,0.0,0.0,0.0,-0.00882350280880928,0.019073760136961937
test:1805,Qwen3-8B,45,benign,norm_matched,6,final,303,0.0,0.0,0.028824305161833763,0.04515606537461281,0.022649627178907394,0.0,0.0,1.0,0.0,1.0,0.006174677982926369,-0.016331760212779045
test:879,Qwen3-8B,45,benign,norm_matched,6,final,115,0.0,0.0,0.03586047142744064,0.020371560007333755,0.02756805159151554,0.0,0.0,0.0,0.0,1.0,0.008292419835925102,0.015488911420106888
test:1902,Qwen3-8B,45,benign,norm_matched,6,final,18,0.0,0.0,0.029693398624658585,0.031550854444503784,0.03514090180397034,0.0,0.0,0.0,0.0,0.0,-0.005447503179311752,-0.0018574558198451996
test:1933,Qwen3-8B,45,benign,norm_matched,6,final,29,0.0,0.0,0.02353578247129917,0.02644936367869377,0.011243571527302265,0.0,0.0,1.0,0.0,1.0,0.012292210943996906,-0.0029135812073946
test:577,Qwen3-8B,45,benign,norm_matched,6,final,439,0.0,0.0,0.022322168573737144,0.0268204677850008,0.030932102352380753,0.0,0.0,0.0,0.0,0.0,-0.008609933778643608,-0.004498299211263657
test:1749,Qwen3-8B,45,benign,norm_matched,6,final,335,0.0,0.0,0.01993720792233944,0.028216378763318062,0.02505638264119625,0.0,0.0,1.0,0.0,0.0,-0.0051191747188568115,-0.008279170840978622
test:15,Qwen3-8B,45,benign,norm_matched,6,final,445,0.0,0.0,0.06241767853498459,0.03373623266816139,0.06360441446304321,0.0,0.0,0.0,0.0,0.0,-0.0011867359280586243,0.028681445866823196
test:1753,Qwen3-8B,45,benign,norm_matched,6,final,171,0.0,0.0,0.04134494066238403,0.030989373102784157,0.03487527742981911,0.0,0.0,0.0,0.0,1.0,0.006469663232564926,0.010355567559599876
test:665,Qwen3-8B,45,benign,norm_matched,6,final,168,0.0,0.0,0.03620551899075508,0.027163514867424965,0.025861887261271477,0.0,0.0,1.0,0.0,1.0,0.010343631729483604,0.009042004123330116
test:569,Qwen3-8B,45,benign,norm_matched,6,final,32,0.0,0.0,0.04410039633512497,0.025261791422963142,0.019667865708470345,0.0,0.0,1.0,0.0,1.0,0.024432530626654625,0.018838604912161827
test:1203,Qwen3-8B,45,benign,norm_matched,6,final,31,0.0,0.0,0.039341602474451065,0.03814532235264778,0.024990171194076538,0.0,0.0,1.0,0.0,1.0,0.014351431280374527,0.0011962801218032837
test:2105,Qwen3-8B,45,benign,norm_matched,6,final,123,0.0,0.0,0.11089897155761719,0.09977655112743378,0.1140793189406395,0.0,0.0,0.0,0.0,0.0,-0.0031803473830223083,0.01112242043018341
test:426,Qwen3-8B,45,benign,norm_matched,6,final,256,0.0,0.0,0.023733412846922874,0.02580895461142063,0.022119326516985893,0.0,0.0,1.0,0.0,1.0,0.0016140863299369812,-0.002075541764497757
test:123,Qwen3-8B,45,benign,norm_matched,6,final,436,0.0,0.0,0.019131772220134735,0.02230161800980568,0.027108781039714813,0.0,0.0,0.0,0.0,0.0,-0.007977008819580078,-0.003169845789670944
test:1405,Qwen3-8B,45,benign,norm_matched,6,final,133,0.0,0.0,0.022053508087992668,0.03310133144259453,0.023163385689258575,0.0,0.0,1.0,0.0,0.0,-0.0011098776012659073,-0.01104782335460186
test:796,Qwen3-8B,45,benign,norm_matched,6,final,23,0.0,0.0,0.05626659840345383,0.03309673070907593,0.052438121289014816,0.0,0.0,0.0,0.0,1.0,0.0038284771144390106,0.0231698676943779
test:2166,Qwen3-8B,45,benign,norm_matched,6,final,31,0.0,0.0,0.036723241209983826,0.0534508116543293,0.026006989181041718,0.0,0.0,1.0,0.0,1.0,0.010716252028942108,-0.016727570444345474
test:1179,Qwen3-8B,45,benign,norm_matched,6,final,217,0.0,0.0,0.03209201619029045,0.028947843238711357,0.029099933803081512,0.0,0.0,0.0,0.0,1.0,0.0029920823872089386,0.003144172951579094
test:375,Qwen3-8B,45,benign,norm_matched,6,final,153,0.0,0.0,0.02679954469203949,0.028721841052174568,0.015380015596747398,0.0,0.0,1.0,0.0,1.0,0.011419529095292091,-0.0019222963601350784
test:1143,Qwen3-8B,45,benign,norm_matched,6,final,70,0.0,0.0,0.06767473369836807,0.04428232088685036,0.04516950622200966,0.0,0.0,0.0,0.0,1.0,0.022505227476358414,0.023392412811517715
test:1882,Qwen3-8B,45,benign,norm_matched,6,final,261,0.0,0.0,0.05959933251142502,0.03148554265499115,0.046210676431655884,0.0,0.0,0.0,0.0,1.0,0.013388656079769135,0.02811378985643387
test:404,Qwen3-8B,45,benign,norm_matched,6,final,42,0.0,0.0,0.03888509050011635,0.02251308038830757,0.01676805689930916,0.0,0.0,1.0,0.0,1.0,0.02211703360080719,0.016372010111808777
test:2056,Qwen3-8B,45,benign,norm_matched,6,final,68,0.0,0.0,0.029767943546175957,0.04749255254864693,0.040522560477256775,0.0,0.0,1.0,0.0,0.0,-0.010754616931080818,-0.01772460900247097
test:1331,Qwen3-8B,45,benign,norm_matched,6,final,199,0.0,0.0,0.026688046753406525,0.04757033288478851,0.03740161657333374,0.0,0.0,1.0,0.0,0.0,-0.010713569819927216,-0.02088228613138199
test:2255,Qwen3-8B,45,benign,norm_matched,6,final,195,0.0,0.0,0.07074254006147385,0.05686546117067337,0.01667095348238945,0.0,0.0,1.0,0.0,1.0,0.054071586579084396,0.013877078890800476
test:1122,Qwen3-8B,45,benign,norm_matched,6,final,230,0.0,0.0,0.031649086624383926,0.03966135531663895,0.0426052063703537,0.0,0.0,0.0,0.0,0.0,-0.010956119745969772,-0.00801226869225502
test:1063,Qwen3-8B,45,benign,norm_matched,6,final,38,0.0,0.0,0.07269015163183212,-0.0016113753663375974,0.04708203673362732,0.0,0.0,0.0,0.0,1.0,0.025608114898204803,0.07430152699816972
test:1994,Qwen3-8B,45,benign,norm_matched,6,final,425,0.0,0.0,0.010145004838705063,0.04459434747695923,0.04025927931070328,0.0,0.0,1.0,0.0,0.0,-0.030114274471998215,-0.034449342638254166
test:2291,Qwen3-8B,45,benign,norm_matched,6,final,26,0.0,0.0,0.015238042920827866,0.034346360713243484,0.020998036488890648,0.0,0.0,1.0,0.0,0.0,-0.005759993568062782,-0.01910831779241562
test:287,Qwen3-8B,45,benign,norm_matched,6,final,74,0.0,0.0,0.04804567992687225,0.03991534188389778,0.020921975374221802,0.0,0.0,1.0,0.0,1.0,0.02712370455265045,0.008130338042974472
test:1257,Qwen3-8B,45,benign,norm_matched,6,final,71,0.0,0.0,0.04777011275291443,0.01725025475025177,0.01969827339053154,0.0,0.0,0.0,0.0,1.0,0.02807183936238289,0.03051985800266266
test:564,Qwen3-8B,45,benign,norm_matched,6,final,574,0.0,0.0,0.019606593996286392,0.023504801094532013,0.02388399839401245,0.0,0.0,0.0,0.0,0.0,-0.004277404397726059,-0.0038982070982456207
test:1836,Qwen3-8B,45,benign,norm_matched,6,final,49,0.0,0.0,0.03095323033630848,0.04550032690167427,0.05053986236453056,0.0,0.0,0.0,0.0,0.0,-0.019586632028222084,-0.014547096565365791
test:1915,Qwen3-8B,45,benign,norm_matched,6,final,38,0.0,0.0,0.0707787349820137,0.07186120748519897,0.003955898340791464,0.0,0.0,1.0,0.0,1.0,0.06682283664122224,-0.0010824725031852722
test:444,Qwen3-8B,45,benign,norm_matched,6,final,486,0.0,0.0,0.016621675342321396,0.03306221589446068,0.028683586046099663,0.0,0.0,1.0,0.0,0.0,-0.012061910703778267,-0.016440540552139282
test:2176,Qwen3-8B,45,benign,norm_matched,6,final,108,0.0,0.0,0.020977431908249855,0.01974206231534481,0.0195716954767704,0.0,0.0,1.0,0.0,1.0,0.001405736431479454,0.0012353695929050446
test:2145,Qwen3-8B,45,benign,norm_matched,6,final,42,0.0,0.0,0.050758738070726395,0.04416481405496597,0.011256142519414425,0.0,0.0,1.0,0.0,1.0,0.03950259555131197,0.006593924015760422
test:1174,Qwen3-8B,45,benign,norm_matched,6,final,340,0.0,0.0,0.014458999037742615,0.025878768414258957,0.026852566748857498,0.0,0.0,0.0,0.0,0.0,-0.012393567711114883,-0.011419769376516342
test:1230,Qwen3-8B,45,benign,norm_matched,6,final,185,0.0,0.0,0.03131639212369919,0.03193465247750282,0.02369409054517746,0.0,0.0,1.0,0.0,1.0,0.0076223015785217285,-0.0006182603538036346
test:1244,Qwen3-8B,45,benign,norm_matched,6,final,26,0.0,0.0,0.021076468750834465,0.03441997617483139,0.013231064192950726,0.0,0.0,1.0,0.0,1.0,0.00784540455788374,-0.013343507423996925
test:606,Qwen3-8B,45,benign,norm_matched,6,final,85,0.0,0.0,0.028484195470809937,0.01397697813808918,0.026154667139053345,0.0,0.0,0.0,0.0,1.0,0.002329528331756592,0.014507217332720757
test:304,Qwen3-8B,45,benign,norm_matched,6,final,95,0.0,0.0,0.01751933991909027,0.02007032372057438,0.024206064641475677,0.0,0.0,0.0,0.0,0.0,-0.0066867247223854065,-0.002550983801484108
test:1390,Qwen3-8B,45,benign,norm_matched,6,final,633,0.0,0.0,0.033630385994911194,0.030279211699962616,0.028438780456781387,0.0,0.0,1.0,0.0,1.0,0.0051916055381298065,0.003351174294948578
test:1729,Qwen3-8B,45,benign,norm_matched,6,final,25,0.0,0.0,0.043484095484018326,0.040913715958595276,0.029674947261810303,0.0,0.0,1.0,0.0,1.0,0.013809148222208023,0.00257037952542305
test:1454,Qwen3-8B,45,benign,norm_matched,6,final,642,0.0,0.0,0.03685323894023895,0.05050847679376602,0.06514164805412292,0.0,0.0,0.0,0.0,0.0,-0.028288409113883972,-0.013655237853527069
test:858,Qwen3-8B,45,benign,norm_matched,6,final,265,0.0,0.0,0.016188543289899826,0.043654173612594604,0.0043746610172092915,0.0,0.0,1.0,0.0,1.0,0.011813882272690535,-0.02746563032269478
test:771,Qwen3-8B,45,benign,norm_matched,6,final,597,0.0,0.0,0.022769777104258537,0.04232069477438927,0.041723981499671936,0.0,0.0,1.0,0.0,0.0,-0.0189542043954134,-0.01955091767013073
test:660,Qwen3-8B,45,benign,norm_matched,6,final,199,0.0,0.0,0.025712525472044945,0.019490843638777733,0.022974591702222824,0.0,0.0,0.0,0.0,1.0,0.0027379337698221207,0.006221681833267212
test:888,Qwen3-8B,45,benign,norm_matched,6,final,84,0.0,0.0,0.02709917351603508,0.026331555098295212,0.023746054619550705,0.0,0.0,1.0,0.0,1.0,0.003353118896484375,0.0007676184177398682
test:413,Qwen3-8B,45,benign,norm_matched,6,final,125,0.0,0.0,0.04099377989768982,0.012767428532242775,0.03363896533846855,0.0,0.0,0.0,0.0,1.0,0.007354814559221268,0.028226351365447044
test:130,Qwen3-8B,45,benign,norm_matched,6,final,816,0.0,0.0,0.0427711084485054,0.06005735695362091,0.05849051475524902,0.0,0.0,1.0,0.0,0.0,-0.015719406306743622,-0.01728624850511551
test:1147,Qwen3-8B,45,benign,norm_matched,6,final,525,0.0,0.0,0.0717913955450058,0.03004199080169201,0.032993052154779434,0.0,0.0,0.0,0.0,1.0,0.038798343390226364,0.04174940474331379
test:42,Qwen3-8B,45,benign,norm_matched,6,final,602,0.0,0.0,0.026310397312045097,0.01894097402691841,0.033976659178733826,0.0,0.0,0.0,0.0,0.0,-0.007666261866688728,0.007369423285126686
test:1114,Qwen3-8B,45,benign,norm_matched,6,final,10,0.0,0.0,0.07776869833469391,0.06101126968860626,0.07082756608724594,0.0,0.0,0.0,0.0,1.0,0.0069411322474479675,0.016757428646087646
test:1302,Qwen3-8B,45,benign,norm_matched,6,final,801,0.0,0.0,0.01868634857237339,0.030513236299157143,0.02575266733765602,0.0,0.0,1.0,0.0,0.0,-0.007066318765282631,-0.011826887726783752
test:662,Qwen3-8B,45,benign,norm_matched,6,final,819,0.0,0.0,0.012564828619360924,0.03395037725567818,0.03360557556152344,0.0,0.0,1.0,0.0,0.0,-0.021040746942162514,-0.021385548636317253
test:705,Qwen3-8B,45,benign,norm_matched,6,final,276,0.0,0.0,0.039529625326395035,0.0218490082770586,0.02958369441330433,0.0,0.0,0.0,0.0,1.0,0.009945930913090706,0.017680617049336433
test:1413,Qwen3-8B,45,benign,norm_matched,6,final,605,0.0,0.0,0.02675422839820385,0.033864352852106094,0.028227176517248154,0.0,0.0,1.0,0.0,0.0,-0.001472948119044304,-0.007110124453902245
test:940,Qwen3-8B,45,benign,norm_matched,6,final,287,0.0,0.0,0.04958628490567207,0.046407997608184814,0.03615972399711609,0.0,0.0,1.0,0.0,1.0,0.013426560908555984,0.003178287297487259
test:2162,Qwen3-8B,45,benign,norm_matched,6,final,332,0.0,0.0,0.008779805153608322,0.012723518535494804,0.0001363348710583523,0.0,0.0,1.0,0.0,1.0,0.00864347028254997,-0.003943713381886482
test:51,Qwen3-8B,45,benign,norm_matched,6,final,111,0.0,0.0,0.07892194390296936,0.06707655638456345,0.08768194168806076,0.0,0.0,0.0,0.0,0.0,-0.0087599977850914,0.011845387518405914
test:914,Qwen3-8B,45,benign,norm_matched,6,final,826,0.0,0.0,-0.0054604671895504,0.059278231114149094,-0.009016105905175209,0.0,0.0,1.0,0.0,1.0,0.0035556387156248093,-0.0647386983036995
test:1558,Qwen3-8B,45,benign,norm_matched,6,final,807,0.0,0.0,0.036947496235370636,0.059598345309495926,0.06346407532691956,0.0,0.0,0.0,0.0,0.0,-0.02651657909154892,-0.02265084907412529
test:351,Qwen3-8B,45,benign,norm_matched,6,final,79,0.0,0.0,0.030777407810091972,0.020710501819849014,0.01681005023419857,0.0,0.0,1.0,0.0,1.0,0.013967357575893402,0.010066905990242958
test:1503,Qwen3-8B,45,benign,norm_matched,6,final,218,0.0,0.0,0.04687536507844925,0.04475301131606102,0.032672520726919174,0.0,0.0,1.0,0.0,1.0,0.014202844351530075,0.0021223537623882294
test:1138,Qwen3-8B,45,benign,norm_matched,6,final,13,0.0,0.0,0.01677498035132885,0.020270148292183876,0.011339778080582619,0.0,0.0,1.0,0.0,1.0,0.005435202270746231,-0.0034951679408550262
test:1205,Qwen3-8B,45,benign,norm_matched,6,final,38,0.0,0.0,0.05774699151515961,0.04802662879228592,-0.006557154934853315,0.0,0.0,1.0,0.0,1.0,0.06430414645001292,0.009720362722873688
test:279,Qwen3-8B,45,benign,norm_matched,6,final,989,0.0,0.0,0.018539095297455788,0.029480241239070892,0.020731862634420395,0.0,0.0,1.0,0.0,0.0,-0.0021927673369646072,-0.010941145941615105
test:1783,Qwen3-8B,45,benign,norm_matched,6,final,43,0.0,0.0,0.027650412172079086,0.03455617278814316,0.007660418748855591,0.0,0.0,1.0,0.0,1.0,0.019989993423223495,-0.006905760616064072
test:684,Qwen3-8B,45,benign,norm_matched,6,final,16,0.0,0.0,0.05286924168467522,0.02408626303076744,0.04044317454099655,0.0,0.0,0.0,0.0,1.0,0.012426067143678665,0.028782978653907776
test:158,Qwen3-8B,45,benign,norm_matched,6,final,204,0.0,0.0,0.04531187564134598,0.04516735300421715,0.04767586290836334,0.0,0.0,0.0,0.0,0.0,-0.0023639872670173645,0.00014452263712882996
test:295,Qwen3-8B,45,benign,norm_matched,6,final,68,0.0,0.0,0.02615286037325859,0.0335477776825428,0.01442804466933012,0.0,0.0,1.0,0.0,1.0,0.01172481570392847,-0.00739491730928421
test:1988,Qwen3-8B,45,benign,norm_matched,6,final,318,0.0,0.0,0.02935214526951313,0.027458572760224342,0.02487342618405819,0.0,0.0,1.0,0.0,1.0,0.004478719085454941,0.0018935725092887878
test:1735,Qwen3-8B,45,benign,norm_matched,6,final,99,0.0,0.0,0.031090227887034416,0.022884024307131767,0.015983950346708298,0.0,0.0,1.0,0.0,1.0,0.015106277540326118,0.008206203579902649
test:179,Qwen3-8B,45,benign,norm_matched,6,final,474,0.0,0.0,0.059722546488046646,0.0593220479786396,0.0046952576376497746,0.0,0.0,1.0,0.0,1.0,0.05502728885039687,0.00040049850940704346
test:1458,Qwen3-8B,45,benign,norm_matched,6,final,28,0.0,0.0,0.043624915182590485,0.03792406618595123,-0.013834042474627495,0.0,0.0,1.0,0.0,1.0,0.05745895765721798,0.005700848996639252
test:2202,Qwen3-8B,45,conflict,norm_matched,6,final,33,0.0,0.0,0.011090937070548534,0.018550893291831017,0.023374482989311218,0.0,0.0,0.0,0.0,0.0,-0.012283545918762684,-0.007459956221282482
test:1068,Qwen3-8B,45,conflict,norm_matched,6,final,15,0.0,0.0,0.04248104989528656,0.04208176210522652,0.04248104989528656,0.0,0.0,0.0,0.0,0.0,0.0,0.00039928779006004333
test:913,Qwen3-8B,45,conflict,norm_matched,6,final,33,0.0,0.0,0.013451263308525085,0.016749488189816475,0.016704345121979713,0.0,0.0,1.0,0.0,0.0,-0.003253081813454628,-0.0032982248812913895
test:1076,Qwen3-8B,45,conflict,norm_matched,6,final,31,0.0,0.0,0.018514377996325493,0.03724002093076706,0.025824004784226418,0.0,0.0,1.0,0.0,0.0,-0.007309626787900925,-0.018725642934441566
test:563,Qwen3-8B,45,conflict,norm_matched,6,final,30,0.0,0.0,0.00833477545529604,0.016066424548625946,0.02636353112757206,0.0,0.0,0.0,0.0,0.0,-0.01802875567227602,-0.0077316490933299065
test:463,Qwen3-8B,45,conflict,norm_matched,6,final,41,0.0,0.0,0.014515306800603867,0.02182602882385254,0.01948607712984085,0.0,0.0,1.0,0.0,0.0,-0.004970770329236984,-0.0073107220232486725
test:1684,Qwen3-8B,45,conflict,norm_matched,6,final,23,0.0,0.0,0.03713259845972061,0.036126960068941116,0.03402604162693024,0.0,0.0,1.0,0.0,1.0,0.0031065568327903748,0.0010056383907794952
test:2243,Qwen3-8B,45,conflict,norm_matched,6,final,30,0.0,0.0,0.021635334938764572,0.04976780340075493,0.0423014871776104,0.0,0.0,1.0,0.0,0.0,-0.020666152238845825,-0.028132468461990356
test:1507,Qwen3-8B,45,conflict,norm_matched,6,final,32,0.0,0.0,0.044095881283283234,0.06190505251288414,0.046463336795568466,0.0,0.0,1.0,0.0,0.0,-0.0023674555122852325,-0.017809171229600906
test:797,Qwen3-8B,45,conflict,norm_matched,6,final,26,0.0,0.0,0.04335753247141838,0.029906777665019035,0.028807969763875008,0.0,0.0,1.0,0.0,1.0,0.014549562707543373,0.013450754806399345
test:991,Qwen3-8B,45,conflict,norm_matched,6,final,18,0.0,0.0,0.03472559154033661,0.030911728739738464,0.03192680701613426,0.0,0.0,0.0,0.0,1.0,0.002798784524202347,0.0038138628005981445
test:109,Qwen3-8B,45,conflict,norm_matched,6,final,29,0.0,0.0,0.0037532637361437082,0.029563112184405327,0.01732722669839859,0.0,0.0,1.0,0.0,0.0,-0.013573962962254882,-0.02580984844826162
test:1456,Qwen3-8B,45,conflict,norm_matched,6,final,11,0.0,0.0,0.04036082327365875,0.0406775176525116,0.03568048030138016,0.0,0.0,1.0,0.0,1.0,0.004680342972278595,-0.00031669437885284424
test:1171,Qwen3-8B,45,conflict,norm_matched,6,final,40,0.0,0.0,0.012225477956235409,0.02699217014014721,0.032836396247148514,0.0,0.0,0.0,0.0,0.0,-0.020610918290913105,-0.0147666921839118
test:1045,Qwen3-8B,45,conflict,norm_matched,6,final,24,0.0,0.0,0.05267515406012535,0.04116295650601387,0.01616520620882511,0.0,0.0,1.0,0.0,1.0,0.03650994785130024,0.01151219755411148
test:897,Qwen3-8B,45,conflict,norm_matched,6,final,36,0.0,0.0,0.030396340414881706,0.03125502169132233,0.03049316257238388,0.0,0.0,1.0,0.0,0.0,-9.682215750217438e-05,-0.0008586812764406204
test:427,Qwen3-8B,45,conflict,norm_matched,6,final,4,0.0,0.0,0.032327864319086075,0.030951503664255142,0.03279354050755501,0.0,0.0,0.0,0.0,0.0,-0.0004656761884689331,0.0013763606548309326
test:536,Qwen3-8B,45,conflict,norm_matched,6,final,46,0.0,0.0,0.007576323114335537,0.04030132666230202,0.024125711992383003,0.0,0.0,1.0,0.0,0.0,-0.016549388878047466,-0.03272500354796648
test:1556,Qwen3-8B,45,conflict,norm_matched,6,final,4,0.0,0.0,0.025168973952531815,0.021890928968787193,0.031628306955099106,0.0,0.0,0.0,0.0,0.0,-0.006459333002567291,0.0032780449837446213
test:1638,Qwen3-8B,45,conflict,norm_matched,6,final,42,0.0,0.0,0.014330294914543629,0.028568774461746216,0.025720244273543358,0.0,0.0,1.0,0.0,0.0,-0.01138994935899973,-0.014238479547202587
test:481,Qwen3-8B,45,conflict,norm_matched,6,final,49,0.0,0.0,0.008465224876999855,0.030039548873901367,0.036054398864507675,0.0,0.0,0.0,0.0,0.0,-0.02758917398750782,-0.021574323996901512
test:640,Qwen3-8B,45,conflict,norm_matched,6,final,40,0.0,0.0,0.014088411815464497,0.03218264877796173,0.02387271448969841,0.0,0.0,1.0,0.0,0.0,-0.009784302674233913,-0.018094236962497234
test:903,Qwen3-8B,45,conflict,norm_matched,6,final,34,0.0,0.0,0.018797073513269424,0.026822740212082863,0.03154570981860161,0.0,0.0,0.0,0.0,0.0,-0.012748636305332184,-0.008025666698813438
test:466,Qwen3-8B,45,conflict,norm_matched,6,final,31,0.0,0.0,0.01651925779879093,0.03662761300802231,0.03060600347816944,0.0,0.0,1.0,0.0,0.0,-0.01408674567937851,-0.020108355209231377
test:787,Qwen3-8B,45,conflict,norm_matched,6,final,40,0.0,0.0,0.03571310266852379,0.03477362170815468,0.022873124107718468,0.0,0.0,1.0,0.0,1.0,0.01283997856080532,0.0009394809603691101
test:63,Qwen3-8B,45,conflict,norm_matched,6,final,43,0.0,0.0,0.03723578527569771,0.047407366335392,0.02268475852906704,0.0,0.0,1.0,0.0,1.0,0.014551026746630669,-0.01017158105969429
test:1639,Qwen3-8B,45,conflict,norm_matched,6,final,53,0.0,0.0,0.022831890732049942,0.012345847673714161,0.01274794526398182,0.0,0.0,0.0,0.0,1.0,0.010083945468068123,0.010486043058335781
test:2265,Qwen3-8B,45,conflict,norm_matched,6,final,29,0.0,0.0,0.014972928911447525,0.018142802640795708,0.02050267904996872,0.0,0.0,0.0,0.0,0.0,-0.0055297501385211945,-0.0031698737293481827
test:1745,Qwen3-8B,45,conflict,norm_matched,6,final,32,0.0,0.0,0.034183844923973083,0.036397114396095276,0.036690980195999146,0.0,0.0,0.0,0.0,0.0,-0.002507135272026062,-0.0022132694721221924
test:9,Qwen3-8B,45,conflict,norm_matched,6,final,47,0.0,0.0,0.08594243973493576,0.08137275278568268,0.06592001020908356,0.0,0.0,1.0,0.0,1.0,0.020022429525852203,0.004569686949253082
test:1279,Qwen3-8B,45,conflict,norm_matched,6,final,23,0.0,0.0,0.03767641633749008,0.03613991662859917,0.03790043666958809,0.0,0.0,0.0,0.0,0.0,-0.0002240203320980072,0.001536499708890915
test:576,Qwen3-8B,45,conflict,norm_matched,6,final,45,0.0,0.0,0.03564474359154701,0.057423077523708344,0.04822539538145065,0.0,0.0,1.0,0.0,0.0,-0.01258065178990364,-0.02177833393216133
test:2207,Qwen3-8B,45,conflict,norm_matched,6,final,55,0.0,0.0,0.02648106962442398,0.04054011404514313,0.038929570466279984,0.0,0.0,1.0,0.0,0.0,-0.012448500841856003,-0.014059044420719147
test:2168,Qwen3-8B,45,conflict,norm_matched,6,final,11,0.0,0.0,0.0495983250439167,0.049067962914705276,0.02239176258444786,0.0,0.0,1.0,0.0,1.0,0.02720656245946884,0.0005303621292114258
test:805,Qwen3-8B,45,conflict,norm_matched,6,final,41,0.0,0.0,0.06790810823440552,0.07015776634216309,0.03743727505207062,0.0,0.0,1.0,0.0,1.0,0.0304708331823349,-0.0022496581077575684
test:1197,Qwen3-8B,45,conflict,norm_matched,6,final,46,0.0,0.0,0.01698628067970276,0.023731593042612076,0.021593812853097916,0.0,0.0,1.0,0.0,0.0,-0.004607532173395157,-0.006745312362909317
test:364,Qwen3-8B,45,conflict,norm_matched,6,final,15,0.0,0.0,0.04962901026010513,0.031096089631319046,0.04715454950928688,0.0,0.0,0.0,0.0,1.0,0.0024744607508182526,0.018532920628786087
test:1644,Qwen3-8B,45,conflict,norm_matched,6,final,51,0.0,0.0,0.0062835365533828735,0.03148322552442551,0.03970971331000328,0.0,0.0,0.0,0.0,0.0,-0.03342617675662041,-0.025199688971042633
test:91,Qwen3-8B,45,conflict,norm_matched,6,final,53,0.0,0.0,0.05705343559384346,0.04608168452978134,0.061679743230342865,0.0,0.0,0.0,0.0,0.0,-0.004626307636499405,0.010971751064062119
test:328,Qwen3-8B,45,conflict,norm_matched,6,final,15,0.0,0.0,0.03489863872528076,0.03176862373948097,0.02254372276365757,0.0,0.0,1.0,0.0,1.0,0.012354915961623192,0.0031300149857997894
test:205,Qwen3-8B,45,conflict,norm_matched,6,final,40,0.0,0.0,0.0374402292072773,0.045384448021650314,0.03670845180749893,0.0,0.0,1.0,0.0,1.0,0.0007317773997783661,-0.007944218814373016
test:1797,Qwen3-8B,45,conflict,norm_matched,6,final,58,0.0,0.0,0.014392314478754997,0.026317769661545753,0.02208745665848255,0.0,0.0,1.0,0.0,0.0,-0.007695142179727554,-0.011925455182790756
test:1072,Qwen3-8B,45,conflict,norm_matched,6,final,31,0.0,0.0,0.050343409180641174,0.041201069951057434,0.01803530752658844,0.0,0.0,1.0,0.0,1.0,0.032308101654052734,0.00914233922958374
test:1445,Qwen3-8B,45,conflict,norm_matched,6,final,47,0.0,0.0,0.048754382878541946,0.07220671325922012,0.06581086665391922,0.0,0.0,1.0,0.0,0.0,-0.017056483775377274,-0.023452330380678177
test:630,Qwen3-8B,45,conflict,norm_matched,6,final,58,0.0,0.0,0.041006848216056824,0.04052482172846794,0.03396992012858391,0.0,0.0,1.0,0.0,1.0,0.007036928087472916,0.00048202648758888245
test:1252,Qwen3-8B,45,conflict,norm_matched,6,final,57,0.0,0.0,0.026452528312802315,0.024492505937814713,0.039362430572509766,0.0,0.0,0.0,0.0,0.0,-0.01290990225970745,0.0019600223749876022
test:1721,Qwen3-8B,45,conflict,norm_matched,6,final,14,0.0,0.0,0.02629530057311058,0.02210959792137146,0.020747873932123184,0.0,0.0,1.0,0.0,1.0,0.005547426640987396,0.0041857026517391205
test:236,Qwen3-8B,45,conflict,norm_matched,6,final,68,0.0,0.0,0.029405085369944572,0.05651416257023811,0.05529411882162094,0.0,0.0,1.0,0.0,0.0,-0.02588903345167637,-0.02710907720029354
test:612,Qwen3-8B,45,conflict,norm_matched,6,final,42,0.0,0.0,0.022561730816960335,0.023135440424084663,0.025180598720908165,0.0,0.0,0.0,0.0,0.0,-0.00261886790394783,-0.0005737096071243286
test:354,Qwen3-8B,45,conflict,norm_matched,6,final,61,0.0,0.0,0.03079313412308693,0.05962434783577919,0.04777444154024124,0.0,0.0,1.0,0.0,0.0,-0.016981307417154312,-0.02883121371269226
test:2047,Qwen3-8B,45,conflict,norm_matched,6,final,54,0.0,0.0,0.022992895916104317,0.03559940308332443,0.029182162135839462,0.0,0.0,1.0,0.0,0.0,-0.006189266219735146,-0.012606507167220116
test:1687,Qwen3-8B,45,conflict,norm_matched,6,final,68,0.0,0.0,0.024519411846995354,0.02209591306746006,0.023016884922981262,0.0,0.0,0.0,0.0,1.0,0.0015025269240140915,0.0024234987795352936
test:1787,Qwen3-8B,45,conflict,norm_matched,6,final,35,0.0,0.0,0.02982987090945244,0.03150687366724014,0.040028899908065796,0.0,0.0,0.0,0.0,0.0,-0.010199028998613358,-0.0016770027577877045
test:896,Qwen3-8B,45,conflict,norm_matched,6,final,36,0.0,0.0,0.06231192126870155,0.04505109041929245,0.07029420137405396,0.0,0.0,0.0,0.0,0.0,-0.007982280105352402,0.017260830849409103
test:1282,Qwen3-8B,45,conflict,norm_matched,6,final,15,0.0,0.0,0.02785871922969818,0.032222773879766464,0.027866756543517113,0.0,0.0,1.0,0.0,0.0,-8.03731381893158e-06,-0.004364054650068283
test:1036,Qwen3-8B,45,conflict,norm_matched,6,final,14,0.0,0.0,0.015716439113020897,0.017479710280895233,0.015866074711084366,0.0,0.0,1.0,0.0,0.0,-0.00014963559806346893,-0.0017632711678743362
test:2230,Qwen3-8B,45,conflict,norm_matched,6,final,62,0.0,0.0,0.03689902275800705,0.041089288890361786,0.046100202947854996,0.0,0.0,0.0,0.0,0.0,-0.009201180189847946,-0.004190266132354736
test:376,Qwen3-8B,45,conflict,norm_matched,6,final,73,0.0,0.0,0.010156513191759586,0.05307251587510109,0.04932393878698349,0.0,0.0,1.0,0.0,0.0,-0.039167425595223904,-0.0429160026833415
test:1544,Qwen3-8B,45,conflict,norm_matched,6,final,21,0.0,0.0,0.02620254084467888,0.030310029163956642,0.027767017483711243,0.0,0.0,1.0,0.0,0.0,-0.001564476639032364,-0.004107488319277763
test:863,Qwen3-8B,45,conflict,norm_matched,6,final,39,0.0,0.0,0.037348248064517975,0.04058244824409485,0.039898648858070374,0.0,0.0,1.0,0.0,0.0,-0.0025504007935523987,-0.0032342001795768738
test:2292,Qwen3-8B,45,conflict,norm_matched,6,final,87,0.0,0.0,0.021326977759599686,0.010466779582202435,0.01677709072828293,0.0,0.0,0.0,0.0,1.0,0.004549887031316757,0.010860198177397251
test:392,Qwen3-8B,45,conflict,norm_matched,6,final,42,0.0,0.0,0.03915918990969658,0.02213100716471672,0.028466351330280304,0.0,0.0,0.0,0.0,1.0,0.010692838579416275,0.01702818274497986
test:1675,Qwen3-8B,45,conflict,norm_matched,6,final,39,0.0,0.0,0.017827067524194717,0.023272579535841942,0.021734239533543587,0.0,0.0,1.0,0.0,0.0,-0.003907172009348869,-0.005445512011647224
test:1718,Qwen3-8B,45,conflict,norm_matched,6,final,40,0.0,0.0,0.04676787555217743,0.042125359177589417,0.04166904091835022,0.0,0.0,1.0,0.0,1.0,0.0050988346338272095,0.004642516374588013
test:1150,Qwen3-8B,45,conflict,norm_matched,6,final,59,0.0,0.0,0.009642871096730232,0.014053578488528728,0.010610914789140224,0.0,0.0,1.0,0.0,0.0,-0.0009680436924099922,-0.004410707391798496
test:1659,Qwen3-8B,45,conflict,norm_matched,6,final,78,0.0,0.0,0.019432449713349342,0.01894564926624298,0.018922319635748863,0.0,0.0,1.0,0.0,1.0,0.0005101300776004791,0.0004868004471063614
test:1213,Qwen3-8B,45,conflict,norm_matched,6,final,35,0.0,0.0,0.02504531666636467,0.04359908401966095,0.02489594556391239,0.0,0.0,1.0,0.0,1.0,0.00014937110245227814,-0.01855376735329628
test:1037,Qwen3-8B,45,conflict,norm_matched,6,final,55,0.0,0.0,0.010429519228637218,0.02336476929485798,0.013749729841947556,0.0,0.0,1.0,0.0,0.0,-0.003320210613310337,-0.01293525006622076
test:1201,Qwen3-8B,45,conflict,norm_matched,6,final,38,0.0,0.0,0.050878699868917465,0.04780704155564308,0.03591059148311615,0.0,0.0,1.0,0.0,1.0,0.014968108385801315,0.0030716583132743835
test:1093,Qwen3-8B,45,conflict,norm_matched,6,final,15,0.0,0.0,0.03657511621713638,0.04129748046398163,0.030604345723986626,0.0,0.0,1.0,0.0,1.0,0.005970770493149757,-0.004722364246845245
test:37,Qwen3-8B,45,conflict,norm_matched,6,final,37,0.0,0.0,0.04438915103673935,0.07070042192935944,0.040690869092941284,0.0,0.0,1.0,0.0,1.0,0.003698281943798065,-0.026311270892620087
test:785,Qwen3-8B,45,conflict,norm_matched,6,final,56,0.0,0.0,0.01476229727268219,0.042697418481111526,0.04079759865999222,0.0,0.0,1.0,0.0,0.0,-0.026035301387310028,-0.027935121208429337
test:1842,Qwen3-8B,45,conflict,norm_matched,6,final,60,0.0,0.0,0.03683966398239136,0.04115334525704384,0.03280927240848541,0.0,0.0,1.0,0.0,1.0,0.004030391573905945,-0.004313681274652481
test:1860,Qwen3-8B,45,conflict,norm_matched,6,final,60,0.0,0.0,0.0230927262455225,0.019270537421107292,0.009800916537642479,0.0,0.0,1.0,0.0,1.0,0.01329180970788002,0.003822188824415207
test:963,Qwen3-8B,45,conflict,norm_matched,6,final,70,0.0,0.0,0.035961396992206573,0.06303268671035767,0.025236312299966812,0.0,0.0,1.0,0.0,1.0,0.010725084692239761,-0.027071289718151093
test:827,Qwen3-8B,45,conflict,norm_matched,6,final,56,0.0,0.0,0.027190880849957466,0.028239857405424118,0.02743643708527088,0.0,0.0,1.0,0.0,0.0,-0.00024555623531341553,-0.001048976555466652
test:17,Qwen3-8B,45,conflict,norm_matched,6,final,86,0.0,0.0,0.027673911303281784,0.031544994562864304,0.047630295157432556,0.0,0.0,0.0,0.0,0.0,-0.019956383854150772,-0.0038710832595825195
test:1937,Qwen3-8B,45,conflict,norm_matched,6,final,44,0.0,0.0,0.038074616342782974,0.03694571182131767,0.03979525342583656,0.0,0.0,0.0,0.0,0.0,-0.0017206370830535889,0.0011289045214653015
test:765,Qwen3-8B,45,conflict,norm_matched,6,final,91,0.0,0.0,0.028437934815883636,0.05672203004360199,0.048937827348709106,0.0,0.0,1.0,0.0,0.0,-0.02049989253282547,-0.028284095227718353
test:2008,Qwen3-8B,45,conflict,norm_matched,6,final,92,0.0,0.0,0.031815528869628906,0.036794260144233704,0.04102177545428276,0.0,0.0,0.0,0.0,0.0,-0.009206246584653854,-0.004978731274604797
test:520,Qwen3-8B,45,conflict,norm_matched,6,final,49,0.0,0.0,0.043493371456861496,0.04351745918393135,0.03401812165975571,0.0,0.0,1.0,0.0,1.0,0.00947524979710579,-2.4087727069854736e-05
test:1124,Qwen3-8B,45,conflict,norm_matched,6,final,90,0.0,0.0,0.01728365197777748,0.016539668664336205,0.015536499209702015,0.0,0.0,1.0,0.0,1.0,0.0017471527680754662,0.0007439833134412766
test:459,Qwen3-8B,45,conflict,norm_matched,6,final,90,0.0,0.0,0.010012594051659107,0.030198542401194572,0.02923225238919258,0.0,0.0,1.0,0.0,0.0,-0.019219658337533474,-0.020185948349535465
test:177,Qwen3-8B,45,conflict,norm_matched,6,final,79,0.0,0.0,0.026061782613396645,0.026380395516753197,0.024590233340859413,0.0,0.0,1.0,0.0,1.0,0.0014715492725372314,-0.0003186129033565521
test:192,Qwen3-8B,45,conflict,norm_matched,6,final,88,0.0,0.0,0.030708998441696167,0.03440627083182335,0.04298889636993408,0.0,0.0,0.0,0.0,0.0,-0.012279897928237915,-0.003697272390127182
test:2160,Qwen3-8B,45,conflict,norm_matched,6,final,81,0.0,0.0,0.033488817512989044,0.03798448294401169,0.031420327723026276,0.0,0.0,1.0,0.0,1.0,0.0020684897899627686,-0.004495665431022644
test:1617,Qwen3-8B,45,conflict,norm_matched,6,final,92,0.0,0.0,0.010632799006998539,0.016930945217609406,0.012295149266719818,0.0,0.0,1.0,0.0,0.0,-0.0016623502597212791,-0.0062981462106108665
test:100,Qwen3-8B,45,conflict,norm_matched,6,final,34,0.0,0.0,0.01946633867919445,0.042587798088788986,0.037534233182668686,0.0,0.0,1.0,0.0,0.0,-0.018067894503474236,-0.023121459409594536
test:693,Qwen3-8B,45,conflict,norm_matched,6,final,85,0.0,0.0,0.03940962627530098,0.03292861953377724,0.030070835724473,0.0,0.0,1.0,0.0,1.0,0.00933879055082798,0.006481006741523743
test:195,Qwen3-8B,45,conflict,norm_matched,6,final,67,0.0,0.0,0.01657453179359436,0.015635831281542778,0.01548827439546585,0.0,0.0,1.0,0.0,1.0,0.0010862573981285095,0.0009387005120515823
test:114,Qwen3-8B,45,conflict,norm_matched,6,final,15,0.0,0.0,0.03801671415567398,0.03163721412420273,0.031230786815285683,0.0,0.0,1.0,0.0,1.0,0.006785927340388298,0.0063795000314712524
test:2205,Qwen3-8B,45,conflict,norm_matched,6,final,50,0.0,0.0,0.03960881754755974,0.036767035722732544,0.040840502828359604,0.0,0.0,0.0,0.0,0.0,-0.0012316852807998657,0.002841781824827194
test:1380,Qwen3-8B,45,conflict,norm_matched,6,final,100,0.0,0.0,0.04163723811507225,0.04202079400420189,0.04231655225157738,0.0,0.0,0.0,0.0,0.0,-0.000679314136505127,-0.00038355588912963867
test:668,Qwen3-8B,45,conflict,norm_matched,6,final,37,0.0,0.0,0.027971679344773293,0.024495305493474007,0.015869541093707085,0.0,0.0,1.0,0.0,1.0,0.012102138251066208,0.003476373851299286
test:874,Qwen3-8B,45,conflict,norm_matched,6,final,89,0.0,0.0,0.02697114087641239,0.05121135711669922,0.043307073414325714,0.0,0.0,1.0,0.0,0.0,-0.016335932537913322,-0.024240216240286827
test:1824,Qwen3-8B,45,conflict,norm_matched,6,final,62,0.0,0.0,0.02535148710012436,0.030458109453320503,0.01124571356922388,0.0,0.0,1.0,0.0,1.0,0.014105773530900478,-0.005106622353196144
test:1248,Qwen3-8B,45,conflict,norm_matched,6,final,92,0.0,0.0,0.016243882477283478,0.045304179191589355,0.0015171492705121636,0.0,0.0,1.0,0.0,1.0,0.014726733206771314,-0.029060296714305878
test:714,Qwen3-8B,45,conflict,norm_matched,6,final,80,0.0,0.0,0.04873448610305786,0.04728521406650543,0.03592139109969139,0.0,0.0,1.0,0.0,1.0,0.01281309500336647,0.0014492720365524292
test:133,Qwen3-8B,45,conflict,norm_matched,6,final,91,0.0,0.0,0.017621727660298347,0.01749473065137863,0.013299395330250263,0.0,0.0,1.0,0.0,1.0,0.004322332330048084,0.00012699700891971588
test:162,Qwen3-8B,45,conflict,norm_matched,6,final,70,0.0,0.0,0.03576605021953583,0.038535457104444504,0.03981546312570572,0.0,0.0,0.0,0.0,0.0,-0.004049412906169891,-0.002769406884908676
test:2079,Qwen3-8B,45,conflict,norm_matched,6,final,29,0.0,0.0,0.024053549394011497,0.021732566878199577,0.019817078486084938,0.0,0.0,1.0,0.0,1.0,0.0042364709079265594,0.00232098251581192
test:1795,Qwen3-8B,45,conflict,norm_matched,6,final,69,0.0,0.0,0.013773704878985882,0.03709864988923073,0.026917263865470886,0.0,0.0,1.0,0.0,0.0,-0.013143558986485004,-0.023324945010244846
test:1760,Qwen3-8B,45,conflict,norm_matched,6,final,95,0.0,0.0,0.018281718716025352,0.01980210654437542,0.02094239741563797,0.0,0.0,0.0,0.0,0.0,-0.0026606786996126175,-0.0015203878283500671
test:1424,Qwen3-8B,45,conflict,norm_matched,6,final,57,0.0,0.0,0.014764389023184776,0.03208855912089348,0.023851264268159866,0.0,0.0,1.0,0.0,0.0,-0.00908687524497509,-0.017324170097708702
test:62,Qwen3-8B,45,conflict,norm_matched,6,final,109,0.0,0.0,0.03540734946727753,0.03568577021360397,0.018724555149674416,0.0,0.0,1.0,0.0,1.0,0.01668279431760311,-0.00027842074632644653
test:522,Qwen3-8B,45,conflict,norm_matched,6,final,106,0.0,0.0,0.02995682694017887,0.05341830104589462,0.04647373780608177,0.0,0.0,1.0,0.0,0.0,-0.0165169108659029,-0.02346147410571575
test:1227,Qwen3-8B,45,conflict,norm_matched,6,final,103,0.0,0.0,0.024488506838679314,0.04681151360273361,0.04481379687786102,0.0,0.0,1.0,0.0,0.0,-0.02032529003918171,-0.0223230067640543
test:397,Qwen3-8B,45,conflict,norm_matched,6,final,75,0.0,0.0,0.013759215362370014,0.01863616146147251,0.015454663895070553,0.0,0.0,1.0,0.0,0.0,-0.0016954485327005386,-0.004876946099102497
test:374,Qwen3-8B,45,conflict,norm_matched,6,final,79,0.0,0.0,0.026197198778390884,0.027998296543955803,0.03173096477985382,0.0,0.0,0.0,0.0,0.0,-0.005533766001462936,-0.0018010977655649185
test:1078,Qwen3-8B,45,conflict,norm_matched,6,final,113,0.0,0.0,0.030354198068380356,0.029466120526194572,0.03451651334762573,0.0,0.0,0.0,0.0,0.0,-0.004162315279245377,0.0008880775421857834
test:1664,Qwen3-8B,45,conflict,norm_matched,6,final,55,0.0,0.0,0.042318832129240036,0.03640042245388031,0.029690224677324295,0.0,0.0,1.0,0.0,1.0,0.012628607451915741,0.005918409675359726
test:1818,Qwen3-8B,45,conflict,norm_matched,6,final,88,0.0,0.0,0.03947615996003151,0.039484765380620956,0.03346621245145798,0.0,0.0,1.0,0.0,1.0,0.006009947508573532,-8.605420589447021e-06
test:1246,Qwen3-8B,45,conflict,norm_matched,6,final,102,0.0,0.0,0.04090554267168045,0.044632624834775925,0.050974033772945404,0.0,0.0,0.0,0.0,0.0,-0.010068491101264954,-0.0037270821630954742
test:1887,Qwen3-8B,45,conflict,norm_matched,6,final,29,0.0,0.0,0.03008122555911541,0.01646612584590912,0.019997280091047287,0.0,0.0,0.0,0.0,1.0,0.010083945468068123,0.013615099713206291
test:1623,Qwen3-8B,45,conflict,norm_matched,6,final,55,0.0,0.0,0.029375692829489708,0.02869616448879242,0.031508032232522964,0.0,0.0,0.0,0.0,0.0,-0.0021323394030332565,0.0006795283406972885
test:196,Qwen3-8B,45,conflict,norm_matched,6,final,113,0.0,0.0,0.029375821352005005,0.04744129627943039,0.050325408577919006,0.0,0.0,0.0,0.0,0.0,-0.020949587225914,-0.018065474927425385
test:1899,Qwen3-8B,45,conflict,norm_matched,6,final,10,0.0,0.0,0.037050846964120865,0.022008487954735756,0.021332111209630966,0.0,0.0,1.0,0.0,1.0,0.0157187357544899,0.015042359009385109
test:1208,Qwen3-8B,45,conflict,norm_matched,6,final,131,0.0,0.0,0.03363358601927757,0.033550016582012177,0.029105059802532196,0.0,0.0,1.0,0.0,1.0,0.004528526216745377,8.356943726539612e-05
test:1441,Qwen3-8B,45,conflict,norm_matched,6,final,93,0.0,0.0,0.044535160064697266,0.05181339383125305,0.021747170016169548,0.0,0.0,1.0,0.0,1.0,0.022787990048527718,-0.007278233766555786
test:1102,Qwen3-8B,45,conflict,norm_matched,6,final,124,0.0,0.0,0.03877720609307289,0.04104384034872055,0.0398552305996418,0.0,0.0,1.0,0.0,0.0,-0.0010780245065689087,-0.0022666342556476593
test:76,Qwen3-8B,45,conflict,norm_matched,6,final,32,0.0,0.0,0.03501299396157265,0.027228238061070442,0.016986127942800522,0.0,0.0,1.0,0.0,1.0,0.018026866018772125,0.007784755900502205
test:1855,Qwen3-8B,45,conflict,norm_matched,6,final,109,0.0,0.0,0.031986236572265625,0.035768069326877594,0.04020359367132187,0.0,0.0,0.0,0.0,0.0,-0.008217357099056244,-0.003781832754611969
test:1652,Qwen3-8B,45,conflict,norm_matched,6,final,116,0.0,0.0,0.03925350308418274,0.04584162309765816,0.049088094383478165,0.0,0.0,0.0,0.0,0.0,-0.009834591299295425,-0.006588120013475418
test:355,Qwen3-8B,45,conflict,norm_matched,6,final,87,0.0,0.0,0.023288995027542114,0.020613476634025574,0.019033605232834816,0.0,0.0,1.0,0.0,1.0,0.004255389794707298,0.0026755183935165405
test:2144,Qwen3-8B,45,conflict,norm_matched,6,final,95,0.0,0.0,0.02386980876326561,0.031340133398771286,0.019333908334374428,0.0,0.0,1.0,0.0,1.0,0.004535900428891182,-0.007470324635505676
test:210,Qwen3-8B,45,conflict,norm_matched,6,final,121,0.0,0.0,0.01810045912861824,0.02434711530804634,0.023544324561953545,0.0,0.0,1.0,0.0,0.0,-0.005443865433335304,-0.006246656179428101
test:1713,Qwen3-8B,45,conflict,norm_matched,6,final,57,0.0,0.0,0.023433128371834755,0.02339143492281437,0.0362585186958313,0.0,0.0,0.0,0.0,0.0,-0.012825390323996544,4.169344902038574e-05
test:1574,Qwen3-8B,45,conflict,norm_matched,6,final,133,0.0,0.0,0.020927077159285545,0.027601858600974083,0.04280906170606613,0.0,0.0,0.0,0.0,0.0,-0.021881984546780586,-0.006674781441688538
test:1488,Qwen3-8B,45,conflict,norm_matched,6,final,30,0.0,0.0,0.023010652512311935,0.020287062972784042,0.02763660065829754,0.0,0.0,0.0,0.0,0.0,-0.004625948145985603,0.002723589539527893
test:1868,Qwen3-8B,45,conflict,norm_matched,6,final,40,0.0,0.0,0.021601062268018723,0.021604401990771294,0.02594667673110962,0.0,0.0,0.0,0.0,0.0,-0.004345614463090897,-3.339722752571106e-06
test:2233,Qwen3-8B,45,conflict,norm_matched,6,final,22,0.0,0.0,0.06725828349590302,0.05528062582015991,0.07279399782419205,0.0,0.0,0.0,0.0,0.0,-0.005535714328289032,0.011977657675743103
test:692,Qwen3-8B,45,conflict,norm_matched,6,final,101,0.0,0.0,0.03614427149295807,0.03745220601558685,0.03848736733198166,0.0,0.0,0.0,0.0,0.0,-0.00234309583902359,-0.0013079345226287842
test:1732,Qwen3-8B,45,conflict,norm_matched,6,final,24,0.0,0.0,0.02706516720354557,0.060607343912124634,0.03425855562090874,0.0,0.0,1.0,0.0,0.0,-0.007193388417363167,-0.03354217670857906
test:1002,Qwen3-8B,45,conflict,norm_matched,6,final,17,0.0,0.0,0.022411055862903595,0.012768340297043324,0.03668024390935898,0.0,0.0,0.0,0.0,0.0,-0.014269188046455383,0.009642715565860271
test:1607,Qwen3-8B,45,conflict,norm_matched,6,final,33,0.0,0.0,0.035894639790058136,0.010678359307348728,0.014076083898544312,0.0,0.0,0.0,0.0,1.0,0.021818555891513824,0.025216280482709408
test:1123,Qwen3-8B,45,conflict,norm_matched,6,final,30,0.0,0.0,0.016460862010717392,0.026326632127165794,0.022154562175273895,0.0,0.0,1.0,0.0,0.0,-0.005693700164556503,-0.009865770116448402
test:120,Qwen3-8B,45,conflict,norm_matched,6,final,145,0.0,0.0,0.047779664397239685,0.04425707831978798,0.0493888333439827,0.0,0.0,0.0,0.0,0.0,-0.0016091689467430115,0.003522586077451706
test:652,Qwen3-8B,45,conflict,norm_matched,6,final,15,0.0,0.0,0.03507446497678757,0.028437476605176926,0.03517518192529678,0.0,0.0,0.0,0.0,0.0,-0.00010071694850921631,0.0066369883716106415
test:850,Qwen3-8B,45,conflict,norm_matched,6,final,131,0.0,0.0,0.027891740202903748,0.031679730862379074,0.036088570952415466,0.0,0.0,0.0,0.0,0.0,-0.008196830749511719,-0.0037879906594753265
test:1633,Qwen3-8B,45,conflict,norm_matched,6,final,24,0.0,0.0,0.02659350261092186,0.030375860631465912,0.03204607963562012,0.0,0.0,0.0,0.0,0.0,-0.0054525770246982574,-0.003782358020544052
test:1126,Qwen3-8B,45,conflict,norm_matched,6,final,129,0.0,0.0,0.028096523135900497,0.06772703677415848,0.05800674483180046,0.0,0.0,1.0,0.0,0.0,-0.029910221695899963,-0.03963051363825798
test:2130,Qwen3-8B,45,conflict,norm_matched,6,final,45,0.0,0.0,0.0343359149992466,0.02573155239224434,0.026581326499581337,0.0,0.0,0.0,0.0,1.0,0.00775458849966526,0.008604362607002258
test:1982,Qwen3-8B,45,conflict,norm_matched,6,final,124,0.0,0.0,0.009122476913034916,0.015600311569869518,0.015360087156295776,0.0,0.0,1.0,0.0,0.0,-0.0062376102432608604,-0.006477834656834602
test:941,Qwen3-8B,45,conflict,norm_matched,6,final,136,0.0,0.0,0.03436536341905594,0.02343733049929142,0.05888930708169937,0.0,0.0,0.0,0.0,0.0,-0.024523943662643433,0.010928032919764519
test:1038,Qwen3-8B,45,conflict,norm_matched,6,final,107,0.0,0.0,0.029083462432026863,0.024641022086143494,0.02725192718207836,0.0,0.0,0.0,0.0,1.0,0.0018315352499485016,0.0044424403458833694
test:359,Qwen3-8B,45,conflict,norm_matched,6,final,79,0.0,0.0,0.042344819754362106,0.03133486211299896,0.03780696541070938,0.0,0.0,0.0,0.0,1.0,0.004537854343652725,0.011009957641363144
test:1015,Qwen3-8B,45,conflict,norm_matched,6,final,155,0.0,0.0,0.02901005931198597,0.026449380442500114,0.029796099290251732,0.0,0.0,0.0,0.0,0.0,-0.0007860399782657623,0.002560678869485855
test:680,Qwen3-8B,45,conflict,norm_matched,6,final,53,0.0,0.0,0.024630682542920113,0.02218613773584366,0.0185347069054842,0.0,0.0,1.0,0.0,1.0,0.006095975637435913,0.002444544807076454
test:1240,Qwen3-8B,45,conflict,norm_matched,6,final,155,0.0,0.0,0.016508890315890312,0.043346717953681946,0.04200941324234009,0.0,0.0,1.0,0.0,0.0,-0.025500522926449776,-0.026837827637791634
test:1330,Qwen3-8B,45,conflict,norm_matched,6,final,45,0.0,0.0,0.04730413854122162,0.03229430317878723,0.028479333966970444,0.0,0.0,1.0,0.0,1.0,0.018824804574251175,0.015009835362434387
test:544,Qwen3-8B,45,conflict,norm_matched,6,final,159,0.0,0.0,0.03693576902151108,0.039825282990932465,0.03886754438281059,0.0,0.0,1.0,0.0,0.0,-0.0019317753612995148,-0.0028895139694213867
test:695,Qwen3-8B,45,conflict,norm_matched,6,final,170,0.0,0.0,0.030500251799821854,0.03462814912199974,0.02871314063668251,0.0,0.0,1.0,0.0,1.0,0.0017871111631393433,-0.004127897322177887
test:1019,Qwen3-8B,45,conflict,norm_matched,6,final,81,0.0,0.0,0.04358728975057602,0.030834488570690155,0.0304853692650795,0.0,0.0,1.0,0.0,1.0,0.013101920485496521,0.012752801179885864
test:2172,Qwen3-8B,45,conflict,norm_matched,6,final,66,0.0,0.0,0.07128964364528656,0.08633050322532654,0.06197468191385269,0.0,0.0,1.0,0.0,1.0,0.009314961731433868,-0.015040859580039978
test:446,Qwen3-8B,45,conflict,norm_matched,6,final,80,0.0,0.0,0.050003815442323685,0.018311403691768646,0.0513102151453495,0.0,0.0,0.0,0.0,0.0,-0.0013063997030258179,0.03169241175055504
test:7,Qwen3-8B,45,conflict,norm_matched,6,final,35,0.0,0.0,0.017133107408881187,0.014029642567038536,0.015029540285468102,0.0,0.0,0.0,0.0,1.0,0.002103567123413086,0.0031034648418426514
test:1589,Qwen3-8B,45,conflict,norm_matched,6,final,24,0.0,0.0,0.03345135599374771,0.03172814100980759,0.029096750542521477,0.0,0.0,1.0,0.0,1.0,0.0043546054512262344,0.0017232149839401245
test:1087,Qwen3-8B,45,conflict,norm_matched,6,final,153,0.0,0.0,0.026639413088560104,0.05046980828046799,0.0521598719060421,0.0,0.0,0.0,0.0,0.0,-0.025520458817481995,-0.023830395191907883
test:603,Qwen3-8B,45,conflict,norm_matched,6,final,174,0.0,0.0,0.01467025838792324,0.017806386575102806,0.026213843375444412,0.0,0.0,0.0,0.0,0.0,-0.011543584987521172,-0.0031361281871795654
test:1608,Qwen3-8B,45,conflict,norm_matched,6,final,84,0.0,0.0,0.02759712189435959,0.031852301210165024,0.02368340641260147,0.0,0.0,1.0,0.0,1.0,0.003913715481758118,-0.004255179315805435
test:774,Qwen3-8B,45,conflict,norm_matched,6,final,94,0.0,0.0,0.023042839020490646,0.02276451140642166,0.022209906950592995,0.0,0.0,1.0,0.0,1.0,0.0008329320698976517,0.000278327614068985
test:1996,Qwen3-8B,45,conflict,norm_matched,6,final,170,0.0,0.0,0.04245160147547722,0.035277266055345535,0.02914772927761078,0.0,0.0,1.0,0.0,1.0,0.01330387219786644,0.007174335420131683
test:2221,Qwen3-8B,45,conflict,norm_matched,6,final,75,0.0,0.0,0.039306677877902985,0.034367885440588,0.04109180346131325,0.0,0.0,0.0,0.0,0.0,-0.001785125583410263,0.004938792437314987
test:1313,Qwen3-8B,45,conflict,norm_matched,6,final,59,0.0,0.0,0.03367873281240463,0.043404094874858856,0.0364898256957531,0.0,0.0,1.0,0.0,0.0,-0.002811092883348465,-0.009725362062454224
test:1515,Qwen3-8B,45,conflict,norm_matched,6,final,197,0.0,0.0,0.02280491590499878,0.030419640243053436,0.03410397842526436,0.0,0.0,0.0,0.0,0.0,-0.01129906252026558,-0.007614724338054657
test:1418,Qwen3-8B,45,conflict,norm_matched,6,final,154,0.0,0.0,0.038877613842487335,0.03530656173825264,0.033098701387643814,0.0,0.0,1.0,0.0,1.0,0.005778912454843521,0.0035710521042346954
test:999,Qwen3-8B,45,conflict,norm_matched,6,final,171,0.0,0.0,0.03429121524095535,0.03660110756754875,0.01995086297392845,0.0,0.0,1.0,0.0,1.0,0.014340352267026901,-0.002309892326593399
test:1431,Qwen3-8B,45,conflict,norm_matched,6,final,74,0.0,0.0,0.02445833384990692,0.024643322452902794,0.029579220339655876,0.0,0.0,0.0,0.0,0.0,-0.005120886489748955,-0.0001849886029958725
test:702,Qwen3-8B,45,conflict,norm_matched,6,final,19,0.0,0.0,0.03181261941790581,0.031053630635142326,0.03446730971336365,0.0,0.0,0.0,0.0,0.0,-0.00265469029545784,0.0007589887827634811
test:111,Qwen3-8B,45,conflict,norm_matched,6,final,28,0.0,0.0,0.04503820836544037,0.06068383529782295,0.04446542263031006,0.0,0.0,1.0,0.0,1.0,0.0005727857351303101,-0.015645626932382584
test:1039,Qwen3-8B,45,conflict,norm_matched,6,final,193,0.0,0.0,0.017251450568437576,0.025209501385688782,0.031210333108901978,0.0,0.0,0.0,0.0,0.0,-0.013958882540464401,-0.007958050817251205
test:586,Qwen3-8B,45,conflict,norm_matched,6,final,177,0.0,0.0,0.009206181392073631,0.048097334802150726,0.011467620730400085,0.0,0.0,1.0,0.0,0.0,-0.002261439338326454,-0.038891153410077095
test:733,Qwen3-8B,45,conflict,norm_matched,6,final,15,0.0,0.0,0.03563612699508667,0.035845983773469925,0.03137714043259621,0.0,0.0,1.0,0.0,1.0,0.004258986562490463,-0.000209856778383255
test:562,Qwen3-8B,45,conflict,norm_matched,6,final,60,0.0,0.0,-0.00036562944296747446,0.03134762495756149,-0.00046938774175941944,0.0,0.0,1.0,0.0,1.0,0.00010375829879194498,-0.03171325440052897
test:367,Qwen3-8B,45,conflict,norm_matched,6,final,183,0.0,0.0,0.015027590095996857,0.025999369099736214,0.01384661253541708,0.0,0.0,1.0,0.0,1.0,0.0011809775605797768,-0.010971779003739357
test:2093,Qwen3-8B,45,conflict,norm_matched,6,final,211,0.0,0.0,0.03372862562537193,0.044616714119911194,0.04153711348772049,0.0,0.0,1.0,0.0,0.0,-0.0078084878623485565,-0.01088808849453926
test:298,Qwen3-8B,45,conflict,norm_matched,6,final,56,0.0,0.0,0.047545548528432846,0.03160490095615387,0.03343015909194946,0.0,0.0,0.0,0.0,1.0,0.014115389436483383,0.015940647572278976
test:618,Qwen3-8B,45,conflict,norm_matched,6,final,62,0.0,0.0,0.027687735855579376,0.020447954535484314,0.015347568318247795,0.0,0.0,1.0,0.0,1.0,0.012340167537331581,0.007239781320095062
test:213,Qwen3-8B,45,conflict,norm_matched,6,final,83,0.0,0.0,0.04360116273164749,0.05578002706170082,0.02882612682878971,0.0,0.0,1.0,0.0,1.0,0.01477503590285778,-0.01217886433005333
test:1770,Qwen3-8B,45,conflict,norm_matched,6,final,61,0.0,0.0,0.01971367560327053,0.021050570532679558,0.009758824482560158,0.0,0.0,1.0,0.0,1.0,0.009954851120710373,-0.001336894929409027
test:784,Qwen3-8B,45,conflict,norm_matched,6,final,163,0.0,0.0,0.0367153100669384,0.051401518285274506,0.05152948200702667,0.0,0.0,0.0,0.0,0.0,-0.014814171940088272,-0.014686208218336105
test:748,Qwen3-8B,45,conflict,norm_matched,6,final,134,0.0,0.0,0.014556326903402805,0.019002795219421387,0.01583894155919552,0.0,0.0,1.0,0.0,0.0,-0.0012826146557927132,-0.004446468316018581
test:691,Qwen3-8B,45,conflict,norm_matched,6,final,163,0.0,0.0,0.04505133256316185,0.07333496958017349,0.07758796215057373,0.0,0.0,0.0,0.0,0.0,-0.03253662958741188,-0.028283637017011642
test:1521,Qwen3-8B,45,conflict,norm_matched,6,final,192,0.0,0.0,0.014898955821990967,0.024079149588942528,0.02293907105922699,0.0,0.0,1.0,0.0,0.0,-0.008040115237236023,-0.009180193766951561
test:153,Qwen3-8B,45,conflict,norm_matched,6,final,116,0.0,0.0,0.04134631156921387,0.031286630779504776,0.040125772356987,0.0,0.0,0.0,0.0,1.0,0.0012205392122268677,0.010059680789709091
test:1145,Qwen3-8B,45,conflict,norm_matched,6,final,194,0.0,0.0,0.03262437507510185,0.04901095852255821,0.04536941647529602,0.0,0.0,1.0,0.0,0.0,-0.012745041400194168,-0.01638658344745636
test:1941,Qwen3-8B,45,conflict,norm_matched,6,final,206,0.0,0.0,0.023348238319158554,0.03575668856501579,0.03313988447189331,0.0,0.0,1.0,0.0,0.0,-0.009791646152734756,-0.012408450245857239
test:128,Qwen3-8B,45,conflict,norm_matched,6,final,132,0.0,0.0,0.040815018117427826,0.027504287660121918,0.03508080914616585,0.0,0.0,0.0,0.0,1.0,0.005734208971261978,0.013310730457305908
test:499,Qwen3-8B,45,conflict,norm_matched,6,final,153,0.0,0.0,0.01226595975458622,0.018387366086244583,0.01722164824604988,0.0,0.0,1.0,0.0,0.0,-0.004955688491463661,-0.006121406331658363
test:869,Qwen3-8B,45,conflict,norm_matched,6,final,12,0.0,0.0,0.03250100463628769,0.02983703278005123,0.01264268346130848,0.0,0.0,1.0,0.0,1.0,0.01985832117497921,0.002663971856236458
test:1236,Qwen3-8B,45,conflict,norm_matched,6,final,92,0.0,0.0,0.031271327286958694,0.03589646518230438,0.029405152425169945,0.0,0.0,1.0,0.0,1.0,0.0018661748617887497,-0.004625137895345688
test:1870,Qwen3-8B,45,conflict,norm_matched,6,final,55,0.0,0.0,0.02625654824078083,0.022617213428020477,0.0237162783741951,0.0,0.0,0.0,0.0,1.0,0.0025402698665857315,0.003639334812760353
test:1310,Qwen3-8B,45,conflict,norm_matched,6,final,71,0.0,0.0,0.04083859920501709,0.039855387061834335,0.04417217895388603,0.0,0.0,0.0,0.0,0.0,-0.0033335797488689423,0.0009832121431827545
test:1221,Qwen3-8B,45,conflict,norm_matched,6,final,218,0.0,0.0,0.021383030340075493,0.02053280733525753,0.0224005039781332,0.0,0.0,0.0,0.0,0.0,-0.0010174736380577087,0.0008502230048179626
test:257,Qwen3-8B,45,conflict,norm_matched,6,final,83,0.0,0.0,0.02825022116303444,0.02625417336821556,0.028815584257245064,0.0,0.0,0.0,0.0,0.0,-0.0005653630942106247,0.001996047794818878
test:1513,Qwen3-8B,45,conflict,norm_matched,6,final,48,0.0,0.0,0.027092380449175835,0.019915973767638206,0.025100070983171463,0.0,0.0,0.0,0.0,1.0,0.0019923094660043716,0.007176406681537628
test:553,Qwen3-8B,45,conflict,norm_matched,6,final,37,0.0,0.0,0.044047772884368896,0.0492524690926075,0.004144221544265747,0.0,0.0,1.0,0.0,1.0,0.03990355134010315,-0.005204696208238602
test:1881,Qwen3-8B,45,conflict,norm_matched,6,final,191,0.0,0.0,0.03000604175031185,0.05140937864780426,0.0469571016728878,0.0,0.0,1.0,0.0,0.0,-0.01695105992257595,-0.02140333689749241
test:2262,Qwen3-8B,45,conflict,norm_matched,6,final,133,0.0,0.0,0.05189356952905655,0.032803162932395935,0.03239752724766731,0.0,0.0,1.0,0.0,1.0,0.019496042281389236,0.019090406596660614
test:911,Qwen3-8B,45,conflict,norm_matched,6,final,151,0.0,0.0,0.038398053497076035,0.05438019707798958,0.035656969994306564,0.0,0.0,1.0,0.0,1.0,0.00274108350276947,-0.015982143580913544
test:1947,Qwen3-8B,45,conflict,norm_matched,6,final,218,0.0,0.0,0.03161091357469559,0.042582765221595764,0.03969439119100571,0.0,0.0,1.0,0.0,0.0,-0.00808347761631012,-0.010971851646900177
test:675,Qwen3-8B,45,conflict,norm_matched,6,final,168,0.0,0.0,0.029224270954728127,0.04574866592884064,0.029057087376713753,0.0,0.0,1.0,0.0,1.0,0.00016718357801437378,-0.01652439497411251
test:979,Qwen3-8B,45,conflict,norm_matched,6,final,155,0.0,0.0,0.04177273064851761,0.025272274389863014,0.03481375798583031,0.0,0.0,0.0,0.0,1.0,0.006958972662687302,0.016500456258654594
test:783,Qwen3-8B,45,conflict,norm_matched,6,final,181,0.0,0.0,0.03903477266430855,0.05469164624810219,0.05669013038277626,0.0,0.0,0.0,0.0,0.0,-0.017655357718467712,-0.01565687358379364
test:2149,Qwen3-8B,45,conflict,norm_matched,6,final,238,0.0,0.0,0.01588941551744938,0.04798242449760437,0.030489496886730194,0.0,0.0,1.0,0.0,0.0,-0.014600081369280815,-0.03209300898015499
test:1231,Qwen3-8B,45,conflict,norm_matched,6,final,212,0.0,0.0,0.022579411044716835,0.028346046805381775,0.018615128472447395,0.0,0.0,1.0,0.0,1.0,0.00396428257226944,-0.00576663576066494
test:68,Qwen3-8B,45,conflict,norm_matched,6,final,17,0.0,0.0,0.04607008770108223,0.045228905975818634,0.04819967597723007,0.0,0.0,0.0,0.0,0.0,-0.0021295882761478424,0.0008411817252635956
test:180,Qwen3-8B,45,conflict,norm_matched,6,final,32,0.0,0.0,0.014149550348520279,0.01634923182427883,0.014757297933101654,0.0,0.0,1.0,0.0,0.0,-0.0006077475845813751,-0.0021996814757585526
test:2034,Qwen3-8B,45,conflict,norm_matched,6,final,64,0.0,0.0,0.031915146857500076,0.035508617758750916,0.03852696344256401,0.0,0.0,0.0,0.0,0.0,-0.006611816585063934,-0.0035934709012508392
test:1007,Qwen3-8B,45,conflict,norm_matched,6,final,30,0.0,0.0,0.06537231802940369,0.046674471348524094,0.04536779224872589,0.0,0.0,1.0,0.0,1.0,0.020004525780677795,0.018697846680879593
test:1917,Qwen3-8B,45,conflict,norm_matched,6,final,97,0.0,0.0,0.041237056255340576,0.02839893475174904,0.02954145520925522,0.0,0.0,0.0,0.0,1.0,0.011695601046085358,0.012838121503591537
test:1869,Qwen3-8B,45,conflict,norm_matched,6,final,62,0.0,0.0,0.0445772260427475,0.05381469056010246,0.010453087277710438,0.0,0.0,1.0,0.0,1.0,0.03412413876503706,-0.009237464517354965
test:1819,Qwen3-8B,45,conflict,norm_matched,6,final,37,0.0,0.0,0.019511954858899117,0.055540814995765686,0.029356610029935837,0.0,0.0,1.0,0.0,0.0,-0.00984465517103672,-0.03602886013686657
test:225,Qwen3-8B,45,conflict,norm_matched,6,final,158,0.0,0.0,0.02754085510969162,0.029606230556964874,0.025335364043712616,0.0,0.0,1.0,0.0,1.0,0.002205491065979004,-0.0020653754472732544
test:1978,Qwen3-8B,45,conflict,norm_matched,6,final,235,0.0,0.0,0.04837872087955475,0.07490245997905731,0.08392030000686646,0.0,0.0,0.0,0.0,0.0,-0.03554157912731171,-0.026523739099502563
test:1849,Qwen3-8B,45,conflict,norm_matched,6,final,34,0.0,0.0,0.035197511315345764,0.030934378504753113,0.029329700395464897,0.0,0.0,1.0,0.0,1.0,0.005867810919880867,0.004263132810592651
test:1267,Qwen3-8B,45,conflict,norm_matched,6,final,227,0.0,0.0,0.019335947930812836,0.029304075986146927,0.025785543024539948,0.0,0.0,1.0,0.0,0.0,-0.006449595093727112,-0.009968128055334091
test:2014,Qwen3-8B,45,conflict,norm_matched,6,final,197,0.0,0.0,0.03474290668964386,0.04973631724715233,0.042747434228658676,0.0,0.0,1.0,0.0,0.0,-0.008004527539014816,-0.014993410557508469
test:747,Qwen3-8B,45,conflict,norm_matched,6,final,101,0.0,0.0,0.05104929208755493,0.05074356868863106,0.04634206369519234,0.0,0.0,1.0,0.0,1.0,0.004707228392362595,0.0003057233989238739
test:1536,Qwen3-8B,45,conflict,norm_matched,6,final,206,0.0,0.0,0.019996600225567818,0.010979469865560532,0.018688982352614403,0.0,0.0,0.0,0.0,1.0,0.001307617872953415,0.009017130360007286
test:495,Qwen3-8B,45,conflict,norm_matched,6,final,206,0.0,0.0,0.018761876970529556,0.018087344244122505,0.04038495570421219,0.0,0.0,0.0,0.0,0.0,-0.021623078733682632,0.0006745327264070511
test:1218,Qwen3-8B,45,conflict,norm_matched,6,final,206,0.0,0.0,0.029143918305635452,0.025992920622229576,0.03329797461628914,0.0,0.0,0.0,0.0,0.0,-0.0041540563106536865,0.003150997683405876
test:908,Qwen3-8B,45,conflict,norm_matched,6,final,72,0.0,0.0,0.03901934623718262,0.046585507690906525,-0.02191799320280552,0.0,0.0,1.0,0.0,1.0,0.060937339439988136,-0.0075661614537239075
test:284,Qwen3-8B,45,conflict,norm_matched,6,final,53,0.0,0.0,0.04195496067404747,0.11077263206243515,0.05875546485185623,0.0,0.0,1.0,0.0,0.0,-0.01680050417780876,-0.06881767138838768
test:307,Qwen3-8B,45,conflict,norm_matched,6,final,97,0.0,0.0,0.01583457738161087,0.010779356583952904,0.00804467685520649,0.0,0.0,1.0,0.0,1.0,0.007789900526404381,0.005055220797657967
test:1101,Qwen3-8B,45,conflict,norm_matched,6,final,199,0.0,0.0,0.025065425783395767,0.014568733982741833,0.018745293840765953,0.0,0.0,0.0,0.0,1.0,0.006320131942629814,0.010496691800653934
test:2091,Qwen3-8B,45,conflict,norm_matched,6,final,252,0.0,0.0,0.047707706689834595,0.049485914409160614,0.04214392229914665,0.0,0.0,1.0,0.0,1.0,0.0055637843906879425,-0.0017782077193260193
test:1343,Qwen3-8B,45,conflict,norm_matched,6,final,148,0.0,0.0,0.03948673978447914,0.029759814962744713,0.0327637642621994,0.0,0.0,0.0,0.0,1.0,0.006722975522279739,0.009726924821734428
test:312,Qwen3-8B,45,conflict,norm_matched,6,final,190,0.0,0.0,0.049391813576221466,0.04614952579140663,0.03171948343515396,0.0,0.0,1.0,0.0,1.0,0.017672330141067505,0.0032422877848148346
test:1853,Qwen3-8B,45,conflict,norm_matched,6,final,190,0.0,0.0,0.02577066794037819,0.027209492400288582,0.024625375866889954,0.0,0.0,1.0,0.0,1.0,0.0011452920734882355,-0.0014388244599103928
test:2161,Qwen3-8B,45,conflict,norm_matched,6,final,36,0.0,0.0,0.025222280994057655,0.019019167870283127,0.016466880217194557,0.0,0.0,1.0,0.0,1.0,0.008755400776863098,0.0062031131237745285
test:993,Qwen3-8B,45,conflict,norm_matched,6,final,77,0.0,0.0,0.044673770666122437,0.03171151876449585,0.016666028648614883,0.0,0.0,1.0,0.0,1.0,0.028007742017507553,0.012962251901626587
test:1764,Qwen3-8B,45,conflict,norm_matched,6,final,162,0.0,0.0,0.03344332054257393,0.060684822499752045,0.03225678578019142,0.0,0.0,1.0,0.0,1.0,0.0011865347623825073,-0.027241501957178116
test:1238,Qwen3-8B,45,conflict,norm_matched,6,final,55,0.0,0.0,0.024291682988405228,0.025139382109045982,0.022436439990997314,0.0,0.0,1.0,0.0,1.0,0.0018552429974079132,-0.0008476991206407547
test:2222,Qwen3-8B,45,conflict,norm_matched,6,final,95,0.0,0.0,0.05492250248789787,0.06312812119722366,0.07751938700675964,0.0,0.0,0.0,0.0,0.0,-0.02259688451886177,-0.00820561870932579
test:2007,Qwen3-8B,45,conflict,norm_matched,6,final,133,0.0,0.0,0.045233406126499176,0.03491077944636345,0.042699601501226425,0.0,0.0,0.0,0.0,1.0,0.002533804625272751,0.010322626680135727
test:1177,Qwen3-8B,45,conflict,norm_matched,6,final,90,0.0,0.0,0.023501021787524223,0.030963841825723648,0.030335962772369385,0.0,0.0,1.0,0.0,0.0,-0.0068349409848451614,-0.007462820038199425
test:378,Qwen3-8B,45,conflict,norm_matched,6,final,288,0.0,0.0,0.014040878042578697,0.026552844792604446,0.015539534389972687,0.0,0.0,1.0,0.0,0.0,-0.0014986563473939896,-0.01251196675002575
test:1086,Qwen3-8B,45,conflict,norm_matched,6,final,75,0.0,0.0,0.04058906435966492,0.040897186845541,0.037044648081064224,0.0,0.0,1.0,0.0,1.0,0.0035444162786006927,-0.0003081224858760834
test:350,Qwen3-8B,45,conflict,norm_matched,6,final,87,0.0,0.0,0.04218399524688721,0.013711749576032162,0.020310744643211365,0.0,0.0,0.0,0.0,1.0,0.021873250603675842,0.028472245670855045
test:2256,Qwen3-8B,45,conflict,norm_matched,6,final,48,0.0,0.0,0.022956877946853638,0.0323498360812664,0.025482874363660812,0.0,0.0,1.0,0.0,0.0,-0.0025259964168071747,-0.009392958134412766
test:2064,Qwen3-8B,45,conflict,norm_matched,6,final,193,0.0,0.0,0.023154884576797485,0.016910359263420105,0.023172518238425255,0.0,0.0,0.0,0.0,0.0,-1.763366162776947e-05,0.00624452531337738
test:635,Qwen3-8B,45,conflict,norm_matched,6,final,44,0.0,0.0,0.03615832328796387,0.03583819046616554,0.010334810242056847,0.0,0.0,1.0,0.0,1.0,0.02582351304590702,0.0003201328217983246
test:2182,Qwen3-8B,45,conflict,norm_matched,6,final,165,0.0,0.0,0.05372298136353493,0.050655607134103775,0.04830795153975487,0.0,0.0,1.0,0.0,1.0,0.00541502982378006,0.0030673742294311523
test:502,Qwen3-8B,45,conflict,norm_matched,6,final,235,0.0,0.0,0.017471272498369217,0.024602718651294708,0.01959232985973358,0.0,0.0,1.0,0.0,0.0,-0.0021210573613643646,-0.007131446152925491
test:434,Qwen3-8B,45,conflict,norm_matched,6,final,192,0.0,0.0,0.04419183358550072,0.05270592123270035,0.04347672313451767,0.0,0.0,1.0,0.0,1.0,0.0007151104509830475,-0.00851408764719963
test:1225,Qwen3-8B,45,conflict,norm_matched,6,final,209,0.0,0.0,0.026254119351506233,0.027426064014434814,0.02696390263736248,0.0,0.0,1.0,0.0,0.0,-0.000709783285856247,-0.0011719446629285812
test:1483,Qwen3-8B,45,conflict,norm_matched,6,final,40,0.0,0.0,0.0358855165541172,0.027438048273324966,0.018812334164977074,0.0,0.0,1.0,0.0,1.0,0.01707318238914013,0.008447468280792236
test:327,Qwen3-8B,45,conflict,norm_matched,6,final,247,0.0,0.0,0.06042686104774475,0.05113993585109711,0.04048901051282883,0.0,0.0,1.0,0.0,1.0,0.019937850534915924,0.009286925196647644
test:646,Qwen3-8B,45,conflict,norm_matched,6,final,120,0.0,0.0,0.022380931302905083,0.05817950516939163,0.00962922815233469,0.0,0.0,1.0,0.0,1.0,0.012751703150570393,-0.03579857386648655
test:1214,Qwen3-8B,45,conflict,norm_matched,6,final,272,0.0,0.0,0.03498121723532677,0.03645496442914009,0.04094652459025383,0.0,0.0,0.0,0.0,0.0,-0.005965307354927063,-0.001473747193813324
test:1722,Qwen3-8B,45,conflict,norm_matched,6,final,97,0.0,0.0,0.04087282344698906,0.045659251511096954,0.045163705945014954,0.0,0.0,1.0,0.0,0.0,-0.004290882498025894,-0.004786428064107895
test:2062,Qwen3-8B,45,conflict,norm_matched,6,final,208,0.0,0.0,0.04209545999765396,0.04958822950720787,0.041687577962875366,0.0,0.0,1.0,0.0,1.0,0.00040788203477859497,-0.007492769509553909
test:1009,Qwen3-8B,45,conflict,norm_matched,6,final,33,0.0,0.0,0.04693262279033661,0.02844565361738205,0.044213466346263885,0.0,0.0,0.0,0.0,1.0,0.0027191564440727234,0.01848696917295456
test:92,Qwen3-8B,45,conflict,norm_matched,6,final,62,0.0,0.0,0.02716112695634365,0.03312715142965317,0.02073904685676098,0.0,0.0,1.0,0.0,1.0,0.006422080099582672,-0.005966024473309517
test:471,Qwen3-8B,45,conflict,norm_matched,6,final,111,0.0,0.0,0.04057484492659569,0.023951532319188118,0.027040980756282806,0.0,0.0,0.0,0.0,1.0,0.013533864170312881,0.01662331260740757
test:1083,Qwen3-8B,45,conflict,norm_matched,6,final,168,0.0,0.0,0.0740249902009964,0.09080483764410019,0.09474894404411316,0.0,0.0,0.0,0.0,0.0,-0.02072395384311676,-0.01677984744310379
test:2108,Qwen3-8B,45,conflict,norm_matched,6,final,191,0.0,0.0,0.052937790751457214,0.05363290756940842,0.04778924584388733,0.0,0.0,1.0,0.0,1.0,0.005148544907569885,-0.0006951168179512024
test:2227,Qwen3-8B,45,conflict,norm_matched,6,final,115,0.0,0.0,0.02564357779920101,0.027278155088424683,0.021907862275838852,0.0,0.0,1.0,0.0,1.0,0.0037357155233621597,-0.001634577289223671
test:1251,Qwen3-8B,45,conflict,norm_matched,6,final,264,0.0,0.0,0.010708127170801163,0.016960326582193375,0.020999129861593246,0.0,0.0,0.0,0.0,0.0,-0.010291002690792084,-0.006252199411392212
test:498,Qwen3-8B,45,conflict,norm_matched,6,final,298,0.0,0.0,0.030713601037859917,0.028557801619172096,0.03538614138960838,0.0,0.0,0.0,0.0,0.0,-0.0046725403517484665,0.0021557994186878204
test:1920,Qwen3-8B,45,conflict,norm_matched,6,final,83,0.0,0.0,0.06292513757944107,0.06104050204157829,0.048119883984327316,0.0,0.0,1.0,0.0,1.0,0.014805253595113754,0.0018846355378627777
test:1845,Qwen3-8B,45,conflict,norm_matched,6,final,55,0.0,0.0,0.03283371776342392,0.03943882882595062,0.036258019506931305,0.0,0.0,1.0,0.0,0.0,-0.0034243017435073853,-0.006605111062526703
test:1790,Qwen3-8B,45,conflict,norm_matched,6,final,69,0.0,0.0,0.014032267034053802,0.02344462275505066,0.01525814551860094,0.0,0.0,1.0,0.0,0.0,-0.0012258784845471382,-0.009412355720996857
test:1563,Qwen3-8B,45,conflict,norm_matched,6,final,62,0.0,0.0,0.020980622619390488,0.027700457721948624,0.02881765179336071,0.0,0.0,0.0,0.0,0.0,-0.007837029173970222,-0.006719835102558136
test:1715,Qwen3-8B,45,conflict,norm_matched,6,final,210,0.0,0.0,0.0422808974981308,0.038369737565517426,0.038708142936229706,0.0,0.0,0.0,0.0,1.0,0.0035727545619010925,0.003911159932613373
test:1395,Qwen3-8B,45,conflict,norm_matched,6,final,285,0.0,0.0,0.044312287122011185,0.052906136959791183,0.042692650109529495,0.0,0.0,1.0,0.0,1.0,0.0016196370124816895,-0.008593849837779999
test:923,Qwen3-8B,45,conflict,norm_matched,6,final,227,0.0,0.0,0.0266287662088871,0.02447693422436714,0.021411534398794174,0.0,0.0,1.0,0.0,1.0,0.005217231810092926,0.0021518319845199585
test:800,Qwen3-8B,45,conflict,norm_matched,6,final,52,0.0,0.0,0.05468820035457611,0.04440002143383026,0.05611683800816536,0.0,0.0,0.0,0.0,0.0,-0.0014286376535892487,0.01028817892074585
test:1525,Qwen3-8B,45,conflict,norm_matched,6,final,117,0.0,0.0,0.024376310408115387,0.022072654217481613,0.02648376300930977,0.0,0.0,0.0,0.0,0.0,-0.0021074526011943817,0.002303656190633774
test:617,Qwen3-8B,45,conflict,norm_matched,6,final,97,0.0,0.0,0.031546078622341156,0.015448023565113544,0.024233145639300346,0.0,0.0,0.0,0.0,1.0,0.00731293298304081,0.01609805505722761
test:2225,Qwen3-8B,45,conflict,norm_matched,6,final,72,0.0,0.0,0.04035846143960953,0.03382427617907524,0.03418009355664253,0.0,0.0,0.0,0.0,1.0,0.006178367882966995,0.0065341852605342865
test:125,Qwen3-8B,45,conflict,norm_matched,6,final,23,0.0,0.0,0.034654829651117325,0.02136804535984993,0.019986532628536224,0.0,0.0,1.0,0.0,1.0,0.0146682970225811,0.013286784291267395
test:1316,Qwen3-8B,45,conflict,norm_matched,6,final,123,0.0,0.0,0.01787601411342621,0.023766884580254555,0.013675548136234283,0.0,0.0,1.0,0.0,1.0,0.004200465977191925,-0.005890870466828346
test:1848,Qwen3-8B,45,conflict,norm_matched,6,final,44,0.0,0.0,0.03593477979302406,0.039306383579969406,0.037506185472011566,0.0,0.0,1.0,0.0,0.0,-0.001571405678987503,-0.003371603786945343
test:1481,Qwen3-8B,45,conflict,norm_matched,6,final,30,0.0,0.0,0.001837921212427318,0.01904454082250595,0.02078063413500786,0.0,0.0,0.0,0.0,0.0,-0.01894271292258054,-0.017206619610078633
test:1667,Qwen3-8B,45,conflict,norm_matched,6,final,296,0.0,0.0,0.02681106887757778,0.026412777602672577,0.024482131004333496,0.0,0.0,1.0,0.0,1.0,0.0023289378732442856,0.0003982912749052048
test:1901,Qwen3-8B,45,conflict,norm_matched,6,final,60,0.0,0.0,0.04158872365951538,0.03465048223733902,0.034519877284765244,0.0,0.0,1.0,0.0,1.0,0.007068846374750137,0.006938241422176361
test:1673,Qwen3-8B,45,conflict,norm_matched,6,final,125,0.0,0.0,0.0319361686706543,0.038494523614645004,0.03712281212210655,0.0,0.0,1.0,0.0,0.0,-0.005186643451452255,-0.006558354943990707
test:2280,Qwen3-8B,45,conflict,norm_matched,6,final,60,0.0,0.0,0.03985016793012619,0.037636566907167435,0.03847773000597954,0.0,0.0,0.0,0.0,1.0,0.0013724379241466522,0.0022136010229587555
test:2251,Qwen3-8B,45,conflict,norm_matched,6,final,55,0.0,0.0,0.03453844413161278,0.028710100799798965,0.02169742062687874,0.0,0.0,1.0,0.0,1.0,0.01284102350473404,0.005828343331813812
test:512,Qwen3-8B,45,conflict,norm_matched,6,final,156,0.0,0.0,0.025135250762104988,0.03575548529624939,0.029462872073054314,0.0,0.0,1.0,0.0,0.0,-0.0043276213109493256,-0.010620234534144402
test:220,Qwen3-8B,45,conflict,norm_matched,6,final,375,0.0,0.0,0.032936230301856995,0.02969576045870781,0.026866592466831207,0.0,0.0,1.0,0.0,1.0,0.006069637835025787,0.003240469843149185
test:997,Qwen3-8B,45,conflict,norm_matched,6,final,308,0.0,0.0,0.018868232145905495,0.039102423936128616,0.0182343702763319,0.0,0.0,1.0,0.0,1.0,0.0006338618695735931,-0.02023419179022312
test:1553,Qwen3-8B,45,conflict,norm_matched,6,final,272,0.0,0.0,0.041945721954107285,0.05189308524131775,0.036575548350811005,0.0,0.0,1.0,0.0,1.0,0.00537017360329628,-0.009947363287210464
test:731,Qwen3-8B,45,conflict,norm_matched,6,final,11,0.0,0.0,0.01850072108209133,0.03701469302177429,0.0273133534938097,0.0,0.0,1.0,0.0,0.0,-0.008812632411718369,-0.01851397193968296
test:1433,Qwen3-8B,45,conflict,norm_matched,6,final,73,0.0,0.0,0.04366915673017502,0.02725430577993393,0.016944510862231255,0.0,0.0,1.0,0.0,1.0,0.026724645867943764,0.01641485095024109
test:65,Qwen3-8B,45,conflict,norm_matched,6,final,83,0.0,0.0,0.04583027958869934,0.0473291277885437,0.04762052372097969,0.0,0.0,0.0,0.0,0.0,-0.0017902441322803497,-0.0014988481998443604
test:1575,Qwen3-8B,45,conflict,norm_matched,6,final,140,0.0,0.0,0.028004085645079613,0.033936403691768646,0.026178302243351936,0.0,0.0,1.0,0.0,1.0,0.0018257834017276764,-0.0059323180466890335
test:1784,Qwen3-8B,45,conflict,norm_matched,6,final,55,0.0,0.0,0.011390591971576214,0.019300537183880806,0.02228810079395771,0.0,0.0,0.0,0.0,0.0,-0.010897508822381496,-0.007909945212304592
test:1566,Qwen3-8B,45,conflict,norm_matched,6,final,68,0.0,0.0,0.055702559649944305,0.0446927584707737,0.04029301181435585,0.0,0.0,1.0,0.0,1.0,0.015409547835588455,0.011009801179170609
test:1807,Qwen3-8B,45,conflict,norm_matched,6,final,99,0.0,0.0,0.041012734174728394,0.02630077861249447,0.030121836811304092,0.0,0.0,0.0,0.0,1.0,0.010890897363424301,0.014711955562233925
test:1408,Qwen3-8B,45,conflict,norm_matched,6,final,85,0.0,0.0,0.06041824072599411,0.05739288404583931,0.04834455996751785,0.0,0.0,1.0,0.0,1.0,0.012073680758476257,0.0030253566801548004
test:621,Qwen3-8B,45,conflict,norm_matched,6,final,198,0.0,0.0,0.033355459570884705,0.030074885115027428,0.02655061148107052,0.0,0.0,1.0,0.0,1.0,0.006804848089814186,0.003280574455857277
test:531,Qwen3-8B,45,conflict,norm_matched,6,final,97,0.0,0.0,0.06136967986822128,0.02410861849784851,0.03329966217279434,0.0,0.0,0.0,0.0,1.0,0.02807001769542694,0.03726106137037277
test:394,Qwen3-8B,45,conflict,norm_matched,6,final,69,0.0,0.0,0.04331044480204582,0.026846107095479965,0.0019416104769334197,0.0,0.0,1.0,0.0,1.0,0.0413688343251124,0.016464337706565857
test:641,Qwen3-8B,45,conflict,norm_matched,6,final,313,0.0,0.0,0.04687745124101639,0.10115951299667358,0.07151065021753311,0.0,0.0,1.0,0.0,0.0,-0.024633198976516724,-0.054282061755657196
test:2003,Qwen3-8B,45,conflict,norm_matched,6,final,14,0.0,0.0,0.0040559424087405205,0.023637790232896805,0.03277665376663208,0.0,0.0,0.0,0.0,0.0,-0.02872071135789156,-0.019581847824156284
test:243,Qwen3-8B,45,conflict,norm_matched,6,final,177,0.0,0.0,0.02950628101825714,0.023873627185821533,0.033241309225559235,0.0,0.0,0.0,0.0,0.0,-0.0037350282073020935,0.005632653832435608
test:85,Qwen3-8B,45,conflict,norm_matched,6,final,391,0.0,0.0,0.01885456219315529,0.028989914804697037,0.04309558868408203,0.0,0.0,0.0,0.0,0.0,-0.024241026490926743,-0.010135352611541748
test:847,Qwen3-8B,45,conflict,norm_matched,6,final,30,0.0,0.0,0.04595724120736122,0.060160938650369644,0.012036568485200405,0.0,0.0,1.0,0.0,1.0,0.033920672722160816,-0.014203697443008423
test:4,Qwen3-8B,45,conflict,norm_matched,6,final,87,0.0,0.0,0.07144322991371155,0.06005191057920456,0.06422516703605652,0.0,0.0,0.0,0.0,1.0,0.007218062877655029,0.011391319334506989
test:468,Qwen3-8B,45,conflict,norm_matched,6,final,77,0.0,0.0,0.027056854218244553,0.03339305520057678,0.021116528660058975,0.0,0.0,1.0,0.0,1.0,0.005940325558185577,-0.00633620098233223
test:1928,Qwen3-8B,45,conflict,norm_matched,6,final,378,0.0,0.0,0.03334413468837738,0.06216741353273392,0.0333951972424984,0.0,0.0,1.0,0.0,0.0,-5.1062554121017456e-05,-0.028823278844356537
test:822,Qwen3-8B,45,conflict,norm_matched,6,final,174,0.0,0.0,0.06792731583118439,0.025489656254649162,0.05338691920042038,0.0,0.0,0.0,0.0,1.0,0.014540396630764008,0.042437659576535225
test:1805,Qwen3-8B,45,conflict,norm_matched,6,final,164,0.0,0.0,0.040834538638591766,0.04515606537461281,0.022649627178907394,0.0,0.0,1.0,0.0,1.0,0.018184911459684372,-0.004321526736021042
test:879,Qwen3-8B,45,conflict,norm_matched,6,final,111,0.0,0.0,0.03497587889432907,0.020371560007333755,0.02756805159151554,0.0,0.0,0.0,0.0,1.0,0.00740782730281353,0.014604318886995316
test:1902,Qwen3-8B,45,conflict,norm_matched,6,final,231,0.0,0.0,0.03555328771471977,0.031550854444503784,0.03514090180397034,0.0,0.0,0.0,0.0,1.0,0.0004123859107494354,0.004002433270215988
test:1933,Qwen3-8B,45,conflict,norm_matched,6,final,49,0.0,0.0,0.034300241619348526,0.02644936367869377,0.011243571527302265,0.0,0.0,1.0,0.0,1.0,0.02305667009204626,0.007850877940654755
test:577,Qwen3-8B,45,conflict,norm_matched,6,final,351,0.0,0.0,0.02671411819756031,0.0268204677850008,0.030932102352380753,0.0,0.0,0.0,0.0,0.0,-0.004217984154820442,-0.00010634958744049072
test:1749,Qwen3-8B,45,conflict,norm_matched,6,final,339,0.0,0.0,0.030104398727416992,0.028216378763318062,0.02505638264119625,0.0,0.0,1.0,0.0,1.0,0.005048016086220741,0.0018880199640989304
test:15,Qwen3-8B,45,conflict,norm_matched,6,final,154,0.0,0.0,0.06287187337875366,0.03373623266816139,0.06360441446304321,0.0,0.0,0.0,0.0,0.0,-0.0007325410842895508,0.02913564071059227
test:1753,Qwen3-8B,45,conflict,norm_matched,6,final,142,0.0,0.0,0.03679270297288895,0.030989373102784157,0.03487527742981911,0.0,0.0,0.0,0.0,1.0,0.0019174255430698395,0.00580332987010479
test:665,Qwen3-8B,45,conflict,norm_matched,6,final,443,0.0,0.0,0.02292725257575512,0.027163514867424965,0.025861887261271477,0.0,0.0,1.0,0.0,0.0,-0.0029346346855163574,-0.004236262291669846
test:569,Qwen3-8B,45,conflict,norm_matched,6,final,47,0.0,0.0,0.03603481501340866,0.025261791422963142,0.019667865708470345,0.0,0.0,1.0,0.0,1.0,0.016366949304938316,0.010773023590445518
test:1203,Qwen3-8B,45,conflict,norm_matched,6,final,70,0.0,0.0,0.034820280969142914,0.03814532235264778,0.024990171194076538,0.0,0.0,1.0,0.0,1.0,0.009830109775066376,-0.0033250413835048676
test:2105,Qwen3-8B,45,conflict,norm_matched,6,final,276,0.0,0.0,0.12461020052433014,0.09977655112743378,0.1140793189406395,0.0,0.0,0.0,0.0,1.0,0.010530881583690643,0.024833649396896362
test:426,Qwen3-8B,45,conflict,norm_matched,6,final,120,0.0,0.0,0.03043975494801998,0.02580895461142063,0.022119326516985893,0.0,0.0,1.0,0.0,1.0,0.008320428431034088,0.00463080033659935
test:123,Qwen3-8B,45,conflict,norm_matched,6,final,315,0.0,0.0,0.03308390825986862,0.02230161800980568,0.027108781039714813,0.0,0.0,0.0,0.0,1.0,0.005975127220153809,0.010782290250062943
test:1405,Qwen3-8B,45,conflict,norm_matched,6,final,247,0.0,0.0,0.032052647322416306,0.03310133144259453,0.023163385689258575,0.0,0.0,1.0,0.0,1.0,0.00888926163315773,-0.0010486841201782227
test:796,Qwen3-8B,45,conflict,norm_matched,6,final,156,0.0,0.0,0.04177281633019447,0.03309673070907593,0.052438121289014816,0.0,0.0,0.0,0.0,0.0,-0.010665304958820343,0.008676085621118546
test:2166,Qwen3-8B,45,conflict,norm_matched,6,final,289,0.0,0.0,0.0348082110285759,0.0534508116543293,0.026006989181041718,0.0,0.0,1.0,0.0,1.0,0.00880122184753418,-0.018642600625753403
test:1179,Qwen3-8B,45,conflict,norm_matched,6,final,158,0.0,0.0,0.0345199778676033,0.028947843238711357,0.029099933803081512,0.0,0.0,0.0,0.0,1.0,0.0054200440645217896,0.005572134628891945
test:375,Qwen3-8B,45,conflict,norm_matched,6,final,106,0.0,0.0,0.02840235084295273,0.028721841052174568,0.015380015596747398,0.0,0.0,1.0,0.0,1.0,0.01302233524620533,-0.0003194902092218399
test:1143,Qwen3-8B,45,conflict,norm_matched,6,final,81,0.0,0.0,0.06098407506942749,0.04428232088685036,0.04516950622200966,0.0,0.0,0.0,0.0,1.0,0.01581456884741783,0.016701754182577133
test:1882,Qwen3-8B,45,conflict,norm_matched,6,final,187,0.0,0.0,0.04983336851000786,0.03148554265499115,0.046210676431655884,0.0,0.0,0.0,0.0,1.0,0.0036226920783519745,0.01834782585501671
test:404,Qwen3-8B,45,conflict,norm_matched,6,final,53,0.0,0.0,0.03093853034079075,0.02251308038830757,0.01676805689930916,0.0,0.0,1.0,0.0,1.0,0.01417047344148159,0.008425449952483177
test:2056,Qwen3-8B,45,conflict,norm_matched,6,final,293,0.0,0.0,0.05093403905630112,0.04749255254864693,0.040522560477256775,0.0,0.0,1.0,0.0,1.0,0.010411478579044342,0.00344148650765419
test:1331,Qwen3-8B,45,conflict,norm_matched,6,final,372,0.0,0.0,0.031788602471351624,0.04757033288478851,0.03740161657333374,0.0,0.0,1.0,0.0,0.0,-0.005613014101982117,-0.01578173041343689
test:2255,Qwen3-8B,45,conflict,norm_matched,6,final,188,0.0,0.0,0.016867656260728836,0.05686546117067337,0.01667095348238945,0.0,0.0,1.0,0.0,1.0,0.00019670277833938599,-0.039997804909944534
test:1122,Qwen3-8B,45,conflict,norm_matched,6,final,67,0.0,0.0,0.033641815185546875,0.03966135531663895,0.0426052063703537,0.0,0.0,0.0,0.0,0.0,-0.008963391184806824,-0.0060195401310920715
test:1063,Qwen3-8B,45,conflict,norm_matched,6,final,223,0.0,0.0,0.011098600924015045,-0.0016113753663375974,0.04708203673362732,0.0,0.0,0.0,0.0,0.0,-0.035983435809612274,0.012709976290352643
test:1994,Qwen3-8B,45,conflict,norm_matched,6,final,239,0.0,0.0,0.039383500814437866,0.04459434747695923,0.04025927931070328,0.0,0.0,1.0,0.0,0.0,-0.0008757784962654114,-0.005210846662521362
test:2291,Qwen3-8B,45,conflict,norm_matched,6,final,66,0.0,0.0,0.027430210262537003,0.034346360713243484,0.020998036488890648,0.0,0.0,1.0,0.0,1.0,0.006432173773646355,-0.006916150450706482
test:287,Qwen3-8B,45,conflict,norm_matched,6,final,59,0.0,0.0,0.03429523482918739,0.03991534188389778,0.020921975374221802,0.0,0.0,1.0,0.0,1.0,0.013373259454965591,-0.005620107054710388
test:1257,Qwen3-8B,45,conflict,norm_matched,6,final,208,0.0,0.0,0.03405575826764107,0.01725025475025177,0.01969827339053154,0.0,0.0,0.0,0.0,1.0,0.014357484877109528,0.016805503517389297
test:564,Qwen3-8B,45,conflict,norm_matched,6,final,99,0.0,0.0,0.02494308352470398,0.023504801094532013,0.02388399839401245,0.0,0.0,0.0,0.0,1.0,0.0010590851306915283,0.0014382824301719666
test:1836,Qwen3-8B,45,conflict,norm_matched,6,final,126,0.0,0.0,0.040887072682380676,0.04550032690167427,0.05053986236453056,0.0,0.0,0.0,0.0,0.0,-0.009652789682149887,-0.004613254219293594
test:1915,Qwen3-8B,45,conflict,norm_matched,6,final,79,0.0,0.0,0.05027694255113602,0.07186120748519897,0.003955898340791464,0.0,0.0,1.0,0.0,1.0,0.04632104421034455,-0.021584264934062958
test:444,Qwen3-8B,45,conflict,norm_matched,6,final,80,0.0,0.0,0.03474729508161545,0.03306221589446068,0.028683586046099663,0.0,0.0,1.0,0.0,1.0,0.006063709035515785,0.00168507918715477
test:2176,Qwen3-8B,45,conflict,norm_matched,6,final,123,0.0,0.0,0.01934579201042652,0.01974206231534481,0.0195716954767704,0.0,0.0,1.0,0.0,0.0,-0.0002259034663438797,-0.0003962703049182892
test:2145,Qwen3-8B,45,conflict,norm_matched,6,final,103,0.0,0.0,0.044633880257606506,0.04416481405496597,0.011256142519414425,0.0,0.0,1.0,0.0,1.0,0.03337773773819208,0.00046906620264053345
test:1174,Qwen3-8B,45,conflict,norm_matched,6,final,138,0.0,0.0,0.028322556987404823,0.025878768414258957,0.026852566748857498,0.0,0.0,0.0,0.0,1.0,0.0014699902385473251,0.0024437885731458664
test:1230,Qwen3-8B,45,conflict,norm_matched,6,final,204,0.0,0.0,0.025686364620923996,0.03193465247750282,0.02369409054517746,0.0,0.0,1.0,0.0,1.0,0.0019922740757465363,-0.006248287856578827
test:1244,Qwen3-8B,45,conflict,norm_matched,6,final,208,0.0,0.0,0.03031354583799839,0.03441997617483139,0.013231064192950726,0.0,0.0,1.0,0.0,1.0,0.017082481645047665,-0.004106430336833
test:606,Qwen3-8B,45,conflict,norm_matched,6,final,179,0.0,0.0,0.03787603601813316,0.01397697813808918,0.026154667139053345,0.0,0.0,0.0,0.0,1.0,0.011721368879079819,0.023899057880043983
test:304,Qwen3-8B,45,conflict,norm_matched,6,final,82,0.0,0.0,0.026672344654798508,0.02007032372057438,0.024206064641475677,0.0,0.0,0.0,0.0,1.0,0.00246628001332283,0.006602020934224129
test:1390,Qwen3-8B,45,conflict,norm_matched,6,final,570,0.0,0.0,0.023901786655187607,0.030279211699962616,0.028438780456781387,0.0,0.0,1.0,0.0,0.0,-0.0045369938015937805,-0.006377425044775009
test:1729,Qwen3-8B,45,conflict,norm_matched,6,final,101,0.0,0.0,0.03502882272005081,0.040913715958595276,0.029674947261810303,0.0,0.0,1.0,0.0,1.0,0.005353875458240509,-0.005884893238544464
test:1454,Qwen3-8B,45,conflict,norm_matched,6,final,133,0.0,0.0,0.06775829195976257,0.05050847679376602,0.06514164805412292,0.0,0.0,0.0,0.0,1.0,0.0026166439056396484,0.01724981516599655
test:858,Qwen3-8B,45,conflict,norm_matched,6,final,127,0.0,0.0,0.025321921333670616,0.043654173612594604,0.0043746610172092915,0.0,0.0,1.0,0.0,1.0,0.020947260316461325,-0.01833225227892399
test:771,Qwen3-8B,45,conflict,norm_matched,6,final,200,0.0,0.0,0.04666135460138321,0.04232069477438927,0.041723981499671936,0.0,0.0,1.0,0.0,1.0,0.004937373101711273,0.004340659826993942
test:660,Qwen3-8B,45,conflict,norm_matched,6,final,38,0.0,0.0,0.026267537847161293,0.019490843638777733,0.022974591702222824,0.0,0.0,0.0,0.0,1.0,0.003292946144938469,0.00677669420838356
test:888,Qwen3-8B,45,conflict,norm_matched,6,final,81,0.0,0.0,0.027929704636335373,0.026331555098295212,0.023746054619550705,0.0,0.0,1.0,0.0,1.0,0.004183650016784668,0.0015981495380401611
test:413,Qwen3-8B,45,conflict,norm_matched,6,final,536,0.0,0.0,0.026485471054911613,0.012767428532242775,0.03363896533846855,0.0,0.0,0.0,0.0,0.0,-0.007153494283556938,0.013718042522668839
test:130,Qwen3-8B,45,conflict,norm_matched,6,final,213,0.0,0.0,0.05293254554271698,0.06005735695362091,0.05849051475524902,0.0,0.0,1.0,0.0,0.0,-0.0055579692125320435,-0.007124811410903931
test:1147,Qwen3-8B,45,conflict,norm_matched,6,final,45,0.0,0.0,0.06142101809382439,0.03004199080169201,0.032993052154779434,0.0,0.0,0.0,0.0,1.0,0.028427965939044952,0.03137902729213238
test:42,Qwen3-8B,45,conflict,norm_matched,6,final,219,0.0,0.0,0.0337030366063118,0.01894097402691841,0.033976659178733826,0.0,0.0,0.0,0.0,0.0,-0.0002736225724220276,0.014762062579393387
test:1114,Qwen3-8B,45,conflict,norm_matched,6,final,317,0.0,0.0,0.09946545958518982,0.06101126968860626,0.07082756608724594,0.0,0.0,0.0,0.0,1.0,0.028637893497943878,0.03845418989658356
test:1302,Qwen3-8B,45,conflict,norm_matched,6,final,135,0.0,0.0,0.02886279858648777,0.030513236299157143,0.02575266733765602,0.0,0.0,1.0,0.0,1.0,0.003110131248831749,-0.0016504377126693726
test:662,Qwen3-8B,45,conflict,norm_matched,6,final,378,0.0,0.0,0.0368010438978672,0.03395037725567818,0.03360557556152344,0.0,0.0,1.0,0.0,1.0,0.0031954683363437653,0.002850666642189026
test:705,Qwen3-8B,45,conflict,norm_matched,6,final,304,0.0,0.0,0.043737709522247314,0.0218490082770586,0.02958369441330433,0.0,0.0,0.0,0.0,1.0,0.014154015108942986,0.021888701245188713
test:1413,Qwen3-8B,45,conflict,norm_matched,6,final,133,0.0,0.0,0.030698450282216072,0.033864352852106094,0.028227176517248154,0.0,0.0,1.0,0.0,1.0,0.0024712737649679184,-0.0031659025698900223
test:940,Qwen3-8B,45,conflict,norm_matched,6,final,113,0.0,0.0,0.049432653933763504,0.046407997608184814,0.03615972399711609,0.0,0.0,1.0,0.0,1.0,0.013272929936647415,0.0030246563255786896
test:2162,Qwen3-8B,45,conflict,norm_matched,6,final,120,0.0,0.0,0.011934283189475536,0.012723518535494804,0.0001363348710583523,0.0,0.0,1.0,0.0,1.0,0.011797948318417184,-0.000789235346019268
test:51,Qwen3-8B,45,conflict,norm_matched,6,final,92,0.0,0.0,0.07912405580282211,0.06707655638456345,0.08768194168806076,0.0,0.0,0.0,0.0,0.0,-0.008557885885238647,0.012047499418258667
test:914,Qwen3-8B,45,conflict,norm_matched,6,final,102,0.0,0.0,0.04525504261255264,0.059278231114149094,-0.009016105905175209,0.0,0.0,1.0,0.0,1.0,0.05427114851772785,-0.01402318850159645
test:1558,Qwen3-8B,45,conflict,norm_matched,6,final,79,0.0,0.0,0.06665021181106567,0.059598345309495926,0.06346407532691956,0.0,0.0,0.0,0.0,1.0,0.003186136484146118,0.007051866501569748
test:351,Qwen3-8B,45,conflict,norm_matched,6,final,133,0.0,0.0,0.033387020230293274,0.020710501819849014,0.01681005023419857,0.0,0.0,1.0,0.0,1.0,0.016576969996094704,0.01267651841044426
test:1503,Qwen3-8B,45,conflict,norm_matched,6,final,40,0.0,0.0,0.05424698814749718,0.04475301131606102,0.032672520726919174,0.0,0.0,1.0,0.0,1.0,0.021574467420578003,0.009493976831436157
test:1138,Qwen3-8B,45,conflict,norm_matched,6,final,115,0.0,0.0,0.015393386594951153,0.020270148292183876,0.011339778080582619,0.0,0.0,1.0,0.0,1.0,0.004053608514368534,-0.004876761697232723
test:1205,Qwen3-8B,45,conflict,norm_matched,6,final,97,0.0,0.0,0.04078512266278267,0.04802662879228592,-0.006557154934853315,0.0,0.0,1.0,0.0,1.0,0.047342277597635984,-0.00724150612950325
test:279,Qwen3-8B,45,conflict,norm_matched,6,final,252,0.0,0.0,0.03132021799683571,0.029480241239070892,0.020731862634420395,0.0,0.0,1.0,0.0,1.0,0.010588355362415314,0.0018399767577648163
test:1783,Qwen3-8B,45,conflict,norm_matched,6,final,112,0.0,0.0,0.03456805646419525,0.03455617278814316,0.007660418748855591,0.0,0.0,1.0,0.0,1.0,0.02690763771533966,1.1883676052093506e-05
test:684,Qwen3-8B,45,conflict,norm_matched,6,final,93,0.0,0.0,0.025871209800243378,0.02408626303076744,0.04044317454099655,0.0,0.0,0.0,0.0,0.0,-0.014571964740753174,0.0017849467694759369
test:158,Qwen3-8B,45,conflict,norm_matched,6,final,279,0.0,0.0,0.031212246045470238,0.04516735300421715,0.04767586290836334,0.0,0.0,0.0,0.0,0.0,-0.016463616862893105,-0.01395510695874691
test:295,Qwen3-8B,45,conflict,norm_matched,6,final,75,0.0,0.0,0.03551340475678444,0.0335477776825428,0.01442804466933012,0.0,0.0,1.0,0.0,1.0,0.02108536008745432,0.001965627074241638
test:1988,Qwen3-8B,45,conflict,norm_matched,6,final,113,0.0,0.0,0.03253734111785889,0.027458572760224342,0.02487342618405819,0.0,0.0,1.0,0.0,1.0,0.007663914933800697,0.005078768357634544
test:1735,Qwen3-8B,45,conflict,norm_matched,6,final,809,0.0,0.0,0.02421843260526657,0.022884024307131767,0.015983950346708298,0.0,0.0,1.0,0.0,1.0,0.008234482258558273,0.0013344082981348038
test:179,Qwen3-8B,45,conflict,norm_matched,6,final,115,0.0,0.0,0.05796288698911667,0.0593220479786396,0.0046952576376497746,0.0,0.0,1.0,0.0,1.0,0.053267629351466894,-0.001359160989522934
test:1458,Qwen3-8B,45,conflict,norm_matched,6,final,69,0.0,0.0,0.04127339646220207,0.03792406618595123,-0.013834042474627495,0.0,0.0,1.0,0.0,1.0,0.05510743893682957,0.0033493302762508392
test:2202,Qwen3-8B,46,benign,norm_matched,6,final,5,0.0,0.0,0.018550893291831017,0.018550893291831017,0.023374482989311218,0.0,0.0,0.0,0.0,0.0,-0.004823589697480202,0.0
test:1068,Qwen3-8B,46,benign,norm_matched,6,final,31,0.0,0.0,0.016948912292718887,0.04208176210522652,0.04248104989528656,0.0,0.0,0.0,0.0,0.0,-0.025532137602567673,-0.02513284981250763
test:913,Qwen3-8B,46,benign,norm_matched,6,final,25,0.0,0.0,0.017944537103176117,0.016749488189816475,0.016704345121979713,0.0,0.0,1.0,0.0,1.0,0.0012401919811964035,0.001195048913359642
test:1076,Qwen3-8B,46,benign,norm_matched,6,final,26,0.0,0.0,0.029881590977311134,0.03724002093076706,0.025824004784226418,0.0,0.0,1.0,0.0,1.0,0.004057586193084717,-0.007358429953455925
test:563,Qwen3-8B,46,benign,norm_matched,6,final,26,0.0,0.0,0.01335517130792141,0.016066424548625946,0.02636353112757206,0.0,0.0,0.0,0.0,0.0,-0.01300835981965065,-0.0027112532407045364
test:463,Qwen3-8B,46,benign,norm_matched,6,final,36,0.0,0.0,0.017841536551713943,0.02182602882385254,0.01948607712984085,0.0,0.0,1.0,0.0,0.0,-0.0016445405781269073,-0.003984492272138596
test:1684,Qwen3-8B,46,benign,norm_matched,6,final,22,0.0,0.0,0.04732184484601021,0.036126960068941116,0.03402604162693024,0.0,0.0,1.0,0.0,1.0,0.013295803219079971,0.011194884777069092
test:2243,Qwen3-8B,46,benign,norm_matched,6,final,24,0.0,0.0,0.03622961789369583,0.04976780340075493,0.0423014871776104,0.0,0.0,1.0,0.0,0.0,-0.006071869283914566,-0.013538185507059097
test:1507,Qwen3-8B,46,benign,norm_matched,6,final,36,0.0,0.0,0.021747253835201263,0.06190505251288414,0.046463336795568466,0.0,0.0,1.0,0.0,0.0,-0.024716082960367203,-0.04015779867768288
test:797,Qwen3-8B,46,benign,norm_matched,6,final,30,0.0,0.0,0.03553357347846031,0.029906777665019035,0.028807969763875008,0.0,0.0,1.0,0.0,1.0,0.006725603714585304,0.0056267958134412766
test:991,Qwen3-8B,46,benign,norm_matched,6,final,33,0.0,0.0,0.02945246733725071,0.030911728739738464,0.03192680701613426,0.0,0.0,0.0,0.0,0.0,-0.0024743396788835526,-0.0014592614024877548
test:109,Qwen3-8B,46,benign,norm_matched,6,final,42,0.0,0.0,0.010497002862393856,0.029563112184405327,0.01732722669839859,0.0,0.0,1.0,0.0,0.0,-0.006830223836004734,-0.01906610932201147
test:1456,Qwen3-8B,46,benign,norm_matched,6,final,15,0.0,0.0,0.0394301675260067,0.0406775176525116,0.03568048030138016,0.0,0.0,1.0,0.0,1.0,0.003749687224626541,-0.001247350126504898
test:1171,Qwen3-8B,46,benign,norm_matched,6,final,35,0.0,0.0,0.01040877029299736,0.02699217014014721,0.032836396247148514,0.0,0.0,0.0,0.0,0.0,-0.022427625954151154,-0.01658339984714985
test:1045,Qwen3-8B,46,benign,norm_matched,6,final,38,0.0,0.0,0.022613761946558952,0.04116295650601387,0.01616520620882511,0.0,0.0,1.0,0.0,1.0,0.006448555737733841,-0.018549194559454918
test:897,Qwen3-8B,46,benign,norm_matched,6,final,30,0.0,0.0,0.016107434406876564,0.03125502169132233,0.03049316257238388,0.0,0.0,1.0,0.0,0.0,-0.014385728165507317,-0.015147587284445763
test:427,Qwen3-8B,46,benign,norm_matched,6,final,29,0.0,0.0,0.03324897214770317,0.030951503664255142,0.03279354050755501,0.0,0.0,0.0,0.0,1.0,0.00045543164014816284,0.0022974684834480286
test:536,Qwen3-8B,46,benign,norm_matched,6,final,13,0.0,0.0,0.03569643571972847,0.04030132666230202,0.024125711992383003,0.0,0.0,1.0,0.0,1.0,0.011570723727345467,-0.004604890942573547
test:1556,Qwen3-8B,46,benign,norm_matched,6,final,29,0.0,0.0,0.019588958472013474,0.021890928968787193,0.031628306955099106,0.0,0.0,0.0,0.0,0.0,-0.012039348483085632,-0.00230197049677372
test:1638,Qwen3-8B,46,benign,norm_matched,6,final,14,0.0,0.0,0.014134028926491737,0.028568774461746216,0.025720244273543358,0.0,0.0,1.0,0.0,0.0,-0.01158621534705162,-0.014434745535254478
test:481,Qwen3-8B,46,benign,norm_matched,6,final,44,0.0,0.0,0.008409217931330204,0.030039548873901367,0.036054398864507675,0.0,0.0,0.0,0.0,0.0,-0.02764518093317747,-0.021630330942571163
test:640,Qwen3-8B,46,benign,norm_matched,6,final,36,0.0,0.0,0.025936977937817574,0.03218264877796173,0.02387271448969841,0.0,0.0,1.0,0.0,1.0,0.0020642634481191635,-0.006245670840144157
test:903,Qwen3-8B,46,benign,norm_matched,6,final,32,0.0,0.0,0.024440215900540352,0.026822740212082863,0.03154570981860161,0.0,0.0,0.0,0.0,0.0,-0.007105493918061256,-0.002382524311542511
test:466,Qwen3-8B,46,benign,norm_matched,6,final,34,0.0,0.0,0.024578284472227097,0.03662761300802231,0.03060600347816944,0.0,0.0,1.0,0.0,0.0,-0.006027719005942345,-0.012049328535795212
test:787,Qwen3-8B,46,benign,norm_matched,6,final,38,0.0,0.0,0.044536519795656204,0.03477362170815468,0.022873124107718468,0.0,0.0,1.0,0.0,1.0,0.021663395687937737,0.009762898087501526
test:63,Qwen3-8B,46,benign,norm_matched,6,final,46,0.0,0.0,0.01143061462789774,0.047407366335392,0.02268475852906704,0.0,0.0,1.0,0.0,0.0,-0.0112541439011693,-0.03597675170749426
test:1639,Qwen3-8B,46,benign,norm_matched,6,final,15,0.0,0.0,0.01857641339302063,0.012345847673714161,0.01274794526398182,0.0,0.0,0.0,0.0,1.0,0.005828468129038811,0.006230565719306469
test:2265,Qwen3-8B,46,benign,norm_matched,6,final,49,0.0,0.0,0.014162695035338402,0.018142802640795708,0.02050267904996872,0.0,0.0,0.0,0.0,0.0,-0.006339984014630318,-0.003980107605457306
test:1745,Qwen3-8B,46,benign,norm_matched,6,final,49,0.0,0.0,0.020413001999258995,0.036397114396095276,0.036690980195999146,0.0,0.0,0.0,0.0,0.0,-0.01627797819674015,-0.01598411239683628
test:9,Qwen3-8B,46,benign,norm_matched,6,final,46,0.0,0.0,0.08318869769573212,0.08137275278568268,0.06592001020908356,0.0,0.0,1.0,0.0,1.0,0.01726868748664856,0.0018159449100494385
test:1279,Qwen3-8B,46,benign,norm_matched,6,final,47,0.0,0.0,0.017939520999789238,0.03613991662859917,0.03790043666958809,0.0,0.0,0.0,0.0,0.0,-0.01996091566979885,-0.01820039562880993
test:576,Qwen3-8B,46,benign,norm_matched,6,final,45,0.0,0.0,0.03564474359154701,0.057423077523708344,0.04822539538145065,0.0,0.0,1.0,0.0,0.0,-0.01258065178990364,-0.02177833393216133
test:2207,Qwen3-8B,46,benign,norm_matched,6,final,43,0.0,0.0,0.020957978442311287,0.04054011404514313,0.038929570466279984,0.0,0.0,1.0,0.0,0.0,-0.017971592023968697,-0.01958213560283184
test:2168,Qwen3-8B,46,benign,norm_matched,6,final,15,0.0,0.0,0.03344741091132164,0.049067962914705276,0.02239176258444786,0.0,0.0,1.0,0.0,1.0,0.01105564832687378,-0.015620552003383636
test:805,Qwen3-8B,46,benign,norm_matched,6,final,65,0.0,0.0,0.02506929263472557,0.07015776634216309,0.03743727505207062,0.0,0.0,1.0,0.0,0.0,-0.012367982417345047,-0.045088473707437515
test:1197,Qwen3-8B,46,benign,norm_matched,6,final,27,0.0,0.0,0.017939409241080284,0.023731593042612076,0.021593812853097916,0.0,0.0,1.0,0.0,0.0,-0.0036544036120176315,-0.005792183801531792
test:364,Qwen3-8B,46,benign,norm_matched,6,final,15,0.0,0.0,0.04773680120706558,0.031096089631319046,0.04715454950928688,0.0,0.0,0.0,0.0,1.0,0.0005822516977787018,0.016640711575746536
test:1644,Qwen3-8B,46,benign,norm_matched,6,final,75,0.0,0.0,0.04280698671936989,0.03148322552442551,0.03970971331000328,0.0,0.0,0.0,0.0,1.0,0.0030972734093666077,0.011323761194944382
test:91,Qwen3-8B,46,benign,norm_matched,6,final,72,0.0,0.0,0.05062265694141388,0.04608168452978134,0.061679743230342865,0.0,0.0,0.0,0.0,0.0,-0.011057086288928986,0.004540972411632538
test:328,Qwen3-8B,46,benign,norm_matched,6,final,15,0.0,0.0,0.034872330725193024,0.03176862373948097,0.02254372276365757,0.0,0.0,1.0,0.0,1.0,0.012328607961535454,0.0031037069857120514
test:205,Qwen3-8B,46,benign,norm_matched,6,final,17,0.0,0.0,0.04741695895791054,0.045384448021650314,0.03670845180749893,0.0,0.0,1.0,0.0,1.0,0.010708507150411606,0.0020325109362602234
test:1797,Qwen3-8B,46,benign,norm_matched,6,final,52,0.0,0.0,0.02302262745797634,0.026317769661545753,0.02208745665848255,0.0,0.0,1.0,0.0,1.0,0.0009351707994937897,-0.0032951422035694122
test:1072,Qwen3-8B,46,benign,norm_matched,6,final,41,0.0,0.0,0.05458468571305275,0.041201069951057434,0.01803530752658844,0.0,0.0,1.0,0.0,1.0,0.03654937818646431,0.013383615761995316
test:1445,Qwen3-8B,46,benign,norm_matched,6,final,77,0.0,0.0,0.04582813009619713,0.07220671325922012,0.06581086665391922,0.0,0.0,1.0,0.0,0.0,-0.01998273655772209,-0.026378583163022995
test:630,Qwen3-8B,46,benign,norm_matched,6,final,58,0.0,0.0,0.06547252088785172,0.04052482172846794,0.03396992012858391,0.0,0.0,1.0,0.0,1.0,0.03150260075926781,0.024947699159383774
test:1252,Qwen3-8B,46,benign,norm_matched,6,final,59,0.0,0.0,0.036725256592035294,0.024492505937814713,0.039362430572509766,0.0,0.0,0.0,0.0,0.0,-0.002637173980474472,0.012232750654220581
test:1721,Qwen3-8B,46,benign,norm_matched,6,final,56,0.0,0.0,0.018303580582141876,0.02210959792137146,0.020747873932123184,0.0,0.0,1.0,0.0,0.0,-0.002444293349981308,-0.0038060173392295837
test:236,Qwen3-8B,46,benign,norm_matched,6,final,38,0.0,0.0,0.0644281804561615,0.05651416257023811,0.05529411882162094,0.0,0.0,1.0,0.0,1.0,0.009134061634540558,0.007914017885923386
test:612,Qwen3-8B,46,benign,norm_matched,6,final,42,0.0,0.0,0.022561730816960335,0.023135440424084663,0.025180598720908165,0.0,0.0,0.0,0.0,0.0,-0.00261886790394783,-0.0005737096071243286
test:354,Qwen3-8B,46,benign,norm_matched,6,final,19,0.0,0.0,0.06087624281644821,0.05962434783577919,0.04777444154024124,0.0,0.0,1.0,0.0,1.0,0.01310180127620697,0.0012518949806690216
test:2047,Qwen3-8B,46,benign,norm_matched,6,final,66,0.0,0.0,0.013473253697156906,0.03559940308332443,0.029182162135839462,0.0,0.0,1.0,0.0,0.0,-0.015708908438682556,-0.022126149386167526
test:1687,Qwen3-8B,46,benign,norm_matched,6,final,71,0.0,0.0,0.008136576041579247,0.02209591306746006,0.023016884922981262,0.0,0.0,0.0,0.0,0.0,-0.014880308881402016,-0.013959337025880814
test:1787,Qwen3-8B,46,benign,norm_matched,6,final,17,0.0,0.0,0.018577750772237778,0.03150687366724014,0.040028899908065796,0.0,0.0,0.0,0.0,0.0,-0.021451149135828018,-0.012929122895002365
test:896,Qwen3-8B,46,benign,norm_matched,6,final,12,0.0,0.0,0.06560301780700684,0.04505109041929245,0.07029420137405396,0.0,0.0,0.0,0.0,0.0,-0.004691183567047119,0.020551927387714386
test:1282,Qwen3-8B,46,benign,norm_matched,6,final,66,0.0,0.0,0.028243832290172577,0.032222773879766464,0.027866756543517113,0.0,0.0,1.0,0.0,1.0,0.00037707574665546417,-0.003978941589593887
test:1036,Qwen3-8B,46,benign,norm_matched,6,final,42,0.0,0.0,0.01805560104548931,0.017479710280895233,0.015866074711084366,0.0,0.0,1.0,0.0,1.0,0.0021895263344049454,0.0005758907645940781
test:2230,Qwen3-8B,46,benign,norm_matched,6,final,46,0.0,0.0,0.0635337308049202,0.041089288890361786,0.046100202947854996,0.0,0.0,0.0,0.0,1.0,0.0174335278570652,0.02244444191455841
test:376,Qwen3-8B,46,benign,norm_matched,6,final,54,0.0,0.0,0.045698441565036774,0.05307251587510109,0.04932393878698349,0.0,0.0,1.0,0.0,0.0,-0.0036254972219467163,-0.007374074310064316
test:1544,Qwen3-8B,46,benign,norm_matched,6,final,62,0.0,0.0,0.026541154831647873,0.030310029163956642,0.027767017483711243,0.0,0.0,1.0,0.0,0.0,-0.0012258626520633698,-0.0037688743323087692
test:863,Qwen3-8B,46,benign,norm_matched,6,final,73,0.0,0.0,0.03945574909448624,0.04058244824409485,0.039898648858070374,0.0,0.0,1.0,0.0,0.0,-0.00044289976358413696,-0.001126699149608612
test:2292,Qwen3-8B,46,benign,norm_matched,6,final,78,0.0,0.0,0.009897345677018166,0.010466779582202435,0.01677709072828293,0.0,0.0,0.0,0.0,0.0,-0.006879745051264763,-0.000569433905184269
test:392,Qwen3-8B,46,benign,norm_matched,6,final,63,0.0,0.0,0.017818424850702286,0.02213100716471672,0.028466351330280304,0.0,0.0,0.0,0.0,0.0,-0.010647926479578018,-0.004312582314014435
test:1675,Qwen3-8B,46,benign,norm_matched,6,final,67,0.0,0.0,0.01191276591271162,0.023272579535841942,0.021734239533543587,0.0,0.0,1.0,0.0,0.0,-0.009821473620831966,-0.011359813623130322
test:1718,Qwen3-8B,46,benign,norm_matched,6,final,34,0.0,0.0,0.04594260826706886,0.042125359177589417,0.04166904091835022,0.0,0.0,1.0,0.0,1.0,0.004273567348718643,0.0038172490894794464
test:1150,Qwen3-8B,46,benign,norm_matched,6,final,40,0.0,0.0,0.006413472816348076,0.014053578488528728,0.010610914789140224,0.0,0.0,1.0,0.0,0.0,-0.004197441972792149,-0.007640105672180653
test:1659,Qwen3-8B,46,benign,norm_matched,6,final,72,0.0,0.0,0.013325906358659267,0.01894564926624298,0.018922319635748863,0.0,0.0,1.0,0.0,0.0,-0.005596413277089596,-0.0056197429075837135
test:1213,Qwen3-8B,46,benign,norm_matched,6,final,69,0.0,0.0,0.03326684609055519,0.04359908401966095,0.02489594556391239,0.0,0.0,1.0,0.0,1.0,0.0083709005266428,-0.010332237929105759
test:1037,Qwen3-8B,46,benign,norm_matched,6,final,34,0.0,0.0,0.00642749248072505,0.02336476929485798,0.013749729841947556,0.0,0.0,1.0,0.0,0.0,-0.007322237361222506,-0.01693727681413293
test:1201,Qwen3-8B,46,benign,norm_matched,6,final,38,0.0,0.0,0.051899515092372894,0.04780704155564308,0.03591059148311615,0.0,0.0,1.0,0.0,1.0,0.015988923609256744,0.004092473536729813
test:1093,Qwen3-8B,46,benign,norm_matched,6,final,15,0.0,0.0,0.03657511621713638,0.04129748046398163,0.030604345723986626,0.0,0.0,1.0,0.0,1.0,0.005970770493149757,-0.004722364246845245
test:37,Qwen3-8B,46,benign,norm_matched,6,final,83,0.0,0.0,0.034148816019296646,0.07070042192935944,0.040690869092941284,0.0,0.0,1.0,0.0,0.0,-0.006542053073644638,-0.03655160591006279
test:785,Qwen3-8B,46,benign,norm_matched,6,final,43,0.0,0.0,0.04777877777814865,0.042697418481111526,0.04079759865999222,0.0,0.0,1.0,0.0,1.0,0.006981179118156433,0.005081359297037125
test:1842,Qwen3-8B,46,benign,norm_matched,6,final,84,0.0,0.0,0.022313682362437248,0.04115334525704384,0.03280927240848541,0.0,0.0,1.0,0.0,0.0,-0.010495590046048164,-0.01883966289460659
test:1860,Qwen3-8B,46,benign,norm_matched,6,final,62,0.0,0.0,0.016393179073929787,0.019270537421107292,0.009800916537642479,0.0,0.0,1.0,0.0,1.0,0.006592262536287308,-0.0028773583471775055
test:963,Qwen3-8B,46,benign,norm_matched,6,final,89,0.0,0.0,0.03148755431175232,0.06303268671035767,0.025236312299966812,0.0,0.0,1.0,0.0,1.0,0.006251242011785507,-0.03154513239860535
test:827,Qwen3-8B,46,benign,norm_matched,6,final,91,0.0,0.0,0.025656385347247124,0.028239857405424118,0.02743643708527088,0.0,0.0,1.0,0.0,0.0,-0.001780051738023758,-0.0025834720581769943
test:17,Qwen3-8B,46,benign,norm_matched,6,final,91,0.0,0.0,0.028649218380451202,0.031544994562864304,0.047630295157432556,0.0,0.0,0.0,0.0,0.0,-0.018981076776981354,-0.002895776182413101
test:1937,Qwen3-8B,46,benign,norm_matched,6,final,59,0.0,0.0,0.04136936739087105,0.03694571182131767,0.03979525342583656,0.0,0.0,0.0,0.0,1.0,0.0015741139650344849,0.004423655569553375
test:765,Qwen3-8B,46,benign,norm_matched,6,final,50,0.0,0.0,0.05951821058988571,0.05672203004360199,0.048937827348709106,0.0,0.0,1.0,0.0,1.0,0.010580383241176605,0.002796180546283722
test:2008,Qwen3-8B,46,benign,norm_matched,6,final,30,0.0,0.0,0.05603351071476936,0.036794260144233704,0.04102177545428276,0.0,0.0,0.0,0.0,1.0,0.015011735260486603,0.01923925057053566
test:520,Qwen3-8B,46,benign,norm_matched,6,final,95,0.0,0.0,0.024445760995149612,0.04351745918393135,0.03401812165975571,0.0,0.0,1.0,0.0,0.0,-0.009572360664606094,-0.01907169818878174
test:1124,Qwen3-8B,46,benign,norm_matched,6,final,108,0.0,0.0,0.02060559391975403,0.016539668664336205,0.015536499209702015,0.0,0.0,1.0,0.0,1.0,0.005069094710052013,0.004065925255417824
test:459,Qwen3-8B,46,benign,norm_matched,6,final,99,0.0,0.0,0.023228084668517113,0.030198542401194572,0.02923225238919258,0.0,0.0,1.0,0.0,0.0,-0.0060041677206754684,-0.00697045773267746
test:177,Qwen3-8B,46,benign,norm_matched,6,final,105,0.0,0.0,0.021652838215231895,0.026380395516753197,0.024590233340859413,0.0,0.0,1.0,0.0,0.0,-0.0029373951256275177,-0.004727557301521301
test:192,Qwen3-8B,46,benign,norm_matched,6,final,53,0.0,0.0,0.0452243909239769,0.03440627083182335,0.04298889636993408,0.0,0.0,0.0,0.0,1.0,0.002235494554042816,0.01081812009215355
test:2160,Qwen3-8B,46,benign,norm_matched,6,final,98,0.0,0.0,0.02967342734336853,0.03798448294401169,0.031420327723026276,0.0,0.0,1.0,0.0,0.0,-0.0017469003796577454,-0.008311055600643158
test:1617,Qwen3-8B,46,benign,norm_matched,6,final,30,0.0,0.0,0.022590167820453644,0.016930945217609406,0.012295149266719818,0.0,0.0,1.0,0.0,1.0,0.010295018553733826,0.005659222602844238
test:100,Qwen3-8B,46,benign,norm_matched,6,final,14,0.0,0.0,0.01435917615890503,0.042587798088788986,0.037534233182668686,0.0,0.0,1.0,0.0,0.0,-0.023175057023763657,-0.028228621929883957
test:693,Qwen3-8B,46,benign,norm_matched,6,final,67,0.0,0.0,0.03724142163991928,0.03292861953377724,0.030070835724473,0.0,0.0,1.0,0.0,1.0,0.007170585915446281,0.004312802106142044
test:195,Qwen3-8B,46,benign,norm_matched,6,final,42,0.0,0.0,0.016918914392590523,0.015635831281542778,0.01548827439546585,0.0,0.0,1.0,0.0,1.0,0.001430639997124672,0.0012830831110477448
test:114,Qwen3-8B,46,benign,norm_matched,6,final,15,0.0,0.0,0.03702530637383461,0.03163721412420273,0.031230786815285683,0.0,0.0,1.0,0.0,1.0,0.005794519558548927,0.005388092249631882
test:2205,Qwen3-8B,46,benign,norm_matched,6,final,34,0.0,0.0,0.04127053916454315,0.036767035722732544,0.040840502828359604,0.0,0.0,0.0,0.0,1.0,0.000430036336183548,0.004503503441810608
test:1380,Qwen3-8B,46,benign,norm_matched,6,final,10,0.0,0.0,0.04706713184714317,0.04202079400420189,0.04231655225157738,0.0,0.0,0.0,0.0,1.0,0.004750579595565796,0.005046337842941284
test:668,Qwen3-8B,46,benign,norm_matched,6,final,72,0.0,0.0,0.005267839878797531,0.024495305493474007,0.015869541093707085,0.0,0.0,1.0,0.0,0.0,-0.010601701214909554,-0.019227465614676476
test:874,Qwen3-8B,46,benign,norm_matched,6,final,41,0.0,0.0,0.0525972880423069,0.05121135711669922,0.043307073414325714,0.0,0.0,1.0,0.0,1.0,0.009290214627981186,0.0013859309256076813
test:1824,Qwen3-8B,46,benign,norm_matched,6,final,76,0.0,0.0,0.011674080044031143,0.030458109453320503,0.01124571356922388,0.0,0.0,1.0,0.0,1.0,0.0004283664748072624,-0.01878402940928936
test:1248,Qwen3-8B,46,benign,norm_matched,6,final,81,0.0,0.0,0.07583733648061752,0.045304179191589355,0.0015171492705121636,0.0,0.0,1.0,0.0,1.0,0.07432018721010536,0.030533157289028168
test:714,Qwen3-8B,46,benign,norm_matched,6,final,105,0.0,0.0,0.012992983683943748,0.04728521406650543,0.03592139109969139,0.0,0.0,1.0,0.0,0.0,-0.022928407415747643,-0.034292230382561684
test:133,Qwen3-8B,46,benign,norm_matched,6,final,20,0.0,0.0,0.0038640080019831657,0.01749473065137863,0.013299395330250263,0.0,0.0,1.0,0.0,0.0,-0.009435387328267097,-0.013630722649395466
test:162,Qwen3-8B,46,benign,norm_matched,6,final,129,0.0,0.0,0.022493716329336166,0.038535457104444504,0.03981546312570572,0.0,0.0,0.0,0.0,0.0,-0.017321746796369553,-0.016041740775108337
test:2079,Qwen3-8B,46,benign,norm_matched,6,final,40,0.0,0.0,0.012696389108896255,0.021732566878199577,0.019817078486084938,0.0,0.0,1.0,0.0,0.0,-0.0071206893771886826,-0.009036177769303322
test:1795,Qwen3-8B,46,benign,norm_matched,6,final,117,0.0,0.0,0.055872537195682526,0.03709864988923073,0.026917263865470886,0.0,0.0,1.0,0.0,1.0,0.02895527333021164,0.018773887306451797
test:1760,Qwen3-8B,46,benign,norm_matched,6,final,72,0.0,0.0,0.019191164523363113,0.01980210654437542,0.02094239741563797,0.0,0.0,0.0,0.0,0.0,-0.0017512328922748566,-0.0006109420210123062
test:1424,Qwen3-8B,46,benign,norm_matched,6,final,33,0.0,0.0,0.035371385514736176,0.03208855912089348,0.023851264268159866,0.0,0.0,1.0,0.0,1.0,0.01152012124657631,0.003282826393842697
test:62,Qwen3-8B,46,benign,norm_matched,6,final,121,0.0,0.0,0.025346074253320694,0.03568577021360397,0.018724555149674416,0.0,0.0,1.0,0.0,1.0,0.006621519103646278,-0.01033969596028328
test:522,Qwen3-8B,46,benign,norm_matched,6,final,77,0.0,0.0,0.037031225860118866,0.05341830104589462,0.04647373780608177,0.0,0.0,1.0,0.0,0.0,-0.009442511945962906,-0.016387075185775757
test:1227,Qwen3-8B,46,benign,norm_matched,6,final,10,0.0,0.0,0.04385598376393318,0.04681151360273361,0.04481379687786102,0.0,0.0,1.0,0.0,0.0,-0.0009578131139278412,-0.0029555298388004303
test:397,Qwen3-8B,46,benign,norm_matched,6,final,76,0.0,0.0,0.019528476521372795,0.01863616146147251,0.015454663895070553,0.0,0.0,1.0,0.0,1.0,0.004073812626302242,0.0008923150599002838
test:374,Qwen3-8B,46,benign,norm_matched,6,final,56,0.0,0.0,0.02693662792444229,0.027998296543955803,0.03173096477985382,0.0,0.0,0.0,0.0,0.0,-0.0047943368554115295,-0.0010616686195135117
test:1078,Qwen3-8B,46,benign,norm_matched,6,final,112,0.0,0.0,0.02045547403395176,0.029466120526194572,0.03451651334762573,0.0,0.0,0.0,0.0,0.0,-0.014061039313673973,-0.009010646492242813
test:1664,Qwen3-8B,46,benign,norm_matched,6,final,55,0.0,0.0,0.042318832129240036,0.03640042245388031,0.029690224677324295,0.0,0.0,1.0,0.0,1.0,0.012628607451915741,0.005918409675359726
test:1818,Qwen3-8B,46,benign,norm_matched,6,final,58,0.0,0.0,0.04151388630270958,0.039484765380620956,0.03346621245145798,0.0,0.0,1.0,0.0,1.0,0.008047673851251602,0.002029120922088623
test:1246,Qwen3-8B,46,benign,norm_matched,6,final,58,0.0,0.0,0.06343074142932892,0.044632624834775925,0.050974033772945404,0.0,0.0,0.0,0.0,1.0,0.012456707656383514,0.018798116594552994
test:1887,Qwen3-8B,46,benign,norm_matched,6,final,27,0.0,0.0,0.03306533396244049,0.01646612584590912,0.019997280091047287,0.0,0.0,0.0,0.0,1.0,0.013068053871393204,0.016599208116531372
test:1623,Qwen3-8B,46,benign,norm_matched,6,final,38,0.0,0.0,0.04503263905644417,0.02869616448879242,0.031508032232522964,0.0,0.0,0.0,0.0,1.0,0.013524606823921204,0.01633647456765175
test:196,Qwen3-8B,46,benign,norm_matched,6,final,125,0.0,0.0,0.039824530482292175,0.04744129627943039,0.050325408577919006,0.0,0.0,0.0,0.0,0.0,-0.010500878095626831,-0.007616765797138214
test:1899,Qwen3-8B,46,benign,norm_matched,6,final,32,0.0,0.0,0.03393740952014923,0.022008487954735756,0.021332111209630966,0.0,0.0,1.0,0.0,1.0,0.012605298310518265,0.011928921565413475
test:1208,Qwen3-8B,46,benign,norm_matched,6,final,143,0.0,0.0,0.026938099414110184,0.033550016582012177,0.029105059802532196,0.0,0.0,1.0,0.0,0.0,-0.0021669603884220123,-0.006611917167901993
test:1441,Qwen3-8B,46,benign,norm_matched,6,final,68,0.0,0.0,0.07496829330921173,0.05181339383125305,0.021747170016169548,0.0,0.0,1.0,0.0,1.0,0.05322112329304218,0.02315489947795868
test:1102,Qwen3-8B,46,benign,norm_matched,6,final,68,0.0,0.0,0.060522861778736115,0.04104384034872055,0.0398552305996418,0.0,0.0,1.0,0.0,1.0,0.020667631179094315,0.019479021430015564
test:76,Qwen3-8B,46,benign,norm_matched,6,final,124,0.0,0.0,0.027568766847252846,0.027228238061070442,0.016986127942800522,0.0,0.0,1.0,0.0,1.0,0.010582638904452324,0.00034052878618240356
test:1855,Qwen3-8B,46,benign,norm_matched,6,final,27,0.0,0.0,0.06637207418680191,0.035768069326877594,0.04020359367132187,0.0,0.0,0.0,0.0,1.0,0.02616848051548004,0.030604004859924316
test:1652,Qwen3-8B,46,benign,norm_matched,6,final,63,0.0,0.0,0.02898178994655609,0.04584162309765816,0.049088094383478165,0.0,0.0,0.0,0.0,0.0,-0.020106304436922073,-0.016859833151102066
test:355,Qwen3-8B,46,benign,norm_matched,6,final,22,0.0,0.0,0.019033605232834816,0.020613476634025574,0.019033605232834816,0.0,0.0,1.0,0.0,0.0,0.0,-0.0015798714011907578
test:2144,Qwen3-8B,46,benign,norm_matched,6,final,110,0.0,0.0,0.015990331768989563,0.031340133398771286,0.019333908334374428,0.0,0.0,1.0,0.0,0.0,-0.003343576565384865,-0.015349801629781723
test:210,Qwen3-8B,46,benign,norm_matched,6,final,93,0.0,0.0,0.019480954855680466,0.02434711530804634,0.023544324561953545,0.0,0.0,1.0,0.0,0.0,-0.004063369706273079,-0.004866160452365875
test:1713,Qwen3-8B,46,benign,norm_matched,6,final,128,0.0,0.0,0.015667026862502098,0.02339143492281437,0.0362585186958313,0.0,0.0,0.0,0.0,0.0,-0.0205914918333292,-0.007724408060312271
test:1574,Qwen3-8B,46,benign,norm_matched,6,final,129,0.0,0.0,0.023993704468011856,0.027601858600974083,0.04280906170606613,0.0,0.0,0.0,0.0,0.0,-0.018815357238054276,-0.003608154132962227
test:1488,Qwen3-8B,46,benign,norm_matched,6,final,82,0.0,0.0,0.023285025730729103,0.020287062972784042,0.02763660065829754,0.0,0.0,0.0,0.0,0.0,-0.004351574927568436,0.0029979627579450607
test:1868,Qwen3-8B,46,benign,norm_matched,6,final,60,0.0,0.0,0.021938441321253777,0.021604401990771294,0.02594667673110962,0.0,0.0,0.0,0.0,0.0,-0.004008235409855843,0.0003340393304824829
test:2233,Qwen3-8B,46,benign,norm_matched,6,final,36,0.0,0.0,0.056068673729896545,0.05528062582015991,0.07279399782419205,0.0,0.0,0.0,0.0,0.0,-0.0167253240942955,0.0007880479097366333
test:692,Qwen3-8B,46,benign,norm_matched,6,final,64,0.0,0.0,0.009067149832844734,0.03745220601558685,0.03848736733198166,0.0,0.0,0.0,0.0,0.0,-0.029420217499136925,-0.02838505618274212
test:1732,Qwen3-8B,46,benign,norm_matched,6,final,60,0.0,0.0,0.06012682989239693,0.060607343912124634,0.03425855562090874,0.0,0.0,1.0,0.0,1.0,0.02586827427148819,-0.0004805140197277069
test:1002,Qwen3-8B,46,benign,norm_matched,6,final,88,0.0,0.0,0.02408042922616005,0.012768340297043324,0.03668024390935898,0.0,0.0,0.0,0.0,0.0,-0.012599814683198929,0.011312088929116726
test:1607,Qwen3-8B,46,benign,norm_matched,6,final,146,0.0,0.0,0.02442139759659767,0.010678359307348728,0.014076083898544312,0.0,0.0,0.0,0.0,1.0,0.01034531369805336,0.013743038289248943
test:1123,Qwen3-8B,46,benign,norm_matched,6,final,131,0.0,0.0,0.016945576295256615,0.026326632127165794,0.022154562175273895,0.0,0.0,1.0,0.0,0.0,-0.005208985880017281,-0.00938105583190918
test:120,Qwen3-8B,46,benign,norm_matched,6,final,157,0.0,0.0,0.03980512544512749,0.04425707831978798,0.0493888333439827,0.0,0.0,0.0,0.0,0.0,-0.00958370789885521,-0.004451952874660492
test:652,Qwen3-8B,46,benign,norm_matched,6,final,15,0.0,0.0,0.03467874974012375,0.028437476605176926,0.03517518192529678,0.0,0.0,0.0,0.0,0.0,-0.0004964321851730347,0.006241273134946823
test:850,Qwen3-8B,46,benign,norm_matched,6,final,117,0.0,0.0,0.021335259079933167,0.031679730862379074,0.036088570952415466,0.0,0.0,0.0,0.0,0.0,-0.0147533118724823,-0.010344471782445908
test:1633,Qwen3-8B,46,benign,norm_matched,6,final,65,0.0,0.0,0.01864277757704258,0.030375860631465912,0.03204607963562012,0.0,0.0,0.0,0.0,0.0,-0.013403302058577538,-0.011733083054423332
test:1126,Qwen3-8B,46,benign,norm_matched,6,final,89,0.0,0.0,0.06467463076114655,0.06772703677415848,0.05800674483180046,0.0,0.0,1.0,0.0,1.0,0.006667885929346085,-0.0030524060130119324
test:2130,Qwen3-8B,46,benign,norm_matched,6,final,71,0.0,0.0,0.04318181425333023,0.02573155239224434,0.026581326499581337,0.0,0.0,0.0,0.0,1.0,0.016600487753748894,0.01745026186108589
test:1982,Qwen3-8B,46,benign,norm_matched,6,final,161,0.0,0.0,0.008476615883409977,0.015600311569869518,0.015360087156295776,0.0,0.0,1.0,0.0,0.0,-0.006883471272885799,-0.007123695686459541
test:941,Qwen3-8B,46,benign,norm_matched,6,final,150,0.0,0.0,0.027908988296985626,0.02343733049929142,0.05888930708169937,0.0,0.0,0.0,0.0,0.0,-0.030980318784713745,0.004471657797694206
test:1038,Qwen3-8B,46,benign,norm_matched,6,final,178,0.0,0.0,0.02142699621617794,0.024641022086143494,0.02725192718207836,0.0,0.0,0.0,0.0,0.0,-0.005824930965900421,-0.0032140258699655533
test:359,Qwen3-8B,46,benign,norm_matched,6,final,34,0.0,0.0,0.06916264444589615,0.03133486211299896,0.03780696541070938,0.0,0.0,0.0,0.0,1.0,0.03135567903518677,0.037827782332897186
test:1015,Qwen3-8B,46,benign,norm_matched,6,final,73,0.0,0.0,0.026831582188606262,0.026449380442500114,0.029796099290251732,0.0,0.0,0.0,0.0,0.0,-0.0029645171016454697,0.00038220174610614777
test:680,Qwen3-8B,46,benign,norm_matched,6,final,53,0.0,0.0,0.02494862489402294,0.02218613773584366,0.0185347069054842,0.0,0.0,1.0,0.0,1.0,0.006413917988538742,0.002762487158179283
test:1240,Qwen3-8B,46,benign,norm_matched,6,final,143,0.0,0.0,0.01848762482404709,0.043346717953681946,0.04200941324234009,0.0,0.0,1.0,0.0,0.0,-0.023521788418293,-0.024859093129634857
test:1330,Qwen3-8B,46,benign,norm_matched,6,final,46,0.0,0.0,0.030716728419065475,0.03229430317878723,0.028479333966970444,0.0,0.0,1.0,0.0,1.0,0.0022373944520950317,-0.001577574759721756
test:544,Qwen3-8B,46,benign,norm_matched,6,final,29,0.0,0.0,0.03674807772040367,0.039825282990932465,0.03886754438281059,0.0,0.0,1.0,0.0,0.0,-0.0021194666624069214,-0.0030772052705287933
test:695,Qwen3-8B,46,benign,norm_matched,6,final,160,0.0,0.0,0.02487953193485737,0.03462814912199974,0.02871314063668251,0.0,0.0,1.0,0.0,0.0,-0.003833608701825142,-0.009748617187142372
test:1019,Qwen3-8B,46,benign,norm_matched,6,final,50,0.0,0.0,0.048574984073638916,0.030834488570690155,0.0304853692650795,0.0,0.0,1.0,0.0,1.0,0.018089614808559418,0.01774049550294876
test:2172,Qwen3-8B,46,benign,norm_matched,6,final,29,0.0,0.0,0.069798544049263,0.08633050322532654,0.06197468191385269,0.0,0.0,1.0,0.0,1.0,0.007823862135410309,-0.016531959176063538
test:446,Qwen3-8B,46,benign,norm_matched,6,final,23,0.0,0.0,0.06336530297994614,0.018311403691768646,0.0513102151453495,0.0,0.0,0.0,0.0,1.0,0.012055087834596634,0.04505389928817749
test:7,Qwen3-8B,46,benign,norm_matched,6,final,163,0.0,0.0,0.012085291557013988,0.014029642567038536,0.015029540285468102,0.0,0.0,0.0,0.0,0.0,-0.002944248728454113,-0.0019443510100245476
test:1589,Qwen3-8B,46,benign,norm_matched,6,final,22,0.0,0.0,0.03301149979233742,0.03172814100980759,0.029096750542521477,0.0,0.0,1.0,0.0,1.0,0.003914749249815941,0.001283358782529831
test:1087,Qwen3-8B,46,benign,norm_matched,6,final,15,0.0,0.0,0.054390616714954376,0.05046980828046799,0.0521598719060421,0.0,0.0,0.0,0.0,1.0,0.0022307448089122772,0.003920808434486389
test:603,Qwen3-8B,46,benign,norm_matched,6,final,53,0.0,0.0,0.02138693816959858,0.017806386575102806,0.026213843375444412,0.0,0.0,0.0,0.0,0.0,-0.004826905205845833,0.0035805515944957733
test:1608,Qwen3-8B,46,benign,norm_matched,6,final,58,0.0,0.0,0.02558773383498192,0.031852301210165024,0.02368340641260147,0.0,0.0,1.0,0.0,1.0,0.0019043274223804474,-0.0062645673751831055
test:774,Qwen3-8B,46,benign,norm_matched,6,final,65,0.0,0.0,0.02303454466164112,0.02276451140642166,0.022209906950592995,0.0,0.0,1.0,0.0,1.0,0.0008246377110481262,0.00027003325521945953
test:1996,Qwen3-8B,46,benign,norm_matched,6,final,10,0.0,0.0,0.045532695949077606,0.035277266055345535,0.02914772927761078,0.0,0.0,1.0,0.0,1.0,0.016384966671466827,0.010255429893732071
test:2221,Qwen3-8B,46,benign,norm_matched,6,final,197,0.0,0.0,0.02498903125524521,0.034367885440588,0.04109180346131325,0.0,0.0,0.0,0.0,0.0,-0.01610277220606804,-0.009378854185342789
test:1313,Qwen3-8B,46,benign,norm_matched,6,final,152,0.0,0.0,0.03119646944105625,0.043404094874858856,0.0364898256957531,0.0,0.0,1.0,0.0,0.0,-0.005293356254696846,-0.012207625433802605
test:1515,Qwen3-8B,46,benign,norm_matched,6,final,74,0.0,0.0,0.031045570969581604,0.030419640243053436,0.03410397842526436,0.0,0.0,0.0,0.0,0.0,-0.0030584074556827545,0.0006259307265281677
test:1418,Qwen3-8B,46,benign,norm_matched,6,final,190,0.0,0.0,0.022923830896615982,0.03530656173825264,0.033098701387643814,0.0,0.0,1.0,0.0,0.0,-0.010174870491027832,-0.012382730841636658
test:999,Qwen3-8B,46,benign,norm_matched,6,final,164,0.0,0.0,0.019017135724425316,0.03660110756754875,0.01995086297392845,0.0,0.0,1.0,0.0,0.0,-0.0009337272495031357,-0.017583971843123436
test:1431,Qwen3-8B,46,benign,norm_matched,6,final,152,0.0,0.0,0.03146728128194809,0.024643322452902794,0.029579220339655876,0.0,0.0,0.0,0.0,1.0,0.0018880609422922134,0.006823958829045296
test:702,Qwen3-8B,46,benign,norm_matched,6,final,179,0.0,0.0,0.014750856906175613,0.031053630635142326,0.03446730971336365,0.0,0.0,0.0,0.0,0.0,-0.019716452807188034,-0.016302773728966713
test:111,Qwen3-8B,46,benign,norm_matched,6,final,221,0.0,0.0,0.0387253575026989,0.06068383529782295,0.04446542263031006,0.0,0.0,1.0,0.0,0.0,-0.00574006512761116,-0.021958477795124054
test:1039,Qwen3-8B,46,benign,norm_matched,6,final,38,0.0,0.0,0.06514611840248108,0.025209501385688782,0.031210333108901978,0.0,0.0,0.0,0.0,1.0,0.0339357852935791,0.0399366170167923
test:586,Qwen3-8B,46,benign,norm_matched,6,final,133,0.0,0.0,0.06357123702764511,0.048097334802150726,0.011467620730400085,0.0,0.0,1.0,0.0,1.0,0.052103616297245026,0.015473902225494385
test:733,Qwen3-8B,46,benign,norm_matched,6,final,15,0.0,0.0,0.035201095044612885,0.035845983773469925,0.03137714043259621,0.0,0.0,1.0,0.0,1.0,0.003823954612016678,-0.0006448887288570404
test:562,Qwen3-8B,46,benign,norm_matched,6,final,77,0.0,0.0,0.0024553812108933926,0.03134762495756149,-0.00046938774175941944,0.0,0.0,1.0,0.0,1.0,0.002924768952652812,-0.0288922437466681
test:367,Qwen3-8B,46,benign,norm_matched,6,final,170,0.0,0.0,0.012815212830901146,0.025999369099736214,0.01384661253541708,0.0,0.0,1.0,0.0,0.0,-0.001031399704515934,-0.013184156268835068
test:2093,Qwen3-8B,46,benign,norm_matched,6,final,243,0.0,0.0,0.03878398239612579,0.044616714119911194,0.04153711348772049,0.0,0.0,1.0,0.0,0.0,-0.002753131091594696,-0.0058327317237854
test:298,Qwen3-8B,46,benign,norm_matched,6,final,73,0.0,0.0,0.05833251029253006,0.03160490095615387,0.03343015909194946,0.0,0.0,0.0,0.0,1.0,0.024902351200580597,0.02672760933637619
test:618,Qwen3-8B,46,benign,norm_matched,6,final,195,0.0,0.0,0.00653882697224617,0.020447954535484314,0.015347568318247795,0.0,0.0,1.0,0.0,0.0,-0.008808741346001625,-0.013909127563238144
test:213,Qwen3-8B,46,benign,norm_matched,6,final,64,0.0,0.0,0.024056265130639076,0.05578002706170082,0.02882612682878971,0.0,0.0,1.0,0.0,0.0,-0.004769861698150635,-0.031723761931061745
test:1770,Qwen3-8B,46,benign,norm_matched,6,final,130,0.0,0.0,0.00836151372641325,0.021050570532679558,0.009758824482560158,0.0,0.0,1.0,0.0,0.0,-0.0013973107561469078,-0.012689056806266308
test:784,Qwen3-8B,46,benign,norm_matched,6,final,32,0.0,0.0,0.04586944729089737,0.051401518285274506,0.05152948200702667,0.0,0.0,0.0,0.0,0.0,-0.005660034716129303,-0.005532070994377136
test:748,Qwen3-8B,46,benign,norm_matched,6,final,197,0.0,0.0,0.010952702723443508,0.019002795219421387,0.01583894155919552,0.0,0.0,1.0,0.0,0.0,-0.00488623883575201,-0.008050092495977879
test:691,Qwen3-8B,46,benign,norm_matched,6,final,223,0.0,0.0,0.07293268293142319,0.07333496958017349,0.07758796215057373,0.0,0.0,0.0,0.0,0.0,-0.004655279219150543,-0.0004022866487503052
test:1521,Qwen3-8B,46,benign,norm_matched,6,final,214,0.0,0.0,0.021475067362189293,0.024079149588942528,0.02293907105922699,0.0,0.0,1.0,0.0,0.0,-0.0014640036970376968,-0.002604082226753235
test:153,Qwen3-8B,46,benign,norm_matched,6,final,210,0.0,0.0,0.04220889136195183,0.031286630779504776,0.040125772356987,0.0,0.0,0.0,0.0,1.0,0.0020831190049648285,0.010922260582447052
test:1145,Qwen3-8B,46,benign,norm_matched,6,final,133,0.0,0.0,0.035345979034900665,0.04901095852255821,0.04536941647529602,0.0,0.0,1.0,0.0,0.0,-0.010023437440395355,-0.013664979487657547
test:1941,Qwen3-8B,46,benign,norm_matched,6,final,200,0.0,0.0,0.030025767162442207,0.03575668856501579,0.03313988447189331,0.0,0.0,1.0,0.0,0.0,-0.003114117309451103,-0.0057309214025735855
test:128,Qwen3-8B,46,benign,norm_matched,6,final,225,0.0,0.0,0.027562526986002922,0.027504287660121918,0.03508080914616585,0.0,0.0,0.0,0.0,0.0,-0.007518282160162926,5.8239325881004333e-05
test:499,Qwen3-8B,46,benign,norm_matched,6,final,48,0.0,0.0,0.06407622992992401,0.018387366086244583,0.01722164824604988,0.0,0.0,1.0,0.0,1.0,0.04685458168387413,0.04568886384367943
test:869,Qwen3-8B,46,benign,norm_matched,6,final,83,0.0,0.0,0.06138807162642479,0.02983703278005123,0.01264268346130848,0.0,0.0,1.0,0.0,1.0,0.04874538816511631,0.03155103884637356
test:1236,Qwen3-8B,46,benign,norm_matched,6,final,129,0.0,0.0,0.024361951276659966,0.03589646518230438,0.029405152425169945,0.0,0.0,1.0,0.0,0.0,-0.005043201148509979,-0.011534513905644417
test:1870,Qwen3-8B,46,benign,norm_matched,6,final,152,0.0,0.0,0.028420912101864815,0.022617213428020477,0.0237162783741951,0.0,0.0,0.0,0.0,1.0,0.004704633727669716,0.0058036986738443375
test:1310,Qwen3-8B,46,benign,norm_matched,6,final,196,0.0,0.0,0.030426131561398506,0.039855387061834335,0.04417217895388603,0.0,0.0,0.0,0.0,0.0,-0.013746047392487526,-0.00942925550043583
test:1221,Qwen3-8B,46,benign,norm_matched,6,final,122,0.0,0.0,0.026262398809194565,0.02053280733525753,0.0224005039781332,0.0,0.0,0.0,0.0,1.0,0.0038618948310613632,0.005729591473937035
test:257,Qwen3-8B,46,benign,norm_matched,6,final,144,0.0,0.0,0.0286302138119936,0.02625417336821556,0.028815584257245064,0.0,0.0,0.0,0.0,0.0,-0.00018537044525146484,0.002376040443778038
test:1513,Qwen3-8B,46,benign,norm_matched,6,final,226,0.0,0.0,0.016310464590787888,0.019915973767638206,0.025100070983171463,0.0,0.0,0.0,0.0,0.0,-0.008789606392383575,-0.003605509176850319
test:553,Qwen3-8B,46,benign,norm_matched,6,final,259,0.0,0.0,0.03452431038022041,0.0492524690926075,0.004144221544265747,0.0,0.0,1.0,0.0,1.0,0.030380088835954666,-0.014728158712387085
test:1881,Qwen3-8B,46,benign,norm_matched,6,final,75,0.0,0.0,0.04497494176030159,0.05140937864780426,0.0469571016728878,0.0,0.0,1.0,0.0,0.0,-0.001982159912586212,-0.00643443688750267
test:2262,Qwen3-8B,46,benign,norm_matched,6,final,30,0.0,0.0,0.03482639789581299,0.032803162932395935,0.03239752724766731,0.0,0.0,1.0,0.0,1.0,0.0024288706481456757,0.0020232349634170532
test:911,Qwen3-8B,46,benign,norm_matched,6,final,184,0.0,0.0,0.03632576763629913,0.05438019707798958,0.035656969994306564,0.0,0.0,1.0,0.0,1.0,0.000668797641992569,-0.018054429441690445
test:1947,Qwen3-8B,46,benign,norm_matched,6,final,147,0.0,0.0,0.05597645789384842,0.042582765221595764,0.03969439119100571,0.0,0.0,1.0,0.0,1.0,0.016282066702842712,0.013393692672252655
test:675,Qwen3-8B,46,benign,norm_matched,6,final,28,0.0,0.0,0.048444125801324844,0.04574866592884064,0.029057087376713753,0.0,0.0,1.0,0.0,1.0,0.01938703842461109,0.002695459872484207
test:979,Qwen3-8B,46,benign,norm_matched,6,final,223,0.0,0.0,0.012441553175449371,0.025272274389863014,0.03481375798583031,0.0,0.0,0.0,0.0,0.0,-0.022372204810380936,-0.012830721214413643
test:783,Qwen3-8B,46,benign,norm_matched,6,final,10,0.0,0.0,0.06557447463274002,0.05469164624810219,0.05669013038277626,0.0,0.0,0.0,0.0,1.0,0.00888434424996376,0.010882828384637833
test:2149,Qwen3-8B,46,benign,norm_matched,6,final,10,0.0,0.0,0.05095697194337845,0.04798242449760437,0.030489496886730194,0.0,0.0,1.0,0.0,1.0,0.020467475056648254,0.0029745474457740784
test:1231,Qwen3-8B,46,benign,norm_matched,6,final,99,0.0,0.0,0.04884297028183937,0.028346046805381775,0.018615128472447395,0.0,0.0,1.0,0.0,1.0,0.030227841809391975,0.020496923476457596
test:68,Qwen3-8B,46,benign,norm_matched,6,final,28,0.0,0.0,0.04423695430159569,0.045228905975818634,0.04819967597723007,0.0,0.0,0.0,0.0,0.0,-0.003962721675634384,-0.0009919516742229462
test:180,Qwen3-8B,46,benign,norm_matched,6,final,97,0.0,0.0,0.016252540051937103,0.01634923182427883,0.014757297933101654,0.0,0.0,1.0,0.0,1.0,0.0014952421188354492,-9.669177234172821e-05
test:2034,Qwen3-8B,46,benign,norm_matched,6,final,12,0.0,0.0,0.03783102333545685,0.035508617758750916,0.03852696344256401,0.0,0.0,0.0,0.0,0.0,-0.0006959401071071625,0.0023224055767059326
test:1007,Qwen3-8B,46,benign,norm_matched,6,final,243,0.0,0.0,0.023639865219593048,0.046674471348524094,0.04536779224872589,0.0,0.0,1.0,0.0,0.0,-0.021727927029132843,-0.023034606128931046
test:1917,Qwen3-8B,46,benign,norm_matched,6,final,106,0.0,0.0,0.035006340593099594,0.02839893475174904,0.02954145520925522,0.0,0.0,0.0,0.0,1.0,0.005464885383844376,0.006607405841350555
test:1869,Qwen3-8B,46,benign,norm_matched,6,final,215,0.0,0.0,0.020984865725040436,0.05381469056010246,0.010453087277710438,0.0,0.0,1.0,0.0,1.0,0.010531778447329998,-0.03282982483506203
test:1819,Qwen3-8B,46,benign,norm_matched,6,final,40,0.0,0.0,0.013370418921113014,0.055540814995765686,0.029356610029935837,0.0,0.0,1.0,0.0,0.0,-0.015986191108822823,-0.04217039607465267
test:225,Qwen3-8B,46,benign,norm_matched,6,final,198,0.0,0.0,0.035312220454216,0.029606230556964874,0.025335364043712616,0.0,0.0,1.0,0.0,1.0,0.009976856410503387,0.005705989897251129
test:1978,Qwen3-8B,46,benign,norm_matched,6,final,280,0.0,0.0,0.09354105591773987,0.07490245997905731,0.08392030000686646,0.0,0.0,0.0,0.0,1.0,0.009620755910873413,0.018638595938682556
test:1849,Qwen3-8B,46,benign,norm_matched,6,final,72,0.0,0.0,0.0466192252933979,0.030934378504753113,0.029329700395464897,0.0,0.0,1.0,0.0,1.0,0.017289524897933006,0.01568484678864479
test:1267,Qwen3-8B,46,benign,norm_matched,6,final,114,0.0,0.0,0.020929448306560516,0.029304075986146927,0.025785543024539948,0.0,0.0,1.0,0.0,0.0,-0.004856094717979431,-0.00837462767958641
test:2014,Qwen3-8B,46,benign,norm_matched,6,final,38,0.0,0.0,0.06697314977645874,0.04973631724715233,0.042747434228658676,0.0,0.0,1.0,0.0,1.0,0.024225715547800064,0.017236832529306412
test:747,Qwen3-8B,46,benign,norm_matched,6,final,90,0.0,0.0,0.04902516305446625,0.05074356868863106,0.04634206369519234,0.0,0.0,1.0,0.0,1.0,0.0026830993592739105,-0.0017184056341648102
test:1536,Qwen3-8B,46,benign,norm_matched,6,final,22,0.0,0.0,0.01818830333650112,0.010979469865560532,0.018688982352614403,0.0,0.0,0.0,0.0,0.0,-0.0005006790161132812,0.00720883347094059
test:495,Qwen3-8B,46,benign,norm_matched,6,final,246,0.0,0.0,0.03975650668144226,0.018087344244122505,0.04038495570421219,0.0,0.0,0.0,0.0,0.0,-0.000628449022769928,0.021669162437319756
test:1218,Qwen3-8B,46,benign,norm_matched,6,final,44,0.0,0.0,0.05704854428768158,0.025992920622229576,0.03329797461628914,0.0,0.0,0.0,0.0,1.0,0.02375056967139244,0.031055623665452003
test:908,Qwen3-8B,46,benign,norm_matched,6,final,29,0.0,0.0,0.061900220811367035,0.046585507690906525,-0.02191799320280552,0.0,0.0,1.0,0.0,1.0,0.08381821401417255,0.01531471312046051
test:284,Qwen3-8B,46,benign,norm_matched,6,final,292,0.0,0.0,0.1222260519862175,0.11077263206243515,0.05875546485185623,0.0,0.0,1.0,0.0,1.0,0.06347058713436127,0.011453419923782349
test:307,Qwen3-8B,46,benign,norm_matched,6,final,53,0.0,0.0,0.015090493485331535,0.010779356583952904,0.00804467685520649,0.0,0.0,1.0,0.0,1.0,0.007045816630125046,0.004311136901378632
test:1101,Qwen3-8B,46,benign,norm_matched,6,final,27,0.0,0.0,0.04557720944285393,0.014568733982741833,0.018745293840765953,0.0,0.0,0.0,0.0,1.0,0.026831915602087975,0.031008475460112095
test:2091,Qwen3-8B,46,benign,norm_matched,6,final,3,0.0,0.0,0.05797957628965378,0.049485914409160614,0.04214392229914665,0.0,0.0,1.0,0.0,1.0,0.015835653990507126,0.008493661880493164
test:1343,Qwen3-8B,46,benign,norm_matched,6,final,285,0.0,0.0,0.0175304114818573,0.029759814962744713,0.0327637642621994,0.0,0.0,0.0,0.0,0.0,-0.015233352780342102,-0.012229403480887413
test:312,Qwen3-8B,46,benign,norm_matched,6,final,52,0.0,0.0,0.05582594871520996,0.04614952579140663,0.03171948343515396,0.0,0.0,1.0,0.0,1.0,0.024106465280056,0.00967642292380333
test:1853,Qwen3-8B,46,benign,norm_matched,6,final,296,0.0,0.0,0.019603773951530457,0.027209492400288582,0.024625375866889954,0.0,0.0,1.0,0.0,0.0,-0.005021601915359497,-0.007605718448758125
test:2161,Qwen3-8B,46,benign,norm_matched,6,final,46,0.0,0.0,0.024357985705137253,0.019019167870283127,0.016466880217194557,0.0,0.0,1.0,0.0,1.0,0.007891105487942696,0.005338817834854126
test:993,Qwen3-8B,46,benign,norm_matched,6,final,86,0.0,0.0,0.052616480737924576,0.03171151876449585,0.016666028648614883,0.0,0.0,1.0,0.0,1.0,0.03595045208930969,0.020904961973428726
test:1764,Qwen3-8B,46,benign,norm_matched,6,final,124,0.0,0.0,0.04476106911897659,0.060684822499752045,0.03225678578019142,0.0,0.0,1.0,0.0,1.0,0.012504283338785172,-0.01592375338077545
test:1238,Qwen3-8B,46,benign,norm_matched,6,final,80,0.0,0.0,0.023175276815891266,0.025139382109045982,0.022436439990997314,0.0,0.0,1.0,0.0,1.0,0.0007388368248939514,-0.0019641052931547165
test:2222,Qwen3-8B,46,benign,norm_matched,6,final,232,0.0,0.0,0.05124399811029434,0.06312812119722366,0.07751938700675964,0.0,0.0,0.0,0.0,0.0,-0.0262753888964653,-0.011884123086929321
test:2007,Qwen3-8B,46,benign,norm_matched,6,final,62,0.0,0.0,0.04357793554663658,0.03491077944636345,0.042699601501226425,0.0,0.0,0.0,0.0,1.0,0.0008783340454101562,0.008667156100273132
test:1177,Qwen3-8B,46,benign,norm_matched,6,final,235,0.0,0.0,0.02363552525639534,0.030963841825723648,0.030335962772369385,0.0,0.0,1.0,0.0,0.0,-0.006700437515974045,-0.007328316569328308
test:378,Qwen3-8B,46,benign,norm_matched,6,final,229,0.0,0.0,0.0008134455420076847,0.026552844792604446,0.015539534389972687,0.0,0.0,1.0,0.0,0.0,-0.014726088847965002,-0.02573939925059676
test:1086,Qwen3-8B,46,benign,norm_matched,6,final,304,0.0,0.0,0.028951406478881836,0.040897186845541,0.037044648081064224,0.0,0.0,1.0,0.0,0.0,-0.008093241602182388,-0.011945780366659164
test:350,Qwen3-8B,46,benign,norm_matched,6,final,38,0.0,0.0,0.052253007888793945,0.013711749576032162,0.020310744643211365,0.0,0.0,0.0,0.0,1.0,0.03194226324558258,0.038541258312761784
test:2256,Qwen3-8B,46,benign,norm_matched,6,final,48,0.0,0.0,0.022956877946853638,0.0323498360812664,0.025482874363660812,0.0,0.0,1.0,0.0,0.0,-0.0025259964168071747,-0.009392958134412766
test:2064,Qwen3-8B,46,benign,norm_matched,6,final,287,0.0,0.0,0.026812123134732246,0.016910359263420105,0.023172518238425255,0.0,0.0,0.0,0.0,1.0,0.0036396048963069916,0.009901763871312141
test:635,Qwen3-8B,46,benign,norm_matched,6,final,100,0.0,0.0,0.04302757978439331,0.03583819046616554,0.010334810242056847,0.0,0.0,1.0,0.0,1.0,0.032692769542336464,0.007189389318227768
test:2182,Qwen3-8B,46,benign,norm_matched,6,final,38,0.0,0.0,0.06937659531831741,0.050655607134103775,0.04830795153975487,0.0,0.0,1.0,0.0,1.0,0.021068643778562546,0.01872098818421364
test:502,Qwen3-8B,46,benign,norm_matched,6,final,27,0.0,0.0,0.04568716138601303,0.024602718651294708,0.01959232985973358,0.0,0.0,1.0,0.0,1.0,0.02609483152627945,0.021084442734718323
test:434,Qwen3-8B,46,benign,norm_matched,6,final,194,0.0,0.0,0.03476409614086151,0.05270592123270035,0.04347672313451767,0.0,0.0,1.0,0.0,0.0,-0.008712626993656158,-0.017941825091838837
test:1225,Qwen3-8B,46,benign,norm_matched,6,final,46,0.0,0.0,0.03589902073144913,0.027426064014434814,0.02696390263736248,0.0,0.0,1.0,0.0,1.0,0.008935118094086647,0.008472956717014313
test:1483,Qwen3-8B,46,benign,norm_matched,6,final,282,0.0,0.0,0.0038175464142113924,0.027438048273324966,0.018812334164977074,0.0,0.0,1.0,0.0,0.0,-0.014994787750765681,-0.023620501859113574
test:327,Qwen3-8B,46,benign,norm_matched,6,final,57,0.0,0.0,0.054370298981666565,0.05113993585109711,0.04048901051282883,0.0,0.0,1.0,0.0,1.0,0.013881288468837738,0.003230363130569458
test:646,Qwen3-8B,46,benign,norm_matched,6,final,48,0.0,0.0,0.06164640188217163,0.05817950516939163,0.00962922815233469,0.0,0.0,1.0,0.0,1.0,0.05201717372983694,0.0034668967127799988
test:1214,Qwen3-8B,46,benign,norm_matched,6,final,292,0.0,0.0,0.023041680455207825,0.03645496442914009,0.04094652459025383,0.0,0.0,0.0,0.0,0.0,-0.017904844135046005,-0.013413283973932266
test:1722,Qwen3-8B,46,benign,norm_matched,6,final,248,0.0,0.0,0.015178759582340717,0.045659251511096954,0.045163705945014954,0.0,0.0,1.0,0.0,0.0,-0.029984946362674236,-0.030480491928756237
test:2062,Qwen3-8B,46,benign,norm_matched,6,final,326,0.0,0.0,0.02833101712167263,0.04958822950720787,0.041687577962875366,0.0,0.0,1.0,0.0,0.0,-0.013356560841202736,-0.02125721238553524
test:1009,Qwen3-8B,46,benign,norm_matched,6,final,56,0.0,0.0,0.06381239742040634,0.02844565361738205,0.044213466346263885,0.0,0.0,0.0,0.0,1.0,0.019598931074142456,0.03536674380302429
test:92,Qwen3-8B,46,benign,norm_matched,6,final,287,0.0,0.0,0.031111089512705803,0.03312715142965317,0.02073904685676098,0.0,0.0,1.0,0.0,1.0,0.010372042655944824,-0.002016061916947365
test:471,Qwen3-8B,46,benign,norm_matched,6,final,284,0.0,0.0,0.026674678549170494,0.023951532319188118,0.027040980756282806,0.0,0.0,0.0,0.0,0.0,-0.0003663022071123123,0.002723146229982376
test:1083,Qwen3-8B,46,benign,norm_matched,6,final,336,0.0,0.0,0.07268569618463516,0.09080483764410019,0.09474894404411316,0.0,0.0,0.0,0.0,0.0,-0.022063247859477997,-0.018119141459465027
test:2108,Qwen3-8B,46,benign,norm_matched,6,final,302,0.0,0.0,0.045055340975522995,0.05363290756940842,0.04778924584388733,0.0,0.0,1.0,0.0,0.0,-0.002733904868364334,-0.008577566593885422
test:2227,Qwen3-8B,46,benign,norm_matched,6,final,34,0.0,0.0,0.026835154742002487,0.027278155088424683,0.021907862275838852,0.0,0.0,1.0,0.0,1.0,0.004927292466163635,-0.00044300034642219543
test:1251,Qwen3-8B,46,benign,norm_matched,6,final,31,0.0,0.0,0.014747207053005695,0.016960326582193375,0.020999129861593246,0.0,0.0,0.0,0.0,0.0,-0.006251922808587551,-0.0022131195291876793
test:498,Qwen3-8B,46,benign,norm_matched,6,final,38,0.0,0.0,0.048758648335933685,0.028557801619172096,0.03538614138960838,0.0,0.0,0.0,0.0,1.0,0.013372506946325302,0.02020084671676159
test:1920,Qwen3-8B,46,benign,norm_matched,6,final,208,0.0,0.0,0.03916439414024353,0.06104050204157829,0.048119883984327316,0.0,0.0,1.0,0.0,0.0,-0.008955489844083786,-0.021876107901334763
test:1845,Qwen3-8B,46,benign,norm_matched,6,final,196,0.0,0.0,0.03258988633751869,0.03943882882595062,0.036258019506931305,0.0,0.0,1.0,0.0,0.0,-0.003668133169412613,-0.0068489424884319305
test:1790,Qwen3-8B,46,benign,norm_matched,6,final,259,0.0,0.0,0.0022176108323037624,0.02344462275505066,0.01525814551860094,0.0,0.0,1.0,0.0,0.0,-0.013040534686297178,-0.021227011922746897
test:1563,Qwen3-8B,46,benign,norm_matched,6,final,30,0.0,0.0,0.01993698999285698,0.027700457721948624,0.02881765179336071,0.0,0.0,0.0,0.0,0.0,-0.00888066180050373,-0.007763467729091644
test:1715,Qwen3-8B,46,benign,norm_matched,6,final,310,0.0,0.0,0.02132079191505909,0.038369737565517426,0.038708142936229706,0.0,0.0,0.0,0.0,0.0,-0.017387351021170616,-0.017048945650458336
test:1395,Qwen3-8B,46,benign,norm_matched,6,final,63,0.0,0.0,0.0500003881752491,0.052906136959791183,0.042692650109529495,0.0,0.0,1.0,0.0,1.0,0.0073077380657196045,-0.0029057487845420837
test:923,Qwen3-8B,46,benign,norm_matched,6,final,61,0.0,0.0,0.03116857260465622,0.02447693422436714,0.021411534398794174,0.0,0.0,1.0,0.0,1.0,0.009757038205862045,0.006691638380289078
test:800,Qwen3-8B,46,benign,norm_matched,6,final,321,0.0,0.0,0.04798316955566406,0.04440002143383026,0.05611683800816536,0.0,0.0,0.0,0.0,0.0,-0.008133668452501297,0.0035831481218338013
test:1525,Qwen3-8B,46,benign,norm_matched,6,final,272,0.0,0.0,0.02403314970433712,0.022072654217481613,0.02648376300930977,0.0,0.0,0.0,0.0,0.0,-0.0024506133049726486,0.001960495486855507
test:617,Qwen3-8B,46,benign,norm_matched,6,final,67,0.0,0.0,0.022060124203562737,0.015448023565113544,0.024233145639300346,0.0,0.0,0.0,0.0,0.0,-0.00217302143573761,0.006612100638449192
test:2225,Qwen3-8B,46,benign,norm_matched,6,final,38,0.0,0.0,0.037143491208553314,0.03382427617907524,0.03418009355664253,0.0,0.0,0.0,0.0,1.0,0.002963397651910782,0.003319215029478073
test:125,Qwen3-8B,46,benign,norm_matched,6,final,106,0.0,0.0,0.032798416912555695,0.02136804535984993,0.019986532628536224,0.0,0.0,1.0,0.0,1.0,0.01281188428401947,0.011430371552705765
test:1316,Qwen3-8B,46,benign,norm_matched,6,final,78,0.0,0.0,0.023755114525556564,0.023766884580254555,0.013675548136234283,0.0,0.0,1.0,0.0,1.0,0.010079566389322281,-1.1770054697990417e-05
test:1848,Qwen3-8B,46,benign,norm_matched,6,final,55,0.0,0.0,0.023234078660607338,0.039306383579969406,0.037506185472011566,0.0,0.0,1.0,0.0,0.0,-0.014272106811404228,-0.016072304919362068
test:1481,Qwen3-8B,46,benign,norm_matched,6,final,55,0.0,0.0,0.008535895496606827,0.01904454082250595,0.02078063413500786,0.0,0.0,0.0,0.0,0.0,-0.012244738638401031,-0.010508645325899124
test:1667,Qwen3-8B,46,benign,norm_matched,6,final,42,0.0,0.0,0.040972400456666946,0.026412777602672577,0.024482131004333496,0.0,0.0,1.0,0.0,1.0,0.01649026945233345,0.01455962285399437
test:1901,Qwen3-8B,46,benign,norm_matched,6,final,48,0.0,0.0,0.043013446033000946,0.03465048223733902,0.034519877284765244,0.0,0.0,1.0,0.0,1.0,0.008493568748235703,0.008362963795661926
test:1673,Qwen3-8B,46,benign,norm_matched,6,final,323,0.0,0.0,0.02748650684952736,0.038494523614645004,0.03712281212210655,0.0,0.0,1.0,0.0,0.0,-0.009636305272579193,-0.011008016765117645
test:2280,Qwen3-8B,46,benign,norm_matched,6,final,310,0.0,0.0,0.020886370912194252,0.037636566907167435,0.03847773000597954,0.0,0.0,0.0,0.0,0.0,-0.017591359093785286,-0.016750195994973183
test:2251,Qwen3-8B,46,benign,norm_matched,6,final,334,0.0,0.0,0.010029570199549198,0.028710100799798965,0.02169742062687874,0.0,0.0,1.0,0.0,0.0,-0.01166785042732954,-0.018680530600249767
test:512,Qwen3-8B,46,benign,norm_matched,6,final,114,0.0,0.0,0.026698999106884003,0.03575548529624939,0.029462872073054314,0.0,0.0,1.0,0.0,0.0,-0.002763872966170311,-0.009056486189365387
test:220,Qwen3-8B,46,benign,norm_matched,6,final,373,0.0,0.0,0.022137964144349098,0.02969576045870781,0.026866592466831207,0.0,0.0,1.0,0.0,0.0,-0.004728628322482109,-0.007557796314358711
test:997,Qwen3-8B,46,benign,norm_matched,6,final,40,0.0,0.0,0.03360142186284065,0.039102423936128616,0.0182343702763319,0.0,0.0,1.0,0.0,1.0,0.015367051586508751,-0.005501002073287964
test:1553,Qwen3-8B,46,benign,norm_matched,6,final,79,0.0,0.0,0.04380318522453308,0.05189308524131775,0.036575548350811005,0.0,0.0,1.0,0.0,1.0,0.007227636873722076,-0.008089900016784668
test:731,Qwen3-8B,46,benign,norm_matched,6,final,370,0.0,0.0,0.0192802082747221,0.03701469302177429,0.0273133534938097,0.0,0.0,1.0,0.0,0.0,-0.0080331452190876,-0.017734484747052193
test:1433,Qwen3-8B,46,benign,norm_matched,6,final,170,0.0,0.0,0.041802652180194855,0.02725430577993393,0.016944510862231255,0.0,0.0,1.0,0.0,1.0,0.0248581413179636,0.014548346400260925
test:65,Qwen3-8B,46,benign,norm_matched,6,final,379,0.0,0.0,0.036337923258543015,0.0473291277885437,0.04762052372097969,0.0,0.0,0.0,0.0,0.0,-0.011282600462436676,-0.010991204530000687
test:1575,Qwen3-8B,46,benign,norm_matched,6,final,56,0.0,0.0,0.03534954786300659,0.033936403691768646,0.026178302243351936,0.0,0.0,1.0,0.0,1.0,0.009171245619654655,0.0014131441712379456
test:1784,Qwen3-8B,46,benign,norm_matched,6,final,14,0.0,0.0,0.009681331925094128,0.019300537183880806,0.02228810079395771,0.0,0.0,0.0,0.0,0.0,-0.012606768868863583,-0.009619205258786678
test:1566,Qwen3-8B,46,benign,norm_matched,6,final,53,0.0,0.0,0.04988360032439232,0.0446927584707737,0.04029301181435585,0.0,0.0,1.0,0.0,1.0,0.009590588510036469,0.005190841853618622
test:1807,Qwen3-8B,46,benign,norm_matched,6,final,216,0.0,0.0,0.03121437132358551,0.02630077861249447,0.030121836811304092,0.0,0.0,0.0,0.0,1.0,0.0010925345122814178,0.0049135927110910416
test:1408,Qwen3-8B,46,benign,norm_matched,6,final,130,0.0,0.0,0.054513681679964066,0.05739288404583931,0.04834455996751785,0.0,0.0,1.0,0.0,1.0,0.006169121712446213,-0.002879202365875244
test:621,Qwen3-8B,46,benign,norm_matched,6,final,411,0.0,0.0,0.023655574768781662,0.030074885115027428,0.02655061148107052,0.0,0.0,1.0,0.0,0.0,-0.0028950367122888565,-0.006419310346245766
test:531,Qwen3-8B,46,benign,norm_matched,6,final,34,0.0,0.0,0.08773410320281982,0.02410861849784851,0.03329966217279434,0.0,0.0,0.0,0.0,1.0,0.05443444103002548,0.06362548470497131
test:394,Qwen3-8B,46,benign,norm_matched,6,final,47,0.0,0.0,0.05329102650284767,0.026846107095479965,0.0019416104769334197,0.0,0.0,1.0,0.0,1.0,0.05134941602591425,0.026444919407367706
test:641,Qwen3-8B,46,benign,norm_matched,6,final,10,0.0,0.0,0.061004504561424255,0.10115951299667358,0.07151065021753311,0.0,0.0,1.0,0.0,0.0,-0.010506145656108856,-0.04015500843524933
test:2003,Qwen3-8B,46,benign,norm_matched,6,final,12,0.0,0.0,0.029800694435834885,0.023637790232896805,0.03277665376663208,0.0,0.0,0.0,0.0,0.0,-0.0029759593307971954,0.00616290420293808
test:243,Qwen3-8B,46,benign,norm_matched,6,final,428,0.0,0.0,0.028120853006839752,0.023873627185821533,0.033241309225559235,0.0,0.0,0.0,0.0,0.0,-0.005120456218719482,0.004247225821018219
test:85,Qwen3-8B,46,benign,norm_matched,6,final,424,0.0,0.0,0.014575165696442127,0.028989914804697037,0.04309558868408203,0.0,0.0,0.0,0.0,0.0,-0.028520422987639904,-0.01441474910825491
test:847,Qwen3-8B,46,benign,norm_matched,6,final,150,0.0,0.0,0.06293539702892303,0.060160938650369644,0.012036568485200405,0.0,0.0,1.0,0.0,1.0,0.05089882854372263,0.0027744583785533905
test:4,Qwen3-8B,46,benign,norm_matched,6,final,401,0.0,0.0,0.07234202325344086,0.06005191057920456,0.06422516703605652,0.0,0.0,0.0,0.0,1.0,0.008116856217384338,0.012290112674236298
test:468,Qwen3-8B,46,benign,norm_matched,6,final,87,0.0,0.0,0.0555194690823555,0.03339305520057678,0.021116528660058975,0.0,0.0,1.0,0.0,1.0,0.034402940422296524,0.022126413881778717
test:1928,Qwen3-8B,46,benign,norm_matched,6,final,42,0.0,0.0,0.06610715389251709,0.06216741353273392,0.0333951972424984,0.0,0.0,1.0,0.0,1.0,0.03271195665001869,0.003939740359783173
test:822,Qwen3-8B,46,benign,norm_matched,6,final,96,0.0,0.0,0.07124488055706024,0.025489656254649162,0.05338691920042038,0.0,0.0,0.0,0.0,1.0,0.017857961356639862,0.04575522430241108
test:1805,Qwen3-8B,46,benign,norm_matched,6,final,42,0.0,0.0,0.04910188913345337,0.04515606537461281,0.022649627178907394,0.0,0.0,1.0,0.0,1.0,0.026452261954545975,0.003945823758840561
test:879,Qwen3-8B,46,benign,norm_matched,6,final,180,0.0,0.0,0.02869163267314434,0.020371560007333755,0.02756805159151554,0.0,0.0,0.0,0.0,1.0,0.0011235810816287994,0.008320072665810585
test:1902,Qwen3-8B,46,benign,norm_matched,6,final,100,0.0,0.0,0.032269954681396484,0.031550854444503784,0.03514090180397034,0.0,0.0,0.0,0.0,0.0,-0.0028709471225738525,0.0007191002368927002
test:1933,Qwen3-8B,46,benign,norm_matched,6,final,15,0.0,0.0,0.023882566019892693,0.02644936367869377,0.011243571527302265,0.0,0.0,1.0,0.0,1.0,0.012638994492590427,-0.002566797658801079
test:577,Qwen3-8B,46,benign,norm_matched,6,final,14,0.0,0.0,0.025643305853009224,0.0268204677850008,0.030932102352380753,0.0,0.0,0.0,0.0,0.0,-0.005288796499371529,-0.0011771619319915771
test:1749,Qwen3-8B,46,benign,norm_matched,6,final,26,0.0,0.0,0.025224046781659126,0.028216378763318062,0.02505638264119625,0.0,0.0,1.0,0.0,1.0,0.00016766414046287537,-0.0029923319816589355
test:15,Qwen3-8B,46,benign,norm_matched,6,final,412,0.0,0.0,0.06677106022834778,0.03373623266816139,0.06360441446304321,0.0,0.0,0.0,0.0,1.0,0.0031666457653045654,0.033034827560186386
test:1753,Qwen3-8B,46,benign,norm_matched,6,final,314,0.0,0.0,0.039687126874923706,0.030989373102784157,0.03487527742981911,0.0,0.0,0.0,0.0,1.0,0.004811849445104599,0.00869775377213955
test:665,Qwen3-8B,46,benign,norm_matched,6,final,55,0.0,0.0,0.025306260213255882,0.027163514867424965,0.025861887261271477,0.0,0.0,1.0,0.0,0.0,-0.0005556270480155945,-0.0018572546541690826
test:569,Qwen3-8B,46,benign,norm_matched,6,final,23,0.0,0.0,0.04771732911467552,0.025261791422963142,0.019667865708470345,0.0,0.0,1.0,0.0,1.0,0.028049463406205177,0.02245553769171238
test:1203,Qwen3-8B,46,benign,norm_matched,6,final,33,0.0,0.0,0.032665736973285675,0.03814532235264778,0.024990171194076538,0.0,0.0,1.0,0.0,1.0,0.007675565779209137,-0.005479585379362106
test:2105,Qwen3-8B,46,benign,norm_matched,6,final,387,0.0,0.0,0.11971373856067657,0.09977655112743378,0.1140793189406395,0.0,0.0,0.0,0.0,1.0,0.005634419620037079,0.019937187433242798
test:426,Qwen3-8B,46,benign,norm_matched,6,final,359,0.0,0.0,0.017675843089818954,0.02580895461142063,0.022119326516985893,0.0,0.0,1.0,0.0,0.0,-0.004443483427166939,-0.008133111521601677
test:123,Qwen3-8B,46,benign,norm_matched,6,final,425,0.0,0.0,0.02925369329750538,0.02230161800980568,0.027108781039714813,0.0,0.0,0.0,0.0,1.0,0.0021449122577905655,0.006952075287699699
test:1405,Qwen3-8B,46,benign,norm_matched,6,final,73,0.0,0.0,0.03410981222987175,0.03310133144259453,0.023163385689258575,0.0,0.0,1.0,0.0,1.0,0.010946426540613174,0.0010084807872772217
test:796,Qwen3-8B,46,benign,norm_matched,6,final,10,0.0,0.0,0.04746334254741669,0.03309673070907593,0.052438121289014816,0.0,0.0,0.0,0.0,0.0,-0.004974778741598129,0.01436661183834076
test:2166,Qwen3-8B,46,benign,norm_matched,6,final,89,0.0,0.0,0.032676875591278076,0.0534508116543293,0.026006989181041718,0.0,0.0,1.0,0.0,1.0,0.006669886410236359,-0.020773936063051224
test:1179,Qwen3-8B,46,benign,norm_matched,6,final,169,0.0,0.0,0.03889136016368866,0.028947843238711357,0.029099933803081512,0.0,0.0,0.0,0.0,1.0,0.009791426360607147,0.009943516924977303
test:375,Qwen3-8B,46,benign,norm_matched,6,final,468,0.0,0.0,0.015316267497837543,0.028721841052174568,0.015380015596747398,0.0,0.0,1.0,0.0,0.0,-6.374809890985489e-05,-0.013405573554337025
test:1143,Qwen3-8B,46,benign,norm_matched,6,final,517,0.0,0.0,0.02222355827689171,0.04428232088685036,0.04516950622200966,0.0,0.0,0.0,0.0,0.0,-0.02294594794511795,-0.02205876260995865
test:1882,Qwen3-8B,46,benign,norm_matched,6,final,56,0.0,0.0,0.05978448688983917,0.03148554265499115,0.046210676431655884,0.0,0.0,0.0,0.0,1.0,0.013573810458183289,0.028298944234848022
test:404,Qwen3-8B,46,benign,norm_matched,6,final,106,0.0,0.0,0.02483285777270794,0.02251308038830757,0.01676805689930916,0.0,0.0,1.0,0.0,1.0,0.00806480087339878,0.0023197773844003677
test:2056,Qwen3-8B,46,benign,norm_matched,6,final,431,0.0,0.0,0.028069259598851204,0.04749255254864693,0.040522560477256775,0.0,0.0,1.0,0.0,0.0,-0.012453300878405571,-0.019423292949795723
test:1331,Qwen3-8B,46,benign,norm_matched,6,final,516,0.0,0.0,0.045257993042469025,0.04757033288478851,0.03740161657333374,0.0,0.0,1.0,0.0,1.0,0.007856376469135284,-0.0023123398423194885
test:2255,Qwen3-8B,46,benign,norm_matched,6,final,74,0.0,0.0,0.06128309294581413,0.05686546117067337,0.01667095348238945,0.0,0.0,1.0,0.0,1.0,0.04461213946342468,0.004417631775140762
test:1122,Qwen3-8B,46,benign,norm_matched,6,final,59,0.0,0.0,0.03251875936985016,0.03966135531663895,0.0426052063703537,0.0,0.0,0.0,0.0,0.0,-0.01008644700050354,-0.007142595946788788
test:1063,Qwen3-8B,46,benign,norm_matched,6,final,28,0.0,0.0,0.06558773666620255,-0.0016113753663375974,0.04708203673362732,0.0,0.0,0.0,0.0,1.0,0.018505699932575226,0.06719911203254014
test:1994,Qwen3-8B,46,benign,norm_matched,6,final,240,0.0,0.0,0.027341119945049286,0.04459434747695923,0.04025927931070328,0.0,0.0,1.0,0.0,0.0,-0.012918159365653992,-0.017253227531909943
test:2291,Qwen3-8B,46,benign,norm_matched,6,final,163,0.0,0.0,0.0229326281696558,0.034346360713243484,0.020998036488890648,0.0,0.0,1.0,0.0,1.0,0.001934591680765152,-0.011413732543587685
test:287,Qwen3-8B,46,benign,norm_matched,6,final,63,0.0,0.0,0.017794128507375717,0.03991534188389778,0.020921975374221802,0.0,0.0,1.0,0.0,0.0,-0.0031278468668460846,-0.022121213376522064
test:1257,Qwen3-8B,46,benign,norm_matched,6,final,564,0.0,0.0,0.01124549750238657,0.01725025475025177,0.01969827339053154,0.0,0.0,0.0,0.0,0.0,-0.00845277588814497,-0.0060047572478652
test:564,Qwen3-8B,46,benign,norm_matched,6,final,555,0.0,0.0,0.012589952908456326,0.023504801094532013,0.02388399839401245,0.0,0.0,0.0,0.0,0.0,-0.011294045485556126,-0.010914848186075687
test:1836,Qwen3-8B,46,benign,norm_matched,6,final,547,0.0,0.0,0.027381904423236847,0.04550032690167427,0.05053986236453056,0.0,0.0,0.0,0.0,0.0,-0.023157957941293716,-0.018118422478437424
test:1915,Qwen3-8B,46,benign,norm_matched,6,final,59,0.0,0.0,0.07079523801803589,0.07186120748519897,0.003955898340791464,0.0,0.0,1.0,0.0,1.0,0.06683933967724442,-0.001065969467163086
test:444,Qwen3-8B,46,benign,norm_matched,6,final,592,0.0,0.0,0.01953743025660515,0.03306221589446068,0.028683586046099663,0.0,0.0,1.0,0.0,0.0,-0.009146155789494514,-0.01352478563785553
test:2176,Qwen3-8B,46,benign,norm_matched,6,final,241,0.0,0.0,0.020312359556555748,0.01974206231534481,0.0195716954767704,0.0,0.0,1.0,0.0,1.0,0.000740664079785347,0.0005702972412109375
test:2145,Qwen3-8B,46,benign,norm_matched,6,final,605,0.0,0.0,0.024273766204714775,0.04416481405496597,0.011256142519414425,0.0,0.0,1.0,0.0,1.0,0.01301762368530035,-0.019891047850251198
test:1174,Qwen3-8B,46,benign,norm_matched,6,final,352,0.0,0.0,0.019983071833848953,0.025878768414258957,0.026852566748857498,0.0,0.0,0.0,0.0,0.0,-0.006869494915008545,-0.005895696580410004
test:1230,Qwen3-8B,46,benign,norm_matched,6,final,143,0.0,0.0,0.02853555977344513,0.03193465247750282,0.02369409054517746,0.0,0.0,1.0,0.0,1.0,0.00484146922826767,-0.0033990927040576935
test:1244,Qwen3-8B,46,benign,norm_matched,6,final,39,0.0,0.0,0.034144338220357895,0.03441997617483139,0.013231064192950726,0.0,0.0,1.0,0.0,1.0,0.02091327402740717,-0.0002756379544734955
test:606,Qwen3-8B,46,benign,norm_matched,6,final,33,0.0,0.0,0.06431475281715393,0.01397697813808918,0.026154667139053345,0.0,0.0,0.0,0.0,1.0,0.038160085678100586,0.05033777467906475
test:304,Qwen3-8B,46,benign,norm_matched,6,final,28,0.0,0.0,0.02488861046731472,0.02007032372057438,0.024206064641475677,0.0,0.0,0.0,0.0,1.0,0.0006825458258390427,0.004818286746740341
test:1390,Qwen3-8B,46,benign,norm_matched,6,final,622,0.0,0.0,0.022913768887519836,0.030279211699962616,0.028438780456781387,0.0,0.0,1.0,0.0,0.0,-0.005525011569261551,-0.0073654428124427795
test:1729,Qwen3-8B,46,benign,norm_matched,6,final,78,0.0,0.0,0.0412711575627327,0.040913715958595276,0.029674947261810303,0.0,0.0,1.0,0.0,1.0,0.011596210300922394,0.00035744160413742065
test:1454,Qwen3-8B,46,benign,norm_matched,6,final,29,0.0,0.0,0.047887831926345825,0.05050847679376602,0.06514164805412292,0.0,0.0,0.0,0.0,0.0,-0.0172538161277771,-0.0026206448674201965
test:858,Qwen3-8B,46,benign,norm_matched,6,final,38,0.0,0.0,0.06379678100347519,0.043654173612594604,0.0043746610172092915,0.0,0.0,1.0,0.0,1.0,0.0594221199862659,0.020142607390880585
test:771,Qwen3-8B,46,benign,norm_matched,6,final,283,0.0,0.0,0.04237310215830803,0.04232069477438927,0.041723981499671936,0.0,0.0,1.0,0.0,1.0,0.0006491206586360931,5.240738391876221e-05
test:660,Qwen3-8B,46,benign,norm_matched,6,final,599,0.0,0.0,0.02393709123134613,0.019490843638777733,0.022974591702222824,0.0,0.0,0.0,0.0,1.0,0.0009624995291233063,0.0044462475925683975
test:888,Qwen3-8B,46,benign,norm_matched,6,final,537,0.0,0.0,0.025461459532380104,0.026331555098295212,0.023746054619550705,0.0,0.0,1.0,0.0,1.0,0.0017154049128293991,-0.0008700955659151077
test:413,Qwen3-8B,46,benign,norm_matched,6,final,118,0.0,0.0,0.03920236974954605,0.012767428532242775,0.03363896533846855,0.0,0.0,0.0,0.0,1.0,0.005563404411077499,0.026434941217303276
test:130,Qwen3-8B,46,benign,norm_matched,6,final,789,0.0,0.0,0.03574763983488083,0.06005735695362091,0.05849051475524902,0.0,0.0,1.0,0.0,0.0,-0.022742874920368195,-0.024309717118740082
test:1147,Qwen3-8B,46,benign,norm_matched,6,final,552,0.0,0.0,0.06020265445113182,0.03004199080169201,0.032993052154779434,0.0,0.0,0.0,0.0,1.0,0.027209602296352386,0.03016066364943981
test:42,Qwen3-8B,46,benign,norm_matched,6,final,709,0.0,0.0,0.032773736864328384,0.01894097402691841,0.033976659178733826,0.0,0.0,0.0,0.0,0.0,-0.0012029223144054413,0.013832762837409973
test:1114,Qwen3-8B,46,benign,norm_matched,6,final,87,0.0,0.0,0.09787141531705856,0.06101126968860626,0.07082756608724594,0.0,0.0,0.0,0.0,1.0,0.027043849229812622,0.0368601456284523
test:1302,Qwen3-8B,46,benign,norm_matched,6,final,731,0.0,0.0,0.027196744456887245,0.030513236299157143,0.02575266733765602,0.0,0.0,1.0,0.0,1.0,0.001444077119231224,-0.0033164918422698975
test:662,Qwen3-8B,46,benign,norm_matched,6,final,365,0.0,0.0,0.041021786630153656,0.03395037725567818,0.03360557556152344,0.0,0.0,1.0,0.0,1.0,0.0074162110686302185,0.007071409374475479
test:705,Qwen3-8B,46,benign,norm_matched,6,final,225,0.0,0.0,0.05070110410451889,0.0218490082770586,0.02958369441330433,0.0,0.0,0.0,0.0,1.0,0.02111740969121456,0.02885209582746029
test:1413,Qwen3-8B,46,benign,norm_matched,6,final,105,0.0,0.0,0.03548332676291466,0.033864352852106094,0.028227176517248154,0.0,0.0,1.0,0.0,1.0,0.007256150245666504,0.0016189739108085632
test:940,Qwen3-8B,46,benign,norm_matched,6,final,48,0.0,0.0,0.048722729086875916,0.046407997608184814,0.03615972399711609,0.0,0.0,1.0,0.0,1.0,0.012563005089759827,0.002314731478691101
test:2162,Qwen3-8B,46,benign,norm_matched,6,final,170,0.0,0.0,0.012095246464014053,0.012723518535494804,0.0001363348710583523,0.0,0.0,1.0,0.0,1.0,0.011958911592955701,-0.000628272071480751
test:51,Qwen3-8B,46,benign,norm_matched,6,final,78,0.0,0.0,0.07220679521560669,0.06707655638456345,0.08768194168806076,0.0,0.0,0.0,0.0,0.0,-0.015475146472454071,0.005130238831043243
test:914,Qwen3-8B,46,benign,norm_matched,6,final,797,0.0,0.0,-0.004730362445116043,0.059278231114149094,-0.009016105905175209,0.0,0.0,1.0,0.0,1.0,0.004285743460059166,-0.06400859355926514
test:1558,Qwen3-8B,46,benign,norm_matched,6,final,215,0.0,0.0,0.03198574110865593,0.059598345309495926,0.06346407532691956,0.0,0.0,0.0,0.0,0.0,-0.031478334218263626,-0.027612604200839996
test:351,Qwen3-8B,46,benign,norm_matched,6,final,42,0.0,0.0,0.04647529125213623,0.020710501819849014,0.01681005023419857,0.0,0.0,1.0,0.0,1.0,0.02966524101793766,0.025764789432287216
test:1503,Qwen3-8B,46,benign,norm_matched,6,final,60,0.0,0.0,0.040217190980911255,0.04475301131606102,0.032672520726919174,0.0,0.0,1.0,0.0,1.0,0.007544670253992081,-0.004535820335149765
test:1138,Qwen3-8B,46,benign,norm_matched,6,final,31,0.0,0.0,0.028504271060228348,0.020270148292183876,0.011339778080582619,0.0,0.0,1.0,0.0,1.0,0.01716449297964573,0.008234122768044472
test:1205,Qwen3-8B,46,benign,norm_matched,6,final,1252,0.0,0.0,0.008909049443900585,0.04802662879228592,-0.006557154934853315,0.0,0.0,1.0,0.0,1.0,0.0154662043787539,-0.039117579348385334
test:279,Qwen3-8B,46,benign,norm_matched,6,final,1080,0.0,0.0,0.019918302074074745,0.029480241239070892,0.020731862634420395,0.0,0.0,1.0,0.0,0.0,-0.0008135605603456497,-0.009561939164996147
test:1783,Qwen3-8B,46,benign,norm_matched,6,final,1383,0.0,0.0,0.01111655030399561,0.03455617278814316,0.007660418748855591,0.0,0.0,1.0,0.0,1.0,0.0034561315551400185,-0.02343962248414755
test:684,Qwen3-8B,46,benign,norm_matched,6,final,129,0.0,0.0,0.06558473408222198,0.02408626303076744,0.04044317454099655,0.0,0.0,0.0,0.0,1.0,0.025141559541225433,0.041498471051454544
test:158,Qwen3-8B,46,benign,norm_matched,6,final,1133,0.0,0.0,0.033667877316474915,0.04516735300421715,0.04767586290836334,0.0,0.0,0.0,0.0,0.0,-0.014007985591888428,-0.011499475687742233
test:295,Qwen3-8B,46,benign,norm_matched,6,final,2087,0.0,0.0,0.013976983726024628,0.0335477776825428,0.01442804466933012,0.0,0.0,1.0,0.0,0.0,-0.0004510609433054924,-0.019570793956518173
test:1988,Qwen3-8B,46,benign,norm_matched,6,final,361,0.0,0.0,0.024964170530438423,0.027458572760224342,0.02487342618405819,0.0,0.0,1.0,0.0,1.0,9.074434638023376e-05,-0.002494402229785919
test:1735,Qwen3-8B,46,benign,norm_matched,6,final,53,0.0,0.0,0.030708950012922287,0.022884024307131767,0.015983950346708298,0.0,0.0,1.0,0.0,1.0,0.01472499966621399,0.00782492570579052
test:179,Qwen3-8B,46,benign,norm_matched,6,final,92,0.0,0.0,0.060952845960855484,0.0593220479786396,0.0046952576376497746,0.0,0.0,1.0,0.0,1.0,0.05625758832320571,0.0016307979822158813
test:1458,Qwen3-8B,46,benign,norm_matched,6,final,69,0.0,0.0,0.0382714681327343,0.03792406618595123,-0.013834042474627495,0.0,0.0,1.0,0.0,1.0,0.052105510607361794,0.0003474019467830658
test:2202,Qwen3-8B,46,conflict,norm_matched,6,final,5,0.0,0.0,0.018550893291831017,0.018550893291831017,0.023374482989311218,0.0,0.0,0.0,0.0,0.0,-0.004823589697480202,0.0
test:1068,Qwen3-8B,46,conflict,norm_matched,6,final,15,0.0,0.0,0.04248104989528656,0.04208176210522652,0.04248104989528656,0.0,0.0,0.0,0.0,0.0,0.0,0.00039928779006004333
test:913,Qwen3-8B,46,conflict,norm_matched,6,final,24,0.0,0.0,0.01625470444560051,0.016749488189816475,0.016704345121979713,0.0,0.0,1.0,0.0,0.0,-0.0004496406763792038,-0.0004947837442159653
test:1076,Qwen3-8B,46,conflict,norm_matched,6,final,29,0.0,0.0,0.015455109998583794,0.03724002093076706,0.025824004784226418,0.0,0.0,1.0,0.0,0.0,-0.010368894785642624,-0.021784910932183266
test:563,Qwen3-8B,46,conflict,norm_matched,6,final,17,0.0,0.0,0.021970702335238457,0.016066424548625946,0.02636353112757206,0.0,0.0,0.0,0.0,0.0,-0.004392828792333603,0.005904277786612511
test:463,Qwen3-8B,46,conflict,norm_matched,6,final,29,0.0,0.0,0.016670648008584976,0.02182602882385254,0.01948607712984085,0.0,0.0,1.0,0.0,0.0,-0.0028154291212558746,-0.005155380815267563
test:1684,Qwen3-8B,46,conflict,norm_matched,6,final,29,0.0,0.0,0.028328288346529007,0.036126960068941116,0.03402604162693024,0.0,0.0,1.0,0.0,0.0,-0.00569775328040123,-0.007798671722412109
test:2243,Qwen3-8B,46,conflict,norm_matched,6,final,31,0.0,0.0,0.0560639388859272,0.04976780340075493,0.0423014871776104,0.0,0.0,1.0,0.0,1.0,0.013762451708316803,0.006296135485172272
test:1507,Qwen3-8B,46,conflict,norm_matched,6,final,36,0.0,0.0,0.025760212913155556,0.06190505251288414,0.046463336795568466,0.0,0.0,1.0,0.0,0.0,-0.02070312388241291,-0.036144839599728584
test:797,Qwen3-8B,46,conflict,norm_matched,6,final,25,0.0,0.0,0.04326600581407547,0.029906777665019035,0.028807969763875008,0.0,0.0,1.0,0.0,1.0,0.014458036050200462,0.013359228149056435
test:991,Qwen3-8B,46,conflict,norm_matched,6,final,30,0.0,0.0,0.048609502613544464,0.030911728739738464,0.03192680701613426,0.0,0.0,0.0,0.0,1.0,0.016682695597410202,0.017697773873806
test:109,Qwen3-8B,46,conflict,norm_matched,6,final,39,0.0,0.0,0.02009124681353569,0.029563112184405327,0.01732722669839859,0.0,0.0,1.0,0.0,1.0,0.0027640201151371002,-0.009471865370869637
test:1456,Qwen3-8B,46,conflict,norm_matched,6,final,15,0.0,0.0,0.0394301675260067,0.0406775176525116,0.03568048030138016,0.0,0.0,1.0,0.0,1.0,0.003749687224626541,-0.001247350126504898
test:1171,Qwen3-8B,46,conflict,norm_matched,6,final,32,0.0,0.0,0.015747088938951492,0.02699217014014721,0.032836396247148514,0.0,0.0,0.0,0.0,0.0,-0.01708930730819702,-0.011245081201195717
test:1045,Qwen3-8B,46,conflict,norm_matched,6,final,33,0.0,0.0,0.01809520646929741,0.04116295650601387,0.01616520620882511,0.0,0.0,1.0,0.0,1.0,0.0019300002604722977,-0.02306775003671646
test:897,Qwen3-8B,46,conflict,norm_matched,6,final,27,0.0,0.0,0.012022859416902065,0.03125502169132233,0.03049316257238388,0.0,0.0,1.0,0.0,0.0,-0.018470303155481815,-0.01923216227442026
test:427,Qwen3-8B,46,conflict,norm_matched,6,final,29,0.0,0.0,0.03324897214770317,0.030951503664255142,0.03279354050755501,0.0,0.0,0.0,0.0,1.0,0.00045543164014816284,0.0022974684834480286
test:536,Qwen3-8B,46,conflict,norm_matched,6,final,35,0.0,0.0,0.012887121178209782,0.04030132666230202,0.024125711992383003,0.0,0.0,1.0,0.0,0.0,-0.011238590814173222,-0.027414205484092236
test:1556,Qwen3-8B,46,conflict,norm_matched,6,final,31,0.0,0.0,0.02555081807076931,0.021890928968787193,0.031628306955099106,0.0,0.0,0.0,0.0,0.0,-0.006077488884329796,0.0036598891019821167
test:1638,Qwen3-8B,46,conflict,norm_matched,6,final,28,0.0,0.0,0.02028304524719715,0.028568774461746216,0.025720244273543358,0.0,0.0,1.0,0.0,0.0,-0.005437199026346207,-0.008285729214549065
test:481,Qwen3-8B,46,conflict,norm_matched,6,final,32,0.0,0.0,0.03469041362404823,0.030039548873901367,0.036054398864507675,0.0,0.0,0.0,0.0,0.0,-0.0013639852404594421,0.004650864750146866
test:640,Qwen3-8B,46,conflict,norm_matched,6,final,38,0.0,0.0,0.011927144601941109,0.03218264877796173,0.02387271448969841,0.0,0.0,1.0,0.0,0.0,-0.011945569887757301,-0.020255504176020622
test:903,Qwen3-8B,46,conflict,norm_matched,6,final,37,0.0,0.0,0.021325165405869484,0.026822740212082863,0.03154570981860161,0.0,0.0,0.0,0.0,0.0,-0.010220544412732124,-0.005497574806213379
test:466,Qwen3-8B,46,conflict,norm_matched,6,final,34,0.0,0.0,0.03356575965881348,0.03662761300802231,0.03060600347816944,0.0,0.0,1.0,0.0,1.0,0.0029597561806440353,-0.003061853349208832
test:787,Qwen3-8B,46,conflict,norm_matched,6,final,45,0.0,0.0,0.0026414738968014717,0.03477362170815468,0.022873124107718468,0.0,0.0,1.0,0.0,0.0,-0.020231650210916996,-0.03213214781135321
test:63,Qwen3-8B,46,conflict,norm_matched,6,final,49,0.0,0.0,0.04801800101995468,0.047407366335392,0.02268475852906704,0.0,0.0,1.0,0.0,1.0,0.025333242490887642,0.0006106346845626831
test:1639,Qwen3-8B,46,conflict,norm_matched,6,final,46,0.0,0.0,0.0011331875575706363,0.012345847673714161,0.01274794526398182,0.0,0.0,0.0,0.0,0.0,-0.011614757706411183,-0.011212660116143525
test:2265,Qwen3-8B,46,conflict,norm_matched,6,final,23,0.0,0.0,0.015073918737471104,0.018142802640795708,0.02050267904996872,0.0,0.0,0.0,0.0,0.0,-0.005428760312497616,-0.003068883903324604
test:1745,Qwen3-8B,46,conflict,norm_matched,6,final,47,0.0,0.0,0.02102832682430744,0.036397114396095276,0.036690980195999146,0.0,0.0,0.0,0.0,0.0,-0.015662653371691704,-0.015368787571787834
test:9,Qwen3-8B,46,conflict,norm_matched,6,final,47,0.0,0.0,0.08594243973493576,0.08137275278568268,0.06592001020908356,0.0,0.0,1.0,0.0,1.0,0.020022429525852203,0.004569686949253082
test:1279,Qwen3-8B,46,conflict,norm_matched,6,final,3,0.0,0.0,0.03151239454746246,0.03613991662859917,0.03790043666958809,0.0,0.0,0.0,0.0,0.0,-0.006388042122125626,-0.0046275220811367035
test:576,Qwen3-8B,46,conflict,norm_matched,6,final,42,0.0,0.0,0.03820323199033737,0.057423077523708344,0.04822539538145065,0.0,0.0,1.0,0.0,0.0,-0.010022163391113281,-0.01921984553337097
test:2207,Qwen3-8B,46,conflict,norm_matched,6,final,43,0.0,0.0,0.02018578164279461,0.04054011404514313,0.038929570466279984,0.0,0.0,1.0,0.0,0.0,-0.018743788823485374,-0.02035433240234852
test:2168,Qwen3-8B,46,conflict,norm_matched,6,final,20,0.0,0.0,0.04907827079296112,0.049067962914705276,0.02239176258444786,0.0,0.0,1.0,0.0,1.0,0.02668650820851326,1.0307878255844116e-05
test:805,Qwen3-8B,46,conflict,norm_matched,6,final,35,0.0,0.0,0.03011651337146759,0.07015776634216309,0.03743727505207062,0.0,0.0,1.0,0.0,0.0,-0.007320761680603027,-0.040041252970695496
test:1197,Qwen3-8B,46,conflict,norm_matched,6,final,46,0.0,0.0,0.014559914357960224,0.023731593042612076,0.021593812853097916,0.0,0.0,1.0,0.0,0.0,-0.0070338984951376915,-0.009171678684651852
test:364,Qwen3-8B,46,conflict,norm_matched,6,final,15,0.0,0.0,0.048679765313863754,0.031096089631319046,0.04715454950928688,0.0,0.0,0.0,0.0,1.0,0.0015252158045768738,0.017583675682544708
test:1644,Qwen3-8B,46,conflict,norm_matched,6,final,35,0.0,0.0,0.03441362828016281,0.03148322552442551,0.03970971331000328,0.0,0.0,0.0,0.0,0.0,-0.005296085029840469,0.0029304027557373047
test:91,Qwen3-8B,46,conflict,norm_matched,6,final,51,0.0,0.0,0.026849845424294472,0.04608168452978134,0.061679743230342865,0.0,0.0,0.0,0.0,0.0,-0.03482989780604839,-0.01923183910548687
test:328,Qwen3-8B,46,conflict,norm_matched,6,final,43,0.0,0.0,0.02147419936954975,0.03176862373948097,0.02254372276365757,0.0,0.0,1.0,0.0,0.0,-0.0010695233941078186,-0.010294424369931221
test:205,Qwen3-8B,46,conflict,norm_matched,6,final,26,0.0,0.0,0.02491532638669014,0.045384448021650314,0.03670845180749893,0.0,0.0,1.0,0.0,0.0,-0.011793125420808792,-0.020469121634960175
test:1797,Qwen3-8B,46,conflict,norm_matched,6,final,55,0.0,0.0,0.01364125031977892,0.026317769661545753,0.02208745665848255,0.0,0.0,1.0,0.0,0.0,-0.008446206338703632,-0.012676519341766834
test:1072,Qwen3-8B,46,conflict,norm_matched,6,final,47,0.0,0.0,0.04049696400761604,0.041201069951057434,0.01803530752658844,0.0,0.0,1.0,0.0,1.0,0.022461656481027603,-0.000704105943441391
test:1445,Qwen3-8B,46,conflict,norm_matched,6,final,66,0.0,0.0,0.04116647318005562,0.07220671325922012,0.06581086665391922,0.0,0.0,1.0,0.0,0.0,-0.0246443934738636,-0.031040240079164505
test:630,Qwen3-8B,46,conflict,norm_matched,6,final,68,0.0,0.0,0.051934897899627686,0.04052482172846794,0.03396992012858391,0.0,0.0,1.0,0.0,1.0,0.017964977771043777,0.011410076171159744
test:1252,Qwen3-8B,46,conflict,norm_matched,6,final,58,0.0,0.0,0.02592349797487259,0.024492505937814713,0.039362430572509766,0.0,0.0,0.0,0.0,0.0,-0.013438932597637177,0.0014309920370578766
test:1721,Qwen3-8B,46,conflict,norm_matched,6,final,34,0.0,0.0,0.023724770173430443,0.02210959792137146,0.020747873932123184,0.0,0.0,1.0,0.0,1.0,0.0029768962413072586,0.0016151722520589828
test:236,Qwen3-8B,46,conflict,norm_matched,6,final,57,0.0,0.0,0.02867158316075802,0.05651416257023811,0.05529411882162094,0.0,0.0,1.0,0.0,0.0,-0.026622535660862923,-0.027842579409480095
test:612,Qwen3-8B,46,conflict,norm_matched,6,final,55,0.0,0.0,0.016832800582051277,0.023135440424084663,0.025180598720908165,0.0,0.0,0.0,0.0,0.0,-0.008347798138856888,-0.006302639842033386
test:354,Qwen3-8B,46,conflict,norm_matched,6,final,65,0.0,0.0,0.029930463060736656,0.05962434783577919,0.04777444154024124,0.0,0.0,1.0,0.0,0.0,-0.017843978479504585,-0.029693884775042534
test:2047,Qwen3-8B,46,conflict,norm_matched,6,final,62,0.0,0.0,0.021605541929602623,0.03559940308332443,0.029182162135839462,0.0,0.0,1.0,0.0,0.0,-0.007576620206236839,-0.01399386115372181
test:1687,Qwen3-8B,46,conflict,norm_matched,6,final,55,0.0,0.0,0.02243327535688877,0.02209591306746006,0.023016884922981262,0.0,0.0,0.0,0.0,0.0,-0.0005836095660924911,0.00033736228942871094
test:1787,Qwen3-8B,46,conflict,norm_matched,6,final,43,0.0,0.0,0.018220067024230957,0.03150687366724014,0.040028899908065796,0.0,0.0,0.0,0.0,0.0,-0.02180883288383484,-0.013286806643009186
test:896,Qwen3-8B,46,conflict,norm_matched,6,final,37,0.0,0.0,0.06697697937488556,0.04505109041929245,0.07029420137405396,0.0,0.0,0.0,0.0,0.0,-0.003317221999168396,0.02192588895559311
test:1282,Qwen3-8B,46,conflict,norm_matched,6,final,45,0.0,0.0,0.026888443157076836,0.032222773879766464,0.027866756543517113,0.0,0.0,1.0,0.0,0.0,-0.000978313386440277,-0.005334330722689629
test:1036,Qwen3-8B,46,conflict,norm_matched,6,final,30,0.0,0.0,0.019431287422776222,0.017479710280895233,0.015866074711084366,0.0,0.0,1.0,0.0,1.0,0.0035652127116918564,0.001951577141880989
test:2230,Qwen3-8B,46,conflict,norm_matched,6,final,72,0.0,0.0,0.04079191014170647,0.041089288890361786,0.046100202947854996,0.0,0.0,0.0,0.0,0.0,-0.005308292806148529,-0.0002973787486553192
test:376,Qwen3-8B,46,conflict,norm_matched,6,final,71,0.0,0.0,0.02641073614358902,0.05307251587510109,0.04932393878698349,0.0,0.0,1.0,0.0,0.0,-0.02291320264339447,-0.02666177973151207
test:1544,Qwen3-8B,46,conflict,norm_matched,6,final,7,0.0,0.0,0.025164492428302765,0.030310029163956642,0.027767017483711243,0.0,0.0,1.0,0.0,0.0,-0.002602525055408478,-0.005145536735653877
test:863,Qwen3-8B,46,conflict,norm_matched,6,final,67,0.0,0.0,0.03717625513672829,0.04058244824409485,0.039898648858070374,0.0,0.0,1.0,0.0,0.0,-0.002722393721342087,-0.003406193107366562
test:2292,Qwen3-8B,46,conflict,norm_matched,6,final,68,0.0,0.0,0.019003761932253838,0.010466779582202435,0.01677709072828293,0.0,0.0,0.0,0.0,1.0,0.002226671203970909,0.008536982350051403
test:392,Qwen3-8B,46,conflict,norm_matched,6,final,44,0.0,0.0,0.03627362474799156,0.02213100716471672,0.028466351330280304,0.0,0.0,0.0,0.0,1.0,0.007807273417711258,0.014142617583274841
test:1675,Qwen3-8B,46,conflict,norm_matched,6,final,68,0.0,0.0,0.02287345565855503,0.023272579535841942,0.021734239533543587,0.0,0.0,1.0,0.0,1.0,0.001139216125011444,-0.000399123877286911
test:1718,Qwen3-8B,46,conflict,norm_matched,6,final,68,0.0,0.0,0.03154822438955307,0.042125359177589417,0.04166904091835022,0.0,0.0,1.0,0.0,0.0,-0.01012081652879715,-0.010577134788036346
test:1150,Qwen3-8B,46,conflict,norm_matched,6,final,28,0.0,0.0,0.011851605027914047,0.014053578488528728,0.010610914789140224,0.0,0.0,1.0,0.0,1.0,0.0012406902387738228,-0.0022019734606146812
test:1659,Qwen3-8B,46,conflict,norm_matched,6,final,72,0.0,0.0,0.016964953392744064,0.01894564926624298,0.018922319635748863,0.0,0.0,1.0,0.0,0.0,-0.001957366243004799,-0.0019806958734989166
test:1213,Qwen3-8B,46,conflict,norm_matched,6,final,63,0.0,0.0,0.023210471495985985,0.04359908401966095,0.02489594556391239,0.0,0.0,1.0,0.0,0.0,-0.0016854740679264069,-0.020388612523674965
test:1037,Qwen3-8B,46,conflict,norm_matched,6,final,36,0.0,0.0,0.004610534757375717,0.02336476929485798,0.013749729841947556,0.0,0.0,1.0,0.0,0.0,-0.009139195084571838,-0.01875423453748226
test:1201,Qwen3-8B,46,conflict,norm_matched,6,final,54,0.0,0.0,0.05769778788089752,0.04780704155564308,0.03591059148311615,0.0,0.0,1.0,0.0,1.0,0.021787196397781372,0.00989074632525444
test:1093,Qwen3-8B,46,conflict,norm_matched,6,final,56,0.0,0.0,0.047578830271959305,0.04129748046398163,0.030604345723986626,0.0,0.0,1.0,0.0,1.0,0.01697448454797268,0.006281349807977676
test:37,Qwen3-8B,46,conflict,norm_matched,6,final,49,0.0,0.0,0.0564967542886734,0.07070042192935944,0.040690869092941284,0.0,0.0,1.0,0.0,1.0,0.015805885195732117,-0.014203667640686035
test:785,Qwen3-8B,46,conflict,norm_matched,6,final,80,0.0,0.0,0.04251730442047119,0.042697418481111526,0.04079759865999222,0.0,0.0,1.0,0.0,1.0,0.0017197057604789734,-0.00018011406064033508
test:1842,Qwen3-8B,46,conflict,norm_matched,6,final,55,0.0,0.0,0.03530994430184364,0.04115334525704384,0.03280927240848541,0.0,0.0,1.0,0.0,1.0,0.0025006718933582306,-0.005843400955200195
test:1860,Qwen3-8B,46,conflict,norm_matched,6,final,36,0.0,0.0,0.018627583980560303,0.019270537421107292,0.009800916537642479,0.0,0.0,1.0,0.0,1.0,0.008826667442917824,-0.0006429534405469894
test:963,Qwen3-8B,46,conflict,norm_matched,6,final,67,0.0,0.0,0.019865259528160095,0.06303268671035767,0.025236312299966812,0.0,0.0,1.0,0.0,0.0,-0.005371052771806717,-0.04316742718219757
test:827,Qwen3-8B,46,conflict,norm_matched,6,final,64,0.0,0.0,0.02775615081191063,0.028239857405424118,0.02743643708527088,0.0,0.0,1.0,0.0,1.0,0.0003197137266397476,-0.00048370659351348877
test:17,Qwen3-8B,46,conflict,norm_matched,6,final,84,0.0,0.0,0.031544189900159836,0.031544994562864304,0.047630295157432556,0.0,0.0,0.0,0.0,0.0,-0.01608610525727272,-8.046627044677734e-07
test:1937,Qwen3-8B,46,conflict,norm_matched,6,final,59,0.0,0.0,0.04136936739087105,0.03694571182131767,0.03979525342583656,0.0,0.0,0.0,0.0,1.0,0.0015741139650344849,0.004423655569553375
test:765,Qwen3-8B,46,conflict,norm_matched,6,final,39,0.0,0.0,0.06528923660516739,0.05672203004360199,0.048937827348709106,0.0,0.0,1.0,0.0,1.0,0.016351409256458282,0.0085672065615654
test:2008,Qwen3-8B,46,conflict,norm_matched,6,final,102,0.0,0.0,0.02176702581346035,0.036794260144233704,0.04102177545428276,0.0,0.0,0.0,0.0,0.0,-0.01925474964082241,-0.015027234330773354
test:520,Qwen3-8B,46,conflict,norm_matched,6,final,94,0.0,0.0,0.0328240729868412,0.04351745918393135,0.03401812165975571,0.0,0.0,1.0,0.0,0.0,-0.001194048672914505,-0.010693386197090149
test:1124,Qwen3-8B,46,conflict,norm_matched,6,final,68,0.0,0.0,0.023146050050854683,0.016539668664336205,0.015536499209702015,0.0,0.0,1.0,0.0,1.0,0.007609550841152668,0.006606381386518478
test:459,Qwen3-8B,46,conflict,norm_matched,6,final,25,0.0,0.0,0.030179686844348907,0.030198542401194572,0.02923225238919258,0.0,0.0,1.0,0.0,1.0,0.0009474344551563263,-1.8855556845664978e-05
test:177,Qwen3-8B,46,conflict,norm_matched,6,final,93,0.0,0.0,0.01641685888171196,0.026380395516753197,0.024590233340859413,0.0,0.0,1.0,0.0,0.0,-0.008173374459147453,-0.009963536635041237
test:192,Qwen3-8B,46,conflict,norm_matched,6,final,50,0.0,0.0,0.050335437059402466,0.03440627083182335,0.04298889636993408,0.0,0.0,0.0,0.0,1.0,0.007346540689468384,0.015929166227579117
test:2160,Qwen3-8B,46,conflict,norm_matched,6,final,99,0.0,0.0,0.02229180373251438,0.03798448294401169,0.031420327723026276,0.0,0.0,1.0,0.0,0.0,-0.009128523990511894,-0.015692679211497307
test:1617,Qwen3-8B,46,conflict,norm_matched,6,final,89,0.0,0.0,0.018483072519302368,0.016930945217609406,0.012295149266719818,0.0,0.0,1.0,0.0,1.0,0.00618792325258255,0.0015521273016929626
test:100,Qwen3-8B,46,conflict,norm_matched,6,final,39,0.0,0.0,0.04334404692053795,0.042587798088788986,0.037534233182668686,0.0,0.0,1.0,0.0,1.0,0.005809813737869263,0.0007562488317489624
test:693,Qwen3-8B,46,conflict,norm_matched,6,final,90,0.0,0.0,0.014532679691910744,0.03292861953377724,0.030070835724473,0.0,0.0,1.0,0.0,0.0,-0.015538156032562256,-0.018395939841866493
test:195,Qwen3-8B,46,conflict,norm_matched,6,final,25,0.0,0.0,0.016982294619083405,0.015635831281542778,0.01548827439546585,0.0,0.0,1.0,0.0,1.0,0.0014940202236175537,0.0013464633375406265
test:114,Qwen3-8B,46,conflict,norm_matched,6,final,15,0.0,0.0,0.03702530637383461,0.03163721412420273,0.031230786815285683,0.0,0.0,1.0,0.0,1.0,0.005794519558548927,0.005388092249631882
test:2205,Qwen3-8B,46,conflict,norm_matched,6,final,33,0.0,0.0,0.038864683359861374,0.036767035722732544,0.040840502828359604,0.0,0.0,0.0,0.0,0.0,-0.00197581946849823,0.00209764763712883
test:1380,Qwen3-8B,46,conflict,norm_matched,6,final,79,0.0,0.0,0.032730501145124435,0.04202079400420189,0.04231655225157738,0.0,0.0,0.0,0.0,0.0,-0.009586051106452942,-0.009290292859077454
test:668,Qwen3-8B,46,conflict,norm_matched,6,final,49,0.0,0.0,0.02792290784418583,0.024495305493474007,0.015869541093707085,0.0,0.0,1.0,0.0,1.0,0.012053366750478745,0.0034276023507118225
test:874,Qwen3-8B,46,conflict,norm_matched,6,final,17,0.0,0.0,0.042864661663770676,0.05121135711669922,0.043307073414325714,0.0,0.0,1.0,0.0,0.0,-0.00044241175055503845,-0.008346695452928543
test:1824,Qwen3-8B,46,conflict,norm_matched,6,final,85,0.0,0.0,0.012830848805606365,0.030458109453320503,0.01124571356922388,0.0,0.0,1.0,0.0,1.0,0.0015851352363824844,-0.017627260647714138
test:1248,Qwen3-8B,46,conflict,norm_matched,6,final,91,0.0,0.0,0.03694969415664673,0.045304179191589355,0.0015171492705121636,0.0,0.0,1.0,0.0,1.0,0.035432544886134565,-0.008354485034942627
test:714,Qwen3-8B,46,conflict,norm_matched,6,final,87,0.0,0.0,0.03811526298522949,0.04728521406650543,0.03592139109969139,0.0,0.0,1.0,0.0,1.0,0.002193871885538101,-0.00916995108127594
test:133,Qwen3-8B,46,conflict,norm_matched,6,final,83,0.0,0.0,0.009965441189706326,0.01749473065137863,0.013299395330250263,0.0,0.0,1.0,0.0,0.0,-0.0033339541405439377,-0.007529289461672306
test:162,Qwen3-8B,46,conflict,norm_matched,6,final,126,0.0,0.0,0.03664761781692505,0.038535457104444504,0.03981546312570572,0.0,0.0,0.0,0.0,0.0,-0.00316784530878067,-0.001887839287519455
test:2079,Qwen3-8B,46,conflict,norm_matched,6,final,128,0.0,0.0,0.019735286012291908,0.021732566878199577,0.019817078486084938,0.0,0.0,1.0,0.0,0.0,-8.179247379302979e-05,-0.001997280865907669
test:1795,Qwen3-8B,46,conflict,norm_matched,6,final,107,0.0,0.0,0.03667626157402992,0.03709864988923073,0.026917263865470886,0.0,0.0,1.0,0.0,1.0,0.009758997708559036,-0.00042238831520080566
test:1760,Qwen3-8B,46,conflict,norm_matched,6,final,20,0.0,0.0,0.02400788478553295,0.01980210654437542,0.02094239741563797,0.0,0.0,0.0,0.0,1.0,0.0030654873698949814,0.004205778241157532
test:1424,Qwen3-8B,46,conflict,norm_matched,6,final,92,0.0,0.0,0.016033487394452095,0.03208855912089348,0.023851264268159866,0.0,0.0,1.0,0.0,0.0,-0.007817776873707771,-0.016055071726441383
test:62,Qwen3-8B,46,conflict,norm_matched,6,final,109,0.0,0.0,0.03540734946727753,0.03568577021360397,0.018724555149674416,0.0,0.0,1.0,0.0,1.0,0.01668279431760311,-0.00027842074632644653
test:522,Qwen3-8B,46,conflict,norm_matched,6,final,100,0.0,0.0,0.024144956842064857,0.05341830104589462,0.04647373780608177,0.0,0.0,1.0,0.0,0.0,-0.022328780964016914,-0.029273344203829765
test:1227,Qwen3-8B,46,conflict,norm_matched,6,final,72,0.0,0.0,0.02571217529475689,0.04681151360273361,0.04481379687786102,0.0,0.0,1.0,0.0,0.0,-0.019101621583104134,-0.021099338307976723
test:397,Qwen3-8B,46,conflict,norm_matched,6,final,95,0.0,0.0,0.013294718228280544,0.01863616146147251,0.015454663895070553,0.0,0.0,1.0,0.0,0.0,-0.0021599456667900085,-0.005341443233191967
test:374,Qwen3-8B,46,conflict,norm_matched,6,final,54,0.0,0.0,0.023800520226359367,0.027998296543955803,0.03173096477985382,0.0,0.0,0.0,0.0,0.0,-0.007930444553494453,-0.0041977763175964355
test:1078,Qwen3-8B,46,conflict,norm_matched,6,final,116,0.0,0.0,0.027307722717523575,0.029466120526194572,0.03451651334762573,0.0,0.0,0.0,0.0,0.0,-0.007208790630102158,-0.0021583978086709976
test:1664,Qwen3-8B,46,conflict,norm_matched,6,final,46,0.0,0.0,0.04179922863841057,0.03640042245388031,0.029690224677324295,0.0,0.0,1.0,0.0,1.0,0.012109003961086273,0.005398806184530258
test:1818,Qwen3-8B,46,conflict,norm_matched,6,final,58,0.0,0.0,0.04151388630270958,0.039484765380620956,0.03346621245145798,0.0,0.0,1.0,0.0,1.0,0.008047673851251602,0.002029120922088623
test:1246,Qwen3-8B,46,conflict,norm_matched,6,final,112,0.0,0.0,0.03326774388551712,0.044632624834775925,0.050974033772945404,0.0,0.0,0.0,0.0,0.0,-0.017706289887428284,-0.011364880949258804
test:1887,Qwen3-8B,46,conflict,norm_matched,6,final,29,0.0,0.0,0.028900858014822006,0.01646612584590912,0.019997280091047287,0.0,0.0,0.0,0.0,1.0,0.00890357792377472,0.012434732168912888
test:1623,Qwen3-8B,46,conflict,norm_matched,6,final,95,0.0,0.0,0.04200031980872154,0.02869616448879242,0.031508032232522964,0.0,0.0,0.0,0.0,1.0,0.010492287576198578,0.013304155319929123
test:196,Qwen3-8B,46,conflict,norm_matched,6,final,81,0.0,0.0,0.03149787709116936,0.04744129627943039,0.050325408577919006,0.0,0.0,0.0,0.0,0.0,-0.01882753148674965,-0.015943419188261032
test:1899,Qwen3-8B,46,conflict,norm_matched,6,final,28,0.0,0.0,0.039235424250364304,0.022008487954735756,0.021332111209630966,0.0,0.0,1.0,0.0,1.0,0.017903313040733337,0.017226936295628548
test:1208,Qwen3-8B,46,conflict,norm_matched,6,final,130,0.0,0.0,0.026584221050143242,0.033550016582012177,0.029105059802532196,0.0,0.0,1.0,0.0,0.0,-0.002520838752388954,-0.006965795531868935
test:1441,Qwen3-8B,46,conflict,norm_matched,6,final,113,0.0,0.0,0.03859245777130127,0.05181339383125305,0.021747170016169548,0.0,0.0,1.0,0.0,1.0,0.01684528775513172,-0.013220936059951782
test:1102,Qwen3-8B,46,conflict,norm_matched,6,final,108,0.0,0.0,0.029672682285308838,0.04104384034872055,0.0398552305996418,0.0,0.0,1.0,0.0,0.0,-0.010182548314332962,-0.011371158063411713
test:76,Qwen3-8B,46,conflict,norm_matched,6,final,26,0.0,0.0,0.026749450713396072,0.027228238061070442,0.016986127942800522,0.0,0.0,1.0,0.0,1.0,0.00976332277059555,-0.0004787873476743698
test:1855,Qwen3-8B,46,conflict,norm_matched,6,final,118,0.0,0.0,0.01848580501973629,0.035768069326877594,0.04020359367132187,0.0,0.0,0.0,0.0,0.0,-0.02171778865158558,-0.017282264307141304
test:1652,Qwen3-8B,46,conflict,norm_matched,6,final,109,0.0,0.0,0.022945085540413857,0.04584162309765816,0.049088094383478165,0.0,0.0,0.0,0.0,0.0,-0.026143008843064308,-0.0228965375572443
test:355,Qwen3-8B,46,conflict,norm_matched,6,final,22,0.0,0.0,0.019033605232834816,0.020613476634025574,0.019033605232834816,0.0,0.0,1.0,0.0,0.0,0.0,-0.0015798714011907578
test:2144,Qwen3-8B,46,conflict,norm_matched,6,final,130,0.0,0.0,0.018857983872294426,0.031340133398771286,0.019333908334374428,0.0,0.0,1.0,0.0,0.0,-0.00047592446208000183,-0.01248214952647686
test:210,Qwen3-8B,46,conflict,norm_matched,6,final,129,0.0,0.0,0.02991582825779915,0.02434711530804634,0.023544324561953545,0.0,0.0,1.0,0.0,1.0,0.006371503695845604,0.005568712949752808
test:1713,Qwen3-8B,46,conflict,norm_matched,6,final,22,0.0,0.0,0.020672665908932686,0.02339143492281437,0.0362585186958313,0.0,0.0,0.0,0.0,0.0,-0.015585852786898613,-0.0027187690138816833
test:1574,Qwen3-8B,46,conflict,norm_matched,6,final,70,0.0,0.0,0.03913579136133194,0.027601858600974083,0.04280906170606613,0.0,0.0,0.0,0.0,0.0,-0.003673270344734192,0.011533932760357857
test:1488,Qwen3-8B,46,conflict,norm_matched,6,final,49,0.0,0.0,0.02628270350396633,0.020287062972784042,0.02763660065829754,0.0,0.0,0.0,0.0,0.0,-0.0013538971543312073,0.005995640531182289
test:1868,Qwen3-8B,46,conflict,norm_matched,6,final,37,0.0,0.0,0.019388841465115547,0.021604401990771294,0.02594667673110962,0.0,0.0,0.0,0.0,0.0,-0.006557835265994072,-0.0022155605256557465
test:2233,Qwen3-8B,46,conflict,norm_matched,6,final,126,0.0,0.0,0.03368574380874634,0.05528062582015991,0.07279399782419205,0.0,0.0,0.0,0.0,0.0,-0.03910825401544571,-0.021594882011413574
test:692,Qwen3-8B,46,conflict,norm_matched,6,final,49,0.0,0.0,0.01038367673754692,0.03745220601558685,0.03848736733198166,0.0,0.0,0.0,0.0,0.0,-0.028103690594434738,-0.027068529278039932
test:1732,Qwen3-8B,46,conflict,norm_matched,6,final,17,0.0,0.0,0.0513027124106884,0.060607343912124634,0.03425855562090874,0.0,0.0,1.0,0.0,1.0,0.017044156789779663,-0.009304631501436234
test:1002,Qwen3-8B,46,conflict,norm_matched,6,final,26,0.0,0.0,0.033008426427841187,0.012768340297043324,0.03668024390935898,0.0,0.0,0.0,0.0,0.0,-0.0036718174815177917,0.020240086130797863
test:1607,Qwen3-8B,46,conflict,norm_matched,6,final,110,0.0,0.0,0.019320497289299965,0.010678359307348728,0.014076083898544312,0.0,0.0,0.0,0.0,1.0,0.005244413390755653,0.008642137981951237
test:1123,Qwen3-8B,46,conflict,norm_matched,6,final,119,0.0,0.0,0.01694856397807598,0.026326632127165794,0.022154562175273895,0.0,0.0,1.0,0.0,0.0,-0.005205998197197914,-0.009378068149089813
test:120,Qwen3-8B,46,conflict,norm_matched,6,final,77,0.0,0.0,0.048905909061431885,0.04425707831978798,0.0493888333439827,0.0,0.0,0.0,0.0,0.0,-0.00048292428255081177,0.004648830741643906
test:652,Qwen3-8B,46,conflict,norm_matched,6,final,15,0.0,0.0,0.03467874974012375,0.028437476605176926,0.03517518192529678,0.0,0.0,0.0,0.0,0.0,-0.0004964321851730347,0.006241273134946823
test:850,Qwen3-8B,46,conflict,norm_matched,6,final,87,0.0,0.0,0.021708369255065918,0.031679730862379074,0.036088570952415466,0.0,0.0,0.0,0.0,0.0,-0.014380201697349548,-0.009971361607313156
test:1633,Qwen3-8B,46,conflict,norm_matched,6,final,140,0.0,0.0,0.02846742980182171,0.030375860631465912,0.03204607963562012,0.0,0.0,0.0,0.0,0.0,-0.0035786498337984085,-0.0019084308296442032
test:1126,Qwen3-8B,46,conflict,norm_matched,6,final,11,0.0,0.0,0.07366805523633957,0.06772703677415848,0.05800674483180046,0.0,0.0,1.0,0.0,1.0,0.01566131040453911,0.005941018462181091
test:2130,Qwen3-8B,46,conflict,norm_matched,6,final,85,0.0,0.0,0.04747970402240753,0.02573155239224434,0.026581326499581337,0.0,0.0,0.0,0.0,1.0,0.020898377522826195,0.021748151630163193
test:1982,Qwen3-8B,46,conflict,norm_matched,6,final,149,0.0,0.0,0.012626471929252148,0.015600311569869518,0.015360087156295776,0.0,0.0,1.0,0.0,0.0,-0.0027336152270436287,-0.0029738396406173706
test:941,Qwen3-8B,46,conflict,norm_matched,6,final,138,0.0,0.0,0.041666410863399506,0.02343733049929142,0.05888930708169937,0.0,0.0,0.0,0.0,0.0,-0.017222896218299866,0.018229080364108086
test:1038,Qwen3-8B,46,conflict,norm_matched,6,final,78,0.0,0.0,0.02585694007575512,0.024641022086143494,0.02725192718207836,0.0,0.0,0.0,0.0,0.0,-0.0013949871063232422,0.0012159179896116257
test:359,Qwen3-8B,46,conflict,norm_matched,6,final,153,0.0,0.0,0.023144876584410667,0.03133486211299896,0.03780696541070938,0.0,0.0,0.0,0.0,0.0,-0.014662088826298714,-0.008189985528588295
test:1015,Qwen3-8B,46,conflict,norm_matched,6,final,142,0.0,0.0,0.031769201159477234,0.026449380442500114,0.029796099290251732,0.0,0.0,0.0,0.0,1.0,0.001973101869225502,0.0053198207169771194
test:680,Qwen3-8B,46,conflict,norm_matched,6,final,35,0.0,0.0,0.02477314881980419,0.02218613773584366,0.0185347069054842,0.0,0.0,1.0,0.0,1.0,0.006238441914319992,0.002587011083960533
test:1240,Qwen3-8B,46,conflict,norm_matched,6,final,185,0.0,0.0,0.009335325099527836,0.043346717953681946,0.04200941324234009,0.0,0.0,1.0,0.0,0.0,-0.03267408814281225,-0.03401139285415411
test:1330,Qwen3-8B,46,conflict,norm_matched,6,final,19,0.0,0.0,0.028351733461022377,0.03229430317878723,0.028479333966970444,0.0,0.0,1.0,0.0,0.0,-0.0001276005059480667,-0.003942569717764854
test:544,Qwen3-8B,46,conflict,norm_matched,6,final,154,0.0,0.0,0.037329502403736115,0.039825282990932465,0.03886754438281059,0.0,0.0,1.0,0.0,0.0,-0.0015380419790744781,-0.00249578058719635
test:695,Qwen3-8B,46,conflict,norm_matched,6,final,188,0.0,0.0,0.03382744640111923,0.03462814912199974,0.02871314063668251,0.0,0.0,1.0,0.0,1.0,0.005114305764436722,-0.0008007027208805084
test:1019,Qwen3-8B,46,conflict,norm_matched,6,final,92,0.0,0.0,0.03861178830265999,0.030834488570690155,0.0304853692650795,0.0,0.0,1.0,0.0,1.0,0.00812641903758049,0.007777299731969833
test:2172,Qwen3-8B,46,conflict,norm_matched,6,final,33,0.0,0.0,0.08468304574489594,0.08633050322532654,0.06197468191385269,0.0,0.0,1.0,0.0,1.0,0.022708363831043243,-0.001647457480430603
test:446,Qwen3-8B,46,conflict,norm_matched,6,final,49,0.0,0.0,0.04840795695781708,0.018311403691768646,0.0513102151453495,0.0,0.0,0.0,0.0,0.0,-0.002902258187532425,0.03009655326604843
test:7,Qwen3-8B,46,conflict,norm_matched,6,final,42,0.0,0.0,0.01835840754210949,0.014029642567038536,0.015029540285468102,0.0,0.0,0.0,0.0,1.0,0.003328867256641388,0.004328764975070953
test:1589,Qwen3-8B,46,conflict,norm_matched,6,final,22,0.0,0.0,0.03323906660079956,0.03172814100980759,0.029096750542521477,0.0,0.0,1.0,0.0,1.0,0.004142316058278084,0.0015109255909919739
test:1087,Qwen3-8B,46,conflict,norm_matched,6,final,57,0.0,0.0,0.054831236600875854,0.05046980828046799,0.0521598719060421,0.0,0.0,0.0,0.0,1.0,0.0026713646948337555,0.004361428320407867
test:603,Qwen3-8B,46,conflict,norm_matched,6,final,188,0.0,0.0,0.017895011231303215,0.017806386575102806,0.026213843375444412,0.0,0.0,0.0,0.0,0.0,-0.008318832144141197,8.862465620040894e-05
test:1608,Qwen3-8B,46,conflict,norm_matched,6,final,168,0.0,0.0,0.026594253256917,0.031852301210165024,0.02368340641260147,0.0,0.0,1.0,0.0,1.0,0.002910846844315529,-0.005258047953248024
test:774,Qwen3-8B,46,conflict,norm_matched,6,final,58,0.0,0.0,0.015451230108737946,0.02276451140642166,0.022209906950592995,0.0,0.0,1.0,0.0,0.0,-0.006758676841855049,-0.007313281297683716
test:1996,Qwen3-8B,46,conflict,norm_matched,6,final,137,0.0,0.0,0.04030288755893707,0.035277266055345535,0.02914772927761078,0.0,0.0,1.0,0.0,1.0,0.011155158281326294,0.0050256215035915375
test:2221,Qwen3-8B,46,conflict,norm_matched,6,final,129,0.0,0.0,0.0359245240688324,0.034367885440588,0.04109180346131325,0.0,0.0,0.0,0.0,0.0,-0.00516727939248085,0.0015566386282444
test:1313,Qwen3-8B,46,conflict,norm_matched,6,final,174,0.0,0.0,0.020311731845140457,0.043404094874858856,0.0364898256957531,0.0,0.0,1.0,0.0,0.0,-0.01617809385061264,-0.0230923630297184
test:1515,Qwen3-8B,46,conflict,norm_matched,6,final,184,0.0,0.0,0.016414780169725418,0.030419640243053436,0.03410397842526436,0.0,0.0,0.0,0.0,0.0,-0.01768919825553894,-0.014004860073328018
test:1418,Qwen3-8B,46,conflict,norm_matched,6,final,160,0.0,0.0,0.02511608973145485,0.03530656173825264,0.033098701387643814,0.0,0.0,1.0,0.0,0.0,-0.007982611656188965,-0.01019047200679779
test:999,Qwen3-8B,46,conflict,norm_matched,6,final,75,0.0,0.0,0.03546025976538658,0.03660110756754875,0.01995086297392845,0.0,0.0,1.0,0.0,1.0,0.01550939679145813,-0.0011408478021621704
test:1431,Qwen3-8B,46,conflict,norm_matched,6,final,56,0.0,0.0,0.02253788895905018,0.024643322452902794,0.029579220339655876,0.0,0.0,0.0,0.0,0.0,-0.007041331380605698,-0.0021054334938526154
test:702,Qwen3-8B,46,conflict,norm_matched,6,final,23,0.0,0.0,0.03200971335172653,0.031053630635142326,0.03446730971336365,0.0,0.0,0.0,0.0,0.0,-0.0024575963616371155,0.0009560827165842056
test:111,Qwen3-8B,46,conflict,norm_matched,6,final,198,0.0,0.0,0.03746509924530983,0.06068383529782295,0.04446542263031006,0.0,0.0,1.0,0.0,0.0,-0.007000323385000229,-0.023218736052513123
test:1039,Qwen3-8B,46,conflict,norm_matched,6,final,74,0.0,0.0,0.04534653201699257,0.025209501385688782,0.031210333108901978,0.0,0.0,0.0,0.0,1.0,0.014136198908090591,0.020137030631303787
test:586,Qwen3-8B,46,conflict,norm_matched,6,final,168,0.0,0.0,0.033810053020715714,0.048097334802150726,0.011467620730400085,0.0,0.0,1.0,0.0,1.0,0.022342432290315628,-0.014287281781435013
test:733,Qwen3-8B,46,conflict,norm_matched,6,final,15,0.0,0.0,0.03563612699508667,0.035845983773469925,0.03137714043259621,0.0,0.0,1.0,0.0,1.0,0.004258986562490463,-0.000209856778383255
test:562,Qwen3-8B,46,conflict,norm_matched,6,final,85,0.0,0.0,0.0030461568385362625,0.03134762495756149,-0.00046938774175941944,0.0,0.0,1.0,0.0,1.0,0.003515544580295682,-0.02830146811902523
test:367,Qwen3-8B,46,conflict,norm_matched,6,final,19,0.0,0.0,0.022196441888809204,0.025999369099736214,0.01384661253541708,0.0,0.0,1.0,0.0,1.0,0.008349829353392124,-0.0038029272109270096
test:2093,Qwen3-8B,46,conflict,norm_matched,6,final,195,0.0,0.0,0.04325460270047188,0.044616714119911194,0.04153711348772049,0.0,0.0,1.0,0.0,1.0,0.0017174892127513885,-0.0013621114194393158
test:298,Qwen3-8B,46,conflict,norm_matched,6,final,67,0.0,0.0,0.04344049468636513,0.03160490095615387,0.03343015909194946,0.0,0.0,0.0,0.0,1.0,0.010010335594415665,0.011835593730211258
test:618,Qwen3-8B,46,conflict,norm_matched,6,final,83,0.0,0.0,0.018992599099874496,0.020447954535484314,0.015347568318247795,0.0,0.0,1.0,0.0,1.0,0.0036450307816267014,-0.0014553554356098175
test:213,Qwen3-8B,46,conflict,norm_matched,6,final,205,0.0,0.0,0.027390874922275543,0.05578002706170082,0.02882612682878971,0.0,0.0,1.0,0.0,0.0,-0.0014352519065141678,-0.028389152139425278
test:1770,Qwen3-8B,46,conflict,norm_matched,6,final,64,0.0,0.0,0.02057669870555401,0.021050570532679558,0.009758824482560158,0.0,0.0,1.0,0.0,1.0,0.01081787422299385,-0.0004738718271255493
test:784,Qwen3-8B,46,conflict,norm_matched,6,final,161,0.0,0.0,0.03306236490607262,0.051401518285274506,0.05152948200702667,0.0,0.0,0.0,0.0,0.0,-0.018467117100954056,-0.01833915337920189
test:748,Qwen3-8B,46,conflict,norm_matched,6,final,40,0.0,0.0,0.021395981311798096,0.019002795219421387,0.01583894155919552,0.0,0.0,1.0,0.0,1.0,0.005557039752602577,0.002393186092376709
test:691,Qwen3-8B,46,conflict,norm_matched,6,final,224,0.0,0.0,0.045646220445632935,0.07333496958017349,0.07758796215057373,0.0,0.0,0.0,0.0,0.0,-0.031941741704940796,-0.027688749134540558
test:1521,Qwen3-8B,46,conflict,norm_matched,6,final,118,0.0,0.0,0.017214655876159668,0.024079149588942528,0.02293907105922699,0.0,0.0,1.0,0.0,0.0,-0.005724415183067322,-0.00686449371278286
test:153,Qwen3-8B,46,conflict,norm_matched,6,final,106,0.0,0.0,0.035115908831357956,0.031286630779504776,0.040125772356987,0.0,0.0,0.0,0.0,0.0,-0.005009863525629044,0.00382927805185318
test:1145,Qwen3-8B,46,conflict,norm_matched,6,final,191,0.0,0.0,0.05294210463762283,0.04901095852255821,0.04536941647529602,0.0,0.0,1.0,0.0,1.0,0.007572688162326813,0.003931146115064621
test:1941,Qwen3-8B,46,conflict,norm_matched,6,final,130,0.0,0.0,0.03213620185852051,0.03575668856501579,0.03313988447189331,0.0,0.0,1.0,0.0,0.0,-0.0010036826133728027,-0.003620486706495285
test:128,Qwen3-8B,46,conflict,norm_matched,6,final,142,0.0,0.0,0.03793316334486008,0.027504287660121918,0.03508080914616585,0.0,0.0,0.0,0.0,1.0,0.002852354198694229,0.01042887568473816
test:499,Qwen3-8B,46,conflict,norm_matched,6,final,50,0.0,0.0,0.03469283878803253,0.018387366086244583,0.01722164824604988,0.0,0.0,1.0,0.0,1.0,0.01747119054198265,0.01630547270178795
test:869,Qwen3-8B,46,conflict,norm_matched,6,final,52,0.0,0.0,0.049463752657175064,0.02983703278005123,0.01264268346130848,0.0,0.0,1.0,0.0,1.0,0.036821069195866585,0.019626719877123833
test:1236,Qwen3-8B,46,conflict,norm_matched,6,final,114,0.0,0.0,0.031484223902225494,0.03589646518230438,0.029405152425169945,0.0,0.0,1.0,0.0,1.0,0.0020790714770555496,-0.004412241280078888
test:1870,Qwen3-8B,46,conflict,norm_matched,6,final,198,0.0,0.0,0.021213550120592117,0.022617213428020477,0.0237162783741951,0.0,0.0,0.0,0.0,0.0,-0.0025027282536029816,-0.00140366330742836
test:1310,Qwen3-8B,46,conflict,norm_matched,6,final,159,0.0,0.0,0.0404355488717556,0.039855387061834335,0.04417217895388603,0.0,0.0,0.0,0.0,0.0,-0.003736630082130432,0.0005801618099212646
test:1221,Qwen3-8B,46,conflict,norm_matched,6,final,150,0.0,0.0,0.028147542849183083,0.02053280733525753,0.0224005039781332,0.0,0.0,0.0,0.0,1.0,0.005747038871049881,0.007614735513925552
test:257,Qwen3-8B,46,conflict,norm_matched,6,final,203,0.0,0.0,0.018340425565838814,0.02625417336821556,0.028815584257245064,0.0,0.0,0.0,0.0,0.0,-0.01047515869140625,-0.007913747802376747
test:1513,Qwen3-8B,46,conflict,norm_matched,6,final,68,0.0,0.0,0.02505488321185112,0.019915973767638206,0.025100070983171463,0.0,0.0,0.0,0.0,0.0,-4.518777132034302e-05,0.0051389094442129135
test:553,Qwen3-8B,46,conflict,norm_matched,6,final,152,0.0,0.0,0.036044131964445114,0.0492524690926075,0.004144221544265747,0.0,0.0,1.0,0.0,1.0,0.03189991042017937,-0.013208337128162384
test:1881,Qwen3-8B,46,conflict,norm_matched,6,final,147,0.0,0.0,0.04769749194383621,0.05140937864780426,0.0469571016728878,0.0,0.0,1.0,0.0,1.0,0.00074039027094841,-0.003711886703968048
test:2262,Qwen3-8B,46,conflict,norm_matched,6,final,66,0.0,0.0,0.046694640070199966,0.032803162932395935,0.03239752724766731,0.0,0.0,1.0,0.0,1.0,0.014297112822532654,0.013891477137804031
test:911,Qwen3-8B,46,conflict,norm_matched,6,final,136,0.0,0.0,0.0348178967833519,0.05438019707798958,0.035656969994306564,0.0,0.0,1.0,0.0,0.0,-0.0008390732109546661,-0.01956230029463768
test:1947,Qwen3-8B,46,conflict,norm_matched,6,final,39,0.0,0.0,0.051095638424158096,0.042582765221595764,0.03969439119100571,0.0,0.0,1.0,0.0,1.0,0.01140124723315239,0.008512873202562332
test:675,Qwen3-8B,46,conflict,norm_matched,6,final,237,0.0,0.0,0.03300928696990013,0.04574866592884064,0.029057087376713753,0.0,0.0,1.0,0.0,1.0,0.0039521995931863785,-0.012739378958940506
test:979,Qwen3-8B,46,conflict,norm_matched,6,final,150,0.0,0.0,0.03552849218249321,0.025272274389863014,0.03481375798583031,0.0,0.0,0.0,0.0,1.0,0.0007147341966629028,0.010256217792630196
test:783,Qwen3-8B,46,conflict,norm_matched,6,final,195,0.0,0.0,0.03574267029762268,0.05469164624810219,0.05669013038277626,0.0,0.0,0.0,0.0,0.0,-0.02094746008515358,-0.018948975950479507
test:2149,Qwen3-8B,46,conflict,norm_matched,6,final,186,0.0,0.0,-0.0006203115917742252,0.04798242449760437,0.030489496886730194,0.0,0.0,1.0,0.0,0.0,-0.03110980847850442,-0.048602736089378595
test:1231,Qwen3-8B,46,conflict,norm_matched,6,final,130,0.0,0.0,0.05286392197012901,0.028346046805381775,0.018615128472447395,0.0,0.0,1.0,0.0,1.0,0.03424879349768162,0.024517875164747238
test:68,Qwen3-8B,46,conflict,norm_matched,6,final,74,0.0,0.0,0.047384534031152725,0.045228905975818634,0.04819967597723007,0.0,0.0,0.0,0.0,0.0,-0.0008151419460773468,0.002155628055334091
test:180,Qwen3-8B,46,conflict,norm_matched,6,final,171,0.0,0.0,0.012676254846155643,0.01634923182427883,0.014757297933101654,0.0,0.0,1.0,0.0,0.0,-0.0020810430869460106,-0.003672976978123188
test:2034,Qwen3-8B,46,conflict,norm_matched,6,final,75,0.0,0.0,0.04470529779791832,0.035508617758750916,0.03852696344256401,0.0,0.0,0.0,0.0,1.0,0.006178334355354309,0.009196680039167404
test:1007,Qwen3-8B,46,conflict,norm_matched,6,final,124,0.0,0.0,0.043086860328912735,0.046674471348524094,0.04536779224872589,0.0,0.0,1.0,0.0,0.0,-0.002280931919813156,-0.0035876110196113586
test:1917,Qwen3-8B,46,conflict,norm_matched,6,final,53,0.0,0.0,0.03748251870274544,0.02839893475174904,0.02954145520925522,0.0,0.0,0.0,0.0,1.0,0.007941063493490219,0.009083583950996399
test:1869,Qwen3-8B,46,conflict,norm_matched,6,final,105,0.0,0.0,0.05501381307840347,0.05381469056010246,0.010453087277710438,0.0,0.0,1.0,0.0,1.0,0.044560725800693035,0.0011991225183010101
test:1819,Qwen3-8B,46,conflict,norm_matched,6,final,40,0.0,0.0,0.013370418921113014,0.055540814995765686,0.029356610029935837,0.0,0.0,1.0,0.0,0.0,-0.015986191108822823,-0.04217039607465267
test:225,Qwen3-8B,46,conflict,norm_matched,6,final,113,0.0,0.0,0.025795169174671173,0.029606230556964874,0.025335364043712616,0.0,0.0,1.0,0.0,1.0,0.00045980513095855713,-0.003811061382293701
test:1978,Qwen3-8B,46,conflict,norm_matched,6,final,247,0.0,0.0,0.06658291816711426,0.07490245997905731,0.08392030000686646,0.0,0.0,0.0,0.0,0.0,-0.017337381839752197,-0.008319541811943054
test:1849,Qwen3-8B,46,conflict,norm_matched,6,final,105,0.0,0.0,0.0402035191655159,0.030934378504753113,0.029329700395464897,0.0,0.0,1.0,0.0,1.0,0.010873818770051003,0.009269140660762787
test:1267,Qwen3-8B,46,conflict,norm_matched,6,final,221,0.0,0.0,0.022792857140302658,0.029304075986146927,0.025785543024539948,0.0,0.0,1.0,0.0,0.0,-0.0029926858842372894,-0.006511218845844269
test:2014,Qwen3-8B,46,conflict,norm_matched,6,final,235,0.0,0.0,0.023849789053201675,0.04973631724715233,0.042747434228658676,0.0,0.0,1.0,0.0,0.0,-0.018897645175457,-0.025886528193950653
test:747,Qwen3-8B,46,conflict,norm_matched,6,final,260,0.0,0.0,0.036914777010679245,0.05074356868863106,0.04634206369519234,0.0,0.0,1.0,0.0,0.0,-0.009427286684513092,-0.013828791677951813
test:1536,Qwen3-8B,46,conflict,norm_matched,6,final,28,0.0,0.0,0.015187972225248814,0.010979469865560532,0.018688982352614403,0.0,0.0,0.0,0.0,0.0,-0.003501010127365589,0.004208502359688282
test:495,Qwen3-8B,46,conflict,norm_matched,6,final,72,0.0,0.0,0.03687801584601402,0.018087344244122505,0.04038495570421219,0.0,0.0,0.0,0.0,0.0,-0.003506939858198166,0.018790671601891518
test:1218,Qwen3-8B,46,conflict,norm_matched,6,final,176,0.0,0.0,0.039992984384298325,0.025992920622229576,0.03329797461628914,0.0,0.0,0.0,0.0,1.0,0.006695009768009186,0.014000063762068748
test:908,Qwen3-8B,46,conflict,norm_matched,6,final,60,0.0,0.0,0.04497561231255531,0.046585507690906525,-0.02191799320280552,0.0,0.0,1.0,0.0,1.0,0.06689360551536083,-0.0016098953783512115
test:284,Qwen3-8B,46,conflict,norm_matched,6,final,108,0.0,0.0,0.0989471971988678,0.11077263206243515,0.05875546485185623,0.0,0.0,1.0,0.0,1.0,0.040191732347011566,-0.011825434863567352
test:307,Qwen3-8B,46,conflict,norm_matched,6,final,199,0.0,0.0,0.011944347061216831,0.010779356583952904,0.00804467685520649,0.0,0.0,1.0,0.0,1.0,0.0038996702060103416,0.0011649904772639275
test:1101,Qwen3-8B,46,conflict,norm_matched,6,final,89,0.0,0.0,0.0166032612323761,0.014568733982741833,0.018745293840765953,0.0,0.0,0.0,0.0,0.0,-0.0021420326083898544,0.002034527249634266
test:2091,Qwen3-8B,46,conflict,norm_matched,6,final,226,0.0,0.0,0.05593165010213852,0.049485914409160614,0.04214392229914665,0.0,0.0,1.0,0.0,1.0,0.013787727802991867,0.006445735692977905
test:1343,Qwen3-8B,46,conflict,norm_matched,6,final,120,0.0,0.0,0.02692507579922676,0.029759814962744713,0.0327637642621994,0.0,0.0,0.0,0.0,0.0,-0.005838688462972641,-0.002834739163517952
test:312,Qwen3-8B,46,conflict,norm_matched,6,final,248,0.0,0.0,0.021253762766718864,0.04614952579140663,0.03171948343515396,0.0,0.0,1.0,0.0,0.0,-0.010465720668435097,-0.024895763024687767
test:1853,Qwen3-8B,46,conflict,norm_matched,6,final,273,0.0,0.0,0.021549995988607407,0.027209492400288582,0.024625375866889954,0.0,0.0,1.0,0.0,0.0,-0.003075379878282547,-0.005659496411681175
test:2161,Qwen3-8B,46,conflict,norm_matched,6,final,10,0.0,0.0,0.024492846801877022,0.019019167870283127,0.016466880217194557,0.0,0.0,1.0,0.0,1.0,0.008025966584682465,0.005473678931593895
test:993,Qwen3-8B,46,conflict,norm_matched,6,final,50,0.0,0.0,0.03357350453734398,0.03171151876449585,0.016666028648614883,0.0,0.0,1.0,0.0,1.0,0.016907475888729095,0.0018619857728481293
test:1764,Qwen3-8B,46,conflict,norm_matched,6,final,54,0.0,0.0,0.04329560697078705,0.060684822499752045,0.03225678578019142,0.0,0.0,1.0,0.0,1.0,0.011038821190595627,-0.017389215528964996
test:1238,Qwen3-8B,46,conflict,norm_matched,6,final,52,0.0,0.0,0.03730946406722069,0.025139382109045982,0.022436439990997314,0.0,0.0,1.0,0.0,1.0,0.014873024076223373,0.012170081958174706
test:2222,Qwen3-8B,46,conflict,norm_matched,6,final,241,0.0,0.0,0.06506642699241638,0.06312812119722366,0.07751938700675964,0.0,0.0,0.0,0.0,0.0,-0.012452960014343262,0.0019383057951927185
test:2007,Qwen3-8B,46,conflict,norm_matched,6,final,72,0.0,0.0,0.03383968025445938,0.03491077944636345,0.042699601501226425,0.0,0.0,0.0,0.0,0.0,-0.008859921246767044,-0.001071099191904068
test:1177,Qwen3-8B,46,conflict,norm_matched,6,final,77,0.0,0.0,0.032958049327135086,0.030963841825723648,0.030335962772369385,0.0,0.0,1.0,0.0,1.0,0.0026220865547657013,0.001994207501411438
test:378,Qwen3-8B,46,conflict,norm_matched,6,final,77,0.0,0.0,0.020013097673654556,0.026552844792604446,0.015539534389972687,0.0,0.0,1.0,0.0,1.0,0.0044735632836818695,-0.00653974711894989
test:1086,Qwen3-8B,46,conflict,norm_matched,6,final,12,0.0,0.0,0.037443313747644424,0.040897186845541,0.037044648081064224,0.0,0.0,1.0,0.0,1.0,0.0003986656665802002,-0.003453873097896576
test:350,Qwen3-8B,46,conflict,norm_matched,6,final,80,0.0,0.0,0.037771355360746384,0.013711749576032162,0.020310744643211365,0.0,0.0,0.0,0.0,1.0,0.01746061071753502,0.024059605784714222
test:2256,Qwen3-8B,46,conflict,norm_matched,6,final,129,0.0,0.0,0.022762082517147064,0.0323498360812664,0.025482874363660812,0.0,0.0,1.0,0.0,0.0,-0.002720791846513748,-0.009587753564119339
test:2064,Qwen3-8B,46,conflict,norm_matched,6,final,108,0.0,0.0,0.025611920282244682,0.016910359263420105,0.023172518238425255,0.0,0.0,0.0,0.0,1.0,0.0024394020438194275,0.008701561018824577
test:635,Qwen3-8B,46,conflict,norm_matched,6,final,48,0.0,0.0,0.03691687062382698,0.03583819046616554,0.010334810242056847,0.0,0.0,1.0,0.0,1.0,0.026582060381770134,0.001078680157661438
test:2182,Qwen3-8B,46,conflict,norm_matched,6,final,126,0.0,0.0,0.061027560383081436,0.050655607134103775,0.04830795153975487,0.0,0.0,1.0,0.0,1.0,0.012719608843326569,0.010371953248977661
test:502,Qwen3-8B,46,conflict,norm_matched,6,final,71,0.0,0.0,0.018761103972792625,0.024602718651294708,0.01959232985973358,0.0,0.0,1.0,0.0,0.0,-0.0008312258869409561,-0.005841614678502083
test:434,Qwen3-8B,46,conflict,norm_matched,6,final,201,0.0,0.0,0.03714495524764061,0.05270592123270035,0.04347672313451767,0.0,0.0,1.0,0.0,0.0,-0.00633176788687706,-0.015560965985059738
test:1225,Qwen3-8B,46,conflict,norm_matched,6,final,105,0.0,0.0,0.02537359856069088,0.027426064014434814,0.02696390263736248,0.0,0.0,1.0,0.0,0.0,-0.0015903040766716003,-0.0020524654537439346
test:1483,Qwen3-8B,46,conflict,norm_matched,6,final,43,0.0,0.0,0.035842761397361755,0.027438048273324966,0.018812334164977074,0.0,0.0,1.0,0.0,1.0,0.01703042723238468,0.008404713124036789
test:327,Qwen3-8B,46,conflict,norm_matched,6,final,274,0.0,0.0,0.04193110391497612,0.05113993585109711,0.04048901051282883,0.0,0.0,1.0,0.0,1.0,0.001442093402147293,-0.009208831936120987
test:646,Qwen3-8B,46,conflict,norm_matched,6,final,68,0.0,0.0,0.036956846714019775,0.05817950516939163,0.00962922815233469,0.0,0.0,1.0,0.0,1.0,0.027327618561685085,-0.021222658455371857
test:1214,Qwen3-8B,46,conflict,norm_matched,6,final,266,0.0,0.0,0.04381757229566574,0.03645496442914009,0.04094652459025383,0.0,0.0,0.0,0.0,1.0,0.002871047705411911,0.00736260786652565
test:1722,Qwen3-8B,46,conflict,norm_matched,6,final,170,0.0,0.0,0.04043009877204895,0.045659251511096954,0.045163705945014954,0.0,0.0,1.0,0.0,0.0,-0.004733607172966003,-0.005229152739048004
test:2062,Qwen3-8B,46,conflict,norm_matched,6,final,150,0.0,0.0,0.04137785732746124,0.04958822950720787,0.041687577962875366,0.0,0.0,1.0,0.0,0.0,-0.00030972063541412354,-0.008210372179746628
test:1009,Qwen3-8B,46,conflict,norm_matched,6,final,66,0.0,0.0,0.05275529623031616,0.02844565361738205,0.044213466346263885,0.0,0.0,0.0,0.0,1.0,0.008541829884052277,0.024309642612934113
test:92,Qwen3-8B,46,conflict,norm_matched,6,final,69,0.0,0.0,0.022547105327248573,0.03312715142965317,0.02073904685676098,0.0,0.0,1.0,0.0,1.0,0.0018080584704875946,-0.010580046102404594
test:471,Qwen3-8B,46,conflict,norm_matched,6,final,98,0.0,0.0,0.034785617142915726,0.023951532319188118,0.027040980756282806,0.0,0.0,0.0,0.0,1.0,0.007744636386632919,0.010834084823727608
test:1083,Qwen3-8B,46,conflict,norm_matched,6,final,136,0.0,0.0,0.08362282812595367,0.09080483764410019,0.09474894404411316,0.0,0.0,0.0,0.0,0.0,-0.011126115918159485,-0.007182009518146515
test:2108,Qwen3-8B,46,conflict,norm_matched,6,final,321,0.0,0.0,0.054130587726831436,0.05363290756940842,0.04778924584388733,0.0,0.0,1.0,0.0,1.0,0.006341341882944107,0.0004976801574230194
test:2227,Qwen3-8B,46,conflict,norm_matched,6,final,64,0.0,0.0,0.025980956852436066,0.027278155088424683,0.021907862275838852,0.0,0.0,1.0,0.0,1.0,0.004073094576597214,-0.001297198235988617
test:1251,Qwen3-8B,46,conflict,norm_matched,6,final,107,0.0,0.0,0.01915290392935276,0.016960326582193375,0.020999129861593246,0.0,0.0,0.0,0.0,0.0,-0.0018462259322404861,0.0021925773471593857
test:498,Qwen3-8B,46,conflict,norm_matched,6,final,217,0.0,0.0,0.03556806966662407,0.028557801619172096,0.03538614138960838,0.0,0.0,0.0,0.0,1.0,0.00018192827701568604,0.007010268047451973
test:1920,Qwen3-8B,46,conflict,norm_matched,6,final,105,0.0,0.0,0.07124471664428711,0.06104050204157829,0.048119883984327316,0.0,0.0,1.0,0.0,1.0,0.023124832659959793,0.010204214602708817
test:1845,Qwen3-8B,46,conflict,norm_matched,6,final,127,0.0,0.0,0.03487391024827957,0.03943882882595062,0.036258019506931305,0.0,0.0,1.0,0.0,0.0,-0.0013841092586517334,-0.004564918577671051
test:1790,Qwen3-8B,46,conflict,norm_matched,6,final,173,0.0,0.0,0.01565282978117466,0.02344462275505066,0.01525814551860094,0.0,0.0,1.0,0.0,1.0,0.000394684262573719,-0.0077917929738759995
test:1563,Qwen3-8B,46,conflict,norm_matched,6,final,76,0.0,0.0,0.022903328761458397,0.027700457721948624,0.02881765179336071,0.0,0.0,0.0,0.0,0.0,-0.005914323031902313,-0.004797128960490227
test:1715,Qwen3-8B,46,conflict,norm_matched,6,final,312,0.0,0.0,0.027032963931560516,0.038369737565517426,0.038708142936229706,0.0,0.0,0.0,0.0,0.0,-0.01167517900466919,-0.01133677363395691
test:1395,Qwen3-8B,46,conflict,norm_matched,6,final,327,0.0,0.0,0.025194654241204262,0.052906136959791183,0.042692650109529495,0.0,0.0,1.0,0.0,0.0,-0.017497995868325233,-0.02771148271858692
test:923,Qwen3-8B,46,conflict,norm_matched,6,final,297,0.0,0.0,0.019611060619354248,0.02447693422436714,0.021411534398794174,0.0,0.0,1.0,0.0,0.0,-0.0018004737794399261,-0.004865873605012894
test:800,Qwen3-8B,46,conflict,norm_matched,6,final,29,0.0,0.0,0.046476319432258606,0.04440002143383026,0.05611683800816536,0.0,0.0,0.0,0.0,0.0,-0.009640518575906754,0.0020762979984283447
test:1525,Qwen3-8B,46,conflict,norm_matched,6,final,85,0.0,0.0,0.02375349961221218,0.022072654217481613,0.02648376300930977,0.0,0.0,0.0,0.0,0.0,-0.0027302633970975876,0.001680845394730568
test:617,Qwen3-8B,46,conflict,norm_matched,6,final,165,0.0,0.0,0.029164500534534454,0.015448023565113544,0.024233145639300346,0.0,0.0,0.0,0.0,1.0,0.004931354895234108,0.01371647696942091
test:2225,Qwen3-8B,46,conflict,norm_matched,6,final,52,0.0,0.0,0.03043472394347191,0.03382427617907524,0.03418009355664253,0.0,0.0,0.0,0.0,0.0,-0.0037453696131706238,-0.0033895522356033325
test:125,Qwen3-8B,46,conflict,norm_matched,6,final,59,0.0,0.0,0.030813487246632576,0.02136804535984993,0.019986532628536224,0.0,0.0,1.0,0.0,1.0,0.010826954618096352,0.009445441886782646
test:1316,Qwen3-8B,46,conflict,norm_matched,6,final,278,0.0,0.0,0.011750790290534496,0.023766884580254555,0.013675548136234283,0.0,0.0,1.0,0.0,0.0,-0.0019247578456997871,-0.012016094289720058
test:1848,Qwen3-8B,46,conflict,norm_matched,6,final,37,0.0,0.0,0.042169660329818726,0.039306383579969406,0.037506185472011566,0.0,0.0,1.0,0.0,1.0,0.004663474857807159,0.0028632767498493195
test:1481,Qwen3-8B,46,conflict,norm_matched,6,final,28,0.0,0.0,0.00505384337157011,0.01904454082250595,0.02078063413500786,0.0,0.0,0.0,0.0,0.0,-0.015726790763437748,-0.01399069745093584
test:1667,Qwen3-8B,46,conflict,norm_matched,6,final,146,0.0,0.0,0.03236973658204079,0.026412777602672577,0.024482131004333496,0.0,0.0,1.0,0.0,1.0,0.00788760557770729,0.00595695897936821
test:1901,Qwen3-8B,46,conflict,norm_matched,6,final,92,0.0,0.0,0.03592909500002861,0.03465048223733902,0.034519877284765244,0.0,0.0,1.0,0.0,1.0,0.0014092177152633667,0.0012786127626895905
test:1673,Qwen3-8B,46,conflict,norm_matched,6,final,308,0.0,0.0,0.016769489273428917,0.038494523614645004,0.03712281212210655,0.0,0.0,1.0,0.0,0.0,-0.020353322848677635,-0.021725034341216087
test:2280,Qwen3-8B,46,conflict,norm_matched,6,final,48,0.0,0.0,0.04311039298772812,0.037636566907167435,0.03847773000597954,0.0,0.0,0.0,0.0,1.0,0.004632662981748581,0.005473826080560684
test:2251,Qwen3-8B,46,conflict,norm_matched,6,final,180,0.0,0.0,0.01990891620516777,0.028710100799798965,0.02169742062687874,0.0,0.0,1.0,0.0,0.0,-0.001788504421710968,-0.008801184594631195
test:512,Qwen3-8B,46,conflict,norm_matched,6,final,337,0.0,0.0,0.02753165364265442,0.03575548529624939,0.029462872073054314,0.0,0.0,1.0,0.0,0.0,-0.0019312184303998947,-0.00822383165359497
test:220,Qwen3-8B,46,conflict,norm_matched,6,final,77,0.0,0.0,0.03196660429239273,0.02969576045870781,0.026866592466831207,0.0,0.0,1.0,0.0,1.0,0.0051000118255615234,0.0022708438336849213
test:997,Qwen3-8B,46,conflict,norm_matched,6,final,315,0.0,0.0,0.008152750320732594,0.039102423936128616,0.0182343702763319,0.0,0.0,1.0,0.0,0.0,-0.010081619955599308,-0.030949673615396023
test:1553,Qwen3-8B,46,conflict,norm_matched,6,final,363,0.0,0.0,0.02119801752269268,0.05189308524131775,0.036575548350811005,0.0,0.0,1.0,0.0,0.0,-0.015377530828118324,-0.03069506771862507
test:731,Qwen3-8B,46,conflict,norm_matched,6,final,94,0.0,0.0,0.030046574771404266,0.03701469302177429,0.0273133534938097,0.0,0.0,1.0,0.0,1.0,0.0027332212775945663,-0.006968118250370026
test:1433,Qwen3-8B,46,conflict,norm_matched,6,final,57,0.0,0.0,0.0436536930501461,0.02725430577993393,0.016944510862231255,0.0,0.0,1.0,0.0,1.0,0.02670918218791485,0.016399387270212173
test:65,Qwen3-8B,46,conflict,norm_matched,6,final,261,0.0,0.0,0.047332510352134705,0.0473291277885437,0.04762052372097969,0.0,0.0,0.0,0.0,0.0,-0.00028801336884498596,3.382563591003418e-06
test:1575,Qwen3-8B,46,conflict,norm_matched,6,final,109,0.0,0.0,0.03423745557665825,0.033936403691768646,0.026178302243351936,0.0,0.0,1.0,0.0,1.0,0.008059153333306313,0.00030105188488960266
test:1784,Qwen3-8B,46,conflict,norm_matched,6,final,111,0.0,0.0,0.01415703259408474,0.019300537183880806,0.02228810079395771,0.0,0.0,0.0,0.0,0.0,-0.00813106819987297,-0.005143504589796066
test:1566,Qwen3-8B,46,conflict,norm_matched,6,final,87,0.0,0.0,0.04475574567914009,0.0446927584707737,0.04029301181435585,0.0,0.0,1.0,0.0,1.0,0.004462733864784241,6.298720836639404e-05
test:1807,Qwen3-8B,46,conflict,norm_matched,6,final,308,0.0,0.0,0.01661345362663269,0.02630077861249447,0.030121836811304092,0.0,0.0,0.0,0.0,0.0,-0.013508383184671402,-0.009687324985861778
test:1408,Qwen3-8B,46,conflict,norm_matched,6,final,38,0.0,0.0,0.06334634125232697,0.05739288404583931,0.04834455996751785,0.0,0.0,1.0,0.0,1.0,0.015001781284809113,0.005953457206487656
test:621,Qwen3-8B,46,conflict,norm_matched,6,final,197,0.0,0.0,0.030568430200219154,0.030074885115027428,0.02655061148107052,0.0,0.0,1.0,0.0,1.0,0.004017818719148636,0.0004935450851917267
test:531,Qwen3-8B,46,conflict,norm_matched,6,final,289,0.0,0.0,0.025821534916758537,0.02410861849784851,0.03329966217279434,0.0,0.0,0.0,0.0,0.0,-0.007478127256035805,0.0017129164189100266
test:394,Qwen3-8B,46,conflict,norm_matched,6,final,132,0.0,0.0,0.0381673239171505,0.026846107095479965,0.0019416104769334197,0.0,0.0,1.0,0.0,1.0,0.03622571344021708,0.011321216821670532
test:641,Qwen3-8B,46,conflict,norm_matched,6,final,175,0.0,0.0,0.0641966164112091,0.10115951299667358,0.07151065021753311,0.0,0.0,1.0,0.0,0.0,-0.007314033806324005,-0.03696289658546448
test:2003,Qwen3-8B,46,conflict,norm_matched,6,final,147,0.0,0.0,0.015071693807840347,0.023637790232896805,0.03277665376663208,0.0,0.0,0.0,0.0,0.0,-0.017704959958791733,-0.008566096425056458
test:243,Qwen3-8B,46,conflict,norm_matched,6,final,154,0.0,0.0,0.02978392317891121,0.023873627185821533,0.033241309225559235,0.0,0.0,0.0,0.0,0.0,-0.0034573860466480255,0.005910295993089676
test:85,Qwen3-8B,46,conflict,norm_matched,6,final,179,0.0,0.0,0.0391753613948822,0.028989914804697037,0.04309558868408203,0.0,0.0,0.0,0.0,0.0,-0.003920227289199829,0.010185446590185165
test:847,Qwen3-8B,46,conflict,norm_matched,6,final,51,0.0,0.0,0.02440359815955162,0.060160938650369644,0.012036568485200405,0.0,0.0,1.0,0.0,1.0,0.012367029674351215,-0.035757340490818024
test:4,Qwen3-8B,46,conflict,norm_matched,6,final,49,0.0,0.0,0.03867697715759277,0.06005191057920456,0.06422516703605652,0.0,0.0,0.0,0.0,0.0,-0.025548189878463745,-0.021374933421611786
test:468,Qwen3-8B,46,conflict,norm_matched,6,final,53,0.0,0.0,0.02647196687757969,0.03339305520057678,0.021116528660058975,0.0,0.0,1.0,0.0,1.0,0.005355438217520714,-0.006921088322997093
test:1928,Qwen3-8B,46,conflict,norm_matched,6,final,201,0.0,0.0,0.05072646588087082,0.06216741353273392,0.0333951972424984,0.0,0.0,1.0,0.0,1.0,0.01733126863837242,-0.011440947651863098
test:822,Qwen3-8B,46,conflict,norm_matched,6,final,47,0.0,0.0,0.01457536406815052,0.025489656254649162,0.05338691920042038,0.0,0.0,0.0,0.0,0.0,-0.03881155513226986,-0.010914292186498642
test:1805,Qwen3-8B,46,conflict,norm_matched,6,final,150,0.0,0.0,0.0332615040242672,0.04515606537461281,0.022649627178907394,0.0,0.0,1.0,0.0,1.0,0.010611876845359802,-0.011894561350345612
test:879,Qwen3-8B,46,conflict,norm_matched,6,final,101,0.0,0.0,0.03189726918935776,0.020371560007333755,0.02756805159151554,0.0,0.0,0.0,0.0,1.0,0.0043292175978422165,0.011525709182024002
test:1902,Qwen3-8B,46,conflict,norm_matched,6,final,395,0.0,0.0,0.025879889726638794,0.031550854444503784,0.03514090180397034,0.0,0.0,0.0,0.0,0.0,-0.009261012077331543,-0.00567096471786499
test:1933,Qwen3-8B,46,conflict,norm_matched,6,final,40,0.0,0.0,0.03284449875354767,0.02644936367869377,0.011243571527302265,0.0,0.0,1.0,0.0,1.0,0.021600927226245403,0.006395135074853897
test:577,Qwen3-8B,46,conflict,norm_matched,6,final,367,0.0,0.0,0.021353844553232193,0.0268204677850008,0.030932102352380753,0.0,0.0,0.0,0.0,0.0,-0.00957825779914856,-0.005466623231768608
test:1749,Qwen3-8B,46,conflict,norm_matched,6,final,214,0.0,0.0,0.02612564153969288,0.028216378763318062,0.02505638264119625,0.0,0.0,1.0,0.0,1.0,0.0010692588984966278,-0.002090737223625183
test:15,Qwen3-8B,46,conflict,norm_matched,6,final,24,0.0,0.0,0.08930711448192596,0.03373623266816139,0.06360441446304321,0.0,0.0,0.0,0.0,1.0,0.02570270001888275,0.05557088181376457
test:1753,Qwen3-8B,46,conflict,norm_matched,6,final,99,0.0,0.0,0.043372005224227905,0.030989373102784157,0.03487527742981911,0.0,0.0,0.0,0.0,1.0,0.008496727794408798,0.012382632121443748
test:665,Qwen3-8B,46,conflict,norm_matched,6,final,176,0.0,0.0,0.034903883934020996,0.027163514867424965,0.025861887261271477,0.0,0.0,1.0,0.0,1.0,0.00904199667274952,0.007740369066596031
test:569,Qwen3-8B,46,conflict,norm_matched,6,final,148,0.0,0.0,0.04747909680008888,0.025261791422963142,0.019667865708470345,0.0,0.0,1.0,0.0,1.0,0.027811231091618538,0.02221730537712574
test:1203,Qwen3-8B,46,conflict,norm_matched,6,final,14,0.0,0.0,0.032491687685251236,0.03814532235264778,0.024990171194076538,0.0,0.0,1.0,0.0,1.0,0.007501516491174698,-0.005653634667396545
test:2105,Qwen3-8B,46,conflict,norm_matched,6,final,18,0.0,0.0,0.10689952224493027,0.09977655112743378,0.1140793189406395,0.0,0.0,0.0,0.0,0.0,-0.0071797966957092285,0.0071229711174964905
test:426,Qwen3-8B,46,conflict,norm_matched,6,final,18,0.0,0.0,0.029001384973526,0.02580895461142063,0.022119326516985893,0.0,0.0,1.0,0.0,1.0,0.006882058456540108,0.0031924303621053696
test:123,Qwen3-8B,46,conflict,norm_matched,6,final,317,0.0,0.0,0.03788706660270691,0.02230161800980568,0.027108781039714813,0.0,0.0,0.0,0.0,1.0,0.010778285562992096,0.01558544859290123
test:1405,Qwen3-8B,46,conflict,norm_matched,6,final,250,0.0,0.0,0.03450006991624832,0.03310133144259453,0.023163385689258575,0.0,0.0,1.0,0.0,1.0,0.011336684226989746,0.0013987384736537933
test:796,Qwen3-8B,46,conflict,norm_matched,6,final,187,0.0,0.0,0.028737038373947144,0.03309673070907593,0.052438121289014816,0.0,0.0,0.0,0.0,0.0,-0.023701082915067673,-0.004359692335128784
test:2166,Qwen3-8B,46,conflict,norm_matched,6,final,185,0.0,0.0,0.043991975486278534,0.0534508116543293,0.026006989181041718,0.0,0.0,1.0,0.0,1.0,0.017984986305236816,-0.009458836168050766
test:1179,Qwen3-8B,46,conflict,norm_matched,6,final,53,0.0,0.0,0.03515646234154701,0.028947843238711357,0.029099933803081512,0.0,0.0,0.0,0.0,1.0,0.0060565285384655,0.006208619102835655
test:375,Qwen3-8B,46,conflict,norm_matched,6,final,142,0.0,0.0,0.03198286145925522,0.028721841052174568,0.015380015596747398,0.0,0.0,1.0,0.0,1.0,0.01660284586250782,0.0032610204070806503
test:1143,Qwen3-8B,46,conflict,norm_matched,6,final,112,0.0,0.0,0.05709434673190117,0.04428232088685036,0.04516950622200966,0.0,0.0,0.0,0.0,1.0,0.01192484050989151,0.012812025845050812
test:1882,Qwen3-8B,46,conflict,norm_matched,6,final,246,0.0,0.0,0.03587190806865692,0.03148554265499115,0.046210676431655884,0.0,0.0,0.0,0.0,0.0,-0.010338768362998962,0.0043863654136657715
test:404,Qwen3-8B,46,conflict,norm_matched,6,final,90,0.0,0.0,0.027666976675391197,0.02251308038830757,0.01676805689930916,0.0,0.0,1.0,0.0,1.0,0.010898919776082039,0.005153896287083626
test:2056,Qwen3-8B,46,conflict,norm_matched,6,final,308,0.0,0.0,0.050705283880233765,0.04749255254864693,0.040522560477256775,0.0,0.0,1.0,0.0,1.0,0.01018272340297699,0.0032127313315868378
test:1331,Qwen3-8B,46,conflict,norm_matched,6,final,104,0.0,0.0,0.04167543724179268,0.04757033288478851,0.03740161657333374,0.0,0.0,1.0,0.0,1.0,0.004273820668458939,-0.005894895642995834
test:2255,Qwen3-8B,46,conflict,norm_matched,6,final,357,0.0,0.0,0.010081397369503975,0.05686546117067337,0.01667095348238945,0.0,0.0,1.0,0.0,0.0,-0.006589556112885475,-0.046784063801169395
test:1122,Qwen3-8B,46,conflict,norm_matched,6,final,166,0.0,0.0,0.04111291468143463,0.03966135531663895,0.0426052063703537,0.0,0.0,0.0,0.0,0.0,-0.0014922916889190674,0.0014515593647956848
test:1063,Qwen3-8B,46,conflict,norm_matched,6,final,124,0.0,0.0,0.022144638001918793,-0.0016113753663375974,0.04708203673362732,0.0,0.0,0.0,0.0,0.0,-0.024937398731708527,0.02375601336825639
test:1994,Qwen3-8B,46,conflict,norm_matched,6,final,161,0.0,0.0,0.030982770025730133,0.04459434747695923,0.04025927931070328,0.0,0.0,1.0,0.0,0.0,-0.009276509284973145,-0.013611577451229095
test:2291,Qwen3-8B,46,conflict,norm_matched,6,final,126,0.0,0.0,0.023690490052103996,0.034346360713243484,0.020998036488890648,0.0,0.0,1.0,0.0,1.0,0.0026924535632133484,-0.010655870661139488
test:287,Qwen3-8B,46,conflict,norm_matched,6,final,426,0.0,0.0,0.04349783807992935,0.03991534188389778,0.020921975374221802,0.0,0.0,1.0,0.0,1.0,0.02257586270570755,0.0035824961960315704
test:1257,Qwen3-8B,46,conflict,norm_matched,6,final,103,0.0,0.0,0.031210273504257202,0.01725025475025177,0.01969827339053154,0.0,0.0,0.0,0.0,1.0,0.011512000113725662,0.013960018754005432
test:564,Qwen3-8B,46,conflict,norm_matched,6,final,124,0.0,0.0,0.024224672466516495,0.023504801094532013,0.02388399839401245,0.0,0.0,0.0,0.0,1.0,0.0003406740725040436,0.0007198713719844818
test:1836,Qwen3-8B,46,conflict,norm_matched,6,final,205,0.0,0.0,0.037921130657196045,0.04550032690167427,0.05053986236453056,0.0,0.0,0.0,0.0,0.0,-0.012618731707334518,-0.007579196244478226
test:1915,Qwen3-8B,46,conflict,norm_matched,6,final,166,0.0,0.0,0.03932939097285271,0.07186120748519897,0.003955898340791464,0.0,0.0,1.0,0.0,1.0,0.03537349263206124,-0.03253181651234627
test:444,Qwen3-8B,46,conflict,norm_matched,6,final,312,0.0,0.0,0.03210064396262169,0.03306221589446068,0.028683586046099663,0.0,0.0,1.0,0.0,1.0,0.003417057916522026,-0.0009615719318389893
test:2176,Qwen3-8B,46,conflict,norm_matched,6,final,141,0.0,0.0,0.021269598975777626,0.01974206231534481,0.0195716954767704,0.0,0.0,1.0,0.0,1.0,0.001697903499007225,0.0015275366604328156
test:2145,Qwen3-8B,46,conflict,norm_matched,6,final,182,0.0,0.0,0.02784390188753605,0.04416481405496597,0.011256142519414425,0.0,0.0,1.0,0.0,1.0,0.016587759368121624,-0.016320912167429924
test:1174,Qwen3-8B,46,conflict,norm_matched,6,final,141,0.0,0.0,0.02027205191552639,0.025878768414258957,0.026852566748857498,0.0,0.0,0.0,0.0,0.0,-0.006580514833331108,-0.005606716498732567
test:1230,Qwen3-8B,46,conflict,norm_matched,6,final,167,0.0,0.0,0.028331488370895386,0.03193465247750282,0.02369409054517746,0.0,0.0,1.0,0.0,1.0,0.004637397825717926,-0.003603164106607437
test:1244,Qwen3-8B,46,conflict,norm_matched,6,final,300,0.0,0.0,0.02574688196182251,0.03441997617483139,0.013231064192950726,0.0,0.0,1.0,0.0,1.0,0.012515817768871784,-0.00867309421300888
test:606,Qwen3-8B,46,conflict,norm_matched,6,final,193,0.0,0.0,0.05337964743375778,0.01397697813808918,0.026154667139053345,0.0,0.0,0.0,0.0,1.0,0.027224980294704437,0.0394026692956686
test:304,Qwen3-8B,46,conflict,norm_matched,6,final,53,0.0,0.0,0.022633343935012817,0.02007032372057438,0.024206064641475677,0.0,0.0,0.0,0.0,0.0,-0.00157272070646286,0.0025630202144384384
test:1390,Qwen3-8B,46,conflict,norm_matched,6,final,169,0.0,0.0,0.05136691778898239,0.030279211699962616,0.028438780456781387,0.0,0.0,1.0,0.0,1.0,0.022928137332201004,0.021087706089019775
test:1729,Qwen3-8B,46,conflict,norm_matched,6,final,100,0.0,0.0,0.034215833991765976,0.040913715958595276,0.029674947261810303,0.0,0.0,1.0,0.0,1.0,0.004540886729955673,-0.0066978819668293
test:1454,Qwen3-8B,46,conflict,norm_matched,6,final,27,0.0,0.0,0.04170503467321396,0.05050847679376602,0.06514164805412292,0.0,0.0,0.0,0.0,0.0,-0.023436613380908966,-0.008803442120552063
test:858,Qwen3-8B,46,conflict,norm_matched,6,final,88,0.0,0.0,0.032068729400634766,0.043654173612594604,0.0043746610172092915,0.0,0.0,1.0,0.0,1.0,0.027694068383425474,-0.011585444211959839
test:771,Qwen3-8B,46,conflict,norm_matched,6,final,805,0.0,0.0,0.030181951820850372,0.04232069477438927,0.041723981499671936,0.0,0.0,1.0,0.0,0.0,-0.011542029678821564,-0.012138742953538895
test:660,Qwen3-8B,46,conflict,norm_matched,6,final,107,0.0,0.0,0.025630051270127296,0.019490843638777733,0.022974591702222824,0.0,0.0,0.0,0.0,1.0,0.0026554595679044724,0.006139207631349564
test:888,Qwen3-8B,46,conflict,norm_matched,6,final,215,0.0,0.0,0.02793392539024353,0.026331555098295212,0.023746054619550705,0.0,0.0,1.0,0.0,1.0,0.004187870770692825,0.0016023702919483185
test:413,Qwen3-8B,46,conflict,norm_matched,6,final,236,0.0,0.0,0.030716342851519585,0.012767428532242775,0.03363896533846855,0.0,0.0,0.0,0.0,0.0,-0.002922622486948967,0.01794891431927681
test:130,Qwen3-8B,46,conflict,norm_matched,6,final,79,0.0,0.0,0.07118160277605057,0.06005735695362091,0.05849051475524902,0.0,0.0,1.0,0.0,1.0,0.012691088020801544,0.011124245822429657
test:1147,Qwen3-8B,46,conflict,norm_matched,6,final,59,0.0,0.0,0.0632195845246315,0.03004199080169201,0.032993052154779434,0.0,0.0,0.0,0.0,1.0,0.030226532369852066,0.03317759372293949
test:42,Qwen3-8B,46,conflict,norm_matched,6,final,119,0.0,0.0,0.03472442179918289,0.01894097402691841,0.033976659178733826,0.0,0.0,0.0,0.0,1.0,0.0007477626204490662,0.01578344777226448
test:1114,Qwen3-8B,46,conflict,norm_matched,6,final,166,0.0,0.0,0.07862535864114761,0.06101126968860626,0.07082756608724594,0.0,0.0,0.0,0.0,1.0,0.007797792553901672,0.01761408895254135
test:1302,Qwen3-8B,46,conflict,norm_matched,6,final,94,0.0,0.0,0.03050551749765873,0.030513236299157143,0.02575266733765602,0.0,0.0,1.0,0.0,1.0,0.0047528501600027084,-7.718801498413086e-06
test:662,Qwen3-8B,46,conflict,norm_matched,6,final,299,0.0,0.0,0.03422313183546066,0.03395037725567818,0.03360557556152344,0.0,0.0,1.0,0.0,1.0,0.0006175562739372253,0.00027275457978248596
test:705,Qwen3-8B,46,conflict,norm_matched,6,final,302,0.0,0.0,0.041593924164772034,0.0218490082770586,0.02958369441330433,0.0,0.0,0.0,0.0,1.0,0.012010229751467705,0.019744915887713432
test:1413,Qwen3-8B,46,conflict,norm_matched,6,final,291,0.0,0.0,0.03620234131813049,0.033864352852106094,0.028227176517248154,0.0,0.0,1.0,0.0,1.0,0.00797516480088234,0.002337988466024399
test:940,Qwen3-8B,46,conflict,norm_matched,6,final,212,0.0,0.0,0.04924485832452774,0.046407997608184814,0.03615972399711609,0.0,0.0,1.0,0.0,1.0,0.013085134327411652,0.002836860716342926
test:2162,Qwen3-8B,46,conflict,norm_matched,6,final,102,0.0,0.0,0.01169675961136818,0.012723518535494804,0.0001363348710583523,0.0,0.0,1.0,0.0,1.0,0.011560424740309827,-0.001026758924126625
test:51,Qwen3-8B,46,conflict,norm_matched,6,final,78,0.0,0.0,0.07063663005828857,0.06707655638456345,0.08768194168806076,0.0,0.0,0.0,0.0,0.0,-0.017045311629772186,0.003560073673725128
test:914,Qwen3-8B,46,conflict,norm_matched,6,final,283,0.0,0.0,0.019784724339842796,0.059278231114149094,-0.009016105905175209,0.0,0.0,1.0,0.0,1.0,0.028800830245018005,-0.0394935067743063
test:1558,Qwen3-8B,46,conflict,norm_matched,6,final,147,0.0,0.0,0.07312019914388657,0.059598345309495926,0.06346407532691956,0.0,0.0,0.0,0.0,1.0,0.00965612381696701,0.01352185383439064
test:351,Qwen3-8B,46,conflict,norm_matched,6,final,114,0.0,0.0,0.042564716190099716,0.020710501819849014,0.01681005023419857,0.0,0.0,1.0,0.0,1.0,0.025754665955901146,0.021854214370250702
test:1503,Qwen3-8B,46,conflict,norm_matched,6,final,125,0.0,0.0,0.04703749343752861,0.04475301131606102,0.032672520726919174,0.0,0.0,1.0,0.0,1.0,0.014364972710609436,0.0022844821214675903
test:1138,Qwen3-8B,46,conflict,norm_matched,6,final,60,0.0,0.0,0.025438053533434868,0.020270148292183876,0.011339778080582619,0.0,0.0,1.0,0.0,1.0,0.01409827545285225,0.005167905241250992
test:1205,Qwen3-8B,46,conflict,norm_matched,6,final,24,0.0,0.0,0.04159567877650261,0.04802662879228592,-0.006557154934853315,0.0,0.0,1.0,0.0,1.0,0.048152833711355925,-0.00643095001578331
test:279,Qwen3-8B,46,conflict,norm_matched,6,final,108,0.0,0.0,0.03464437276124954,0.029480241239070892,0.020731862634420395,0.0,0.0,1.0,0.0,1.0,0.013912510126829147,0.00516413152217865
test:1783,Qwen3-8B,46,conflict,norm_matched,6,final,151,0.0,0.0,0.03318410366773605,0.03455617278814316,0.007660418748855591,0.0,0.0,1.0,0.0,1.0,0.025523684918880463,-0.0013720691204071045
test:684,Qwen3-8B,46,conflict,norm_matched,6,final,230,0.0,0.0,0.057237379252910614,0.02408626303076744,0.04044317454099655,0.0,0.0,0.0,0.0,1.0,0.016794204711914062,0.03315111622214317
test:158,Qwen3-8B,46,conflict,norm_matched,6,final,527,0.0,0.0,0.04018546640872955,0.04516735300421715,0.04767586290836334,0.0,0.0,0.0,0.0,0.0,-0.007490396499633789,-0.004981886595487595
test:295,Qwen3-8B,46,conflict,norm_matched,6,final,186,0.0,0.0,0.03660072013735771,0.0335477776825428,0.01442804466933012,0.0,0.0,1.0,0.0,1.0,0.02217267546802759,0.003052942454814911
test:1988,Qwen3-8B,46,conflict,norm_matched,6,final,117,0.0,0.0,0.03576677665114403,0.027458572760224342,0.02487342618405819,0.0,0.0,1.0,0.0,1.0,0.010893350467085838,0.008308203890919685
test:1735,Qwen3-8B,46,conflict,norm_matched,6,final,718,0.0,0.0,0.021990075707435608,0.022884024307131767,0.015983950346708298,0.0,0.0,1.0,0.0,1.0,0.00600612536072731,-0.0008939485996961594
test:179,Qwen3-8B,46,conflict,norm_matched,6,final,152,0.0,0.0,0.04286060854792595,0.0593220479786396,0.0046952576376497746,0.0,0.0,1.0,0.0,1.0,0.038165350910276175,-0.016461439430713654
test:1458,Qwen3-8B,46,conflict,norm_matched,6,final,137,0.0,0.0,0.03578660264611244,0.03792406618595123,-0.013834042474627495,0.0,0.0,1.0,0.0,1.0,0.04962064512073994,-0.002137463539838791
test:2202,Qwen3-8B,47,benign,norm_matched,6,final,5,0.0,0.0,0.018550893291831017,0.018550893291831017,0.023374482989311218,0.0,0.0,0.0,0.0,0.0,-0.004823589697480202,0.0
test:1068,Qwen3-8B,47,benign,norm_matched,6,final,15,0.0,0.0,0.04248104989528656,0.04208176210522652,0.04248104989528656,0.0,0.0,0.0,0.0,0.0,0.0,0.00039928779006004333
test:913,Qwen3-8B,47,benign,norm_matched,6,final,38,0.0,0.0,0.009863671846687794,0.016749488189816475,0.016704345121979713,0.0,0.0,1.0,0.0,0.0,-0.00684067327529192,-0.006885816343128681
test:1076,Qwen3-8B,47,benign,norm_matched,6,final,27,0.0,0.0,0.012551766820251942,0.03724002093076706,0.025824004784226418,0.0,0.0,1.0,0.0,0.0,-0.013272237963974476,-0.024688254110515118
test:563,Qwen3-8B,47,benign,norm_matched,6,final,25,0.0,0.0,0.015797166153788567,0.016066424548625946,0.02636353112757206,0.0,0.0,0.0,0.0,0.0,-0.010566364973783493,-0.00026925839483737946
test:463,Qwen3-8B,47,benign,norm_matched,6,final,29,0.0,0.0,0.01792110502719879,0.02182602882385254,0.01948607712984085,0.0,0.0,1.0,0.0,0.0,-0.0015649721026420593,-0.0039049237966537476
test:1684,Qwen3-8B,47,benign,norm_matched,6,final,29,0.0,0.0,0.026147998869419098,0.036126960068941116,0.03402604162693024,0.0,0.0,1.0,0.0,0.0,-0.007878042757511139,-0.009978961199522018
test:2243,Qwen3-8B,47,benign,norm_matched,6,final,39,0.0,0.0,0.05555352941155434,0.04976780340075493,0.0423014871776104,0.0,0.0,1.0,0.0,1.0,0.01325204223394394,0.005785726010799408
test:1507,Qwen3-8B,47,benign,norm_matched,6,final,36,0.0,0.0,0.026120707392692566,0.06190505251288414,0.046463336795568466,0.0,0.0,1.0,0.0,0.0,-0.0203426294028759,-0.035784345120191574
test:797,Qwen3-8B,47,benign,norm_matched,6,final,31,0.0,0.0,0.029530884698033333,0.029906777665019035,0.028807969763875008,0.0,0.0,1.0,0.0,1.0,0.0007229149341583252,-0.0003758929669857025
test:991,Qwen3-8B,47,benign,norm_matched,6,final,40,0.0,0.0,0.03091157227754593,0.030911728739738464,0.03192680701613426,0.0,0.0,0.0,0.0,0.0,-0.0010152347385883331,-1.564621925354004e-07
test:109,Qwen3-8B,47,benign,norm_matched,6,final,23,0.0,0.0,0.03428584709763527,0.029563112184405327,0.01732722669839859,0.0,0.0,1.0,0.0,1.0,0.01695862039923668,0.004722734913229942
test:1456,Qwen3-8B,47,benign,norm_matched,6,final,15,0.0,0.0,0.0394301675260067,0.0406775176525116,0.03568048030138016,0.0,0.0,1.0,0.0,1.0,0.003749687224626541,-0.001247350126504898
test:1171,Qwen3-8B,47,benign,norm_matched,6,final,30,0.0,0.0,0.012467408552765846,0.02699217014014721,0.032836396247148514,0.0,0.0,0.0,0.0,0.0,-0.020368987694382668,-0.014524761587381363
test:1045,Qwen3-8B,47,benign,norm_matched,6,final,36,0.0,0.0,0.022841695696115494,0.04116295650601387,0.01616520620882511,0.0,0.0,1.0,0.0,1.0,0.006676489487290382,-0.018321260809898376
test:897,Qwen3-8B,47,benign,norm_matched,6,final,28,0.0,0.0,0.03153492137789726,0.03125502169132233,0.03049316257238388,0.0,0.0,1.0,0.0,1.0,0.001041758805513382,0.0002798996865749359
test:427,Qwen3-8B,47,benign,norm_matched,6,final,5,0.0,0.0,0.03734521195292473,0.030951503664255142,0.03279354050755501,0.0,0.0,0.0,0.0,1.0,0.0045516714453697205,0.006393708288669586
test:536,Qwen3-8B,47,benign,norm_matched,6,final,36,0.0,0.0,0.016099466010928154,0.04030132666230202,0.024125711992383003,0.0,0.0,1.0,0.0,0.0,-0.00802624598145485,-0.024201860651373863
test:1556,Qwen3-8B,47,benign,norm_matched,6,final,32,0.0,0.0,0.03052065148949623,0.021890928968787193,0.031628306955099106,0.0,0.0,0.0,0.0,0.0,-0.0011076554656028748,0.008629722520709038
test:1638,Qwen3-8B,47,benign,norm_matched,6,final,42,0.0,0.0,0.022728461772203445,0.028568774461746216,0.025720244273543358,0.0,0.0,1.0,0.0,0.0,-0.0029917825013399124,-0.00584031268954277
test:481,Qwen3-8B,47,benign,norm_matched,6,final,35,0.0,0.0,0.010547981597483158,0.030039548873901367,0.036054398864507675,0.0,0.0,0.0,0.0,0.0,-0.025506417267024517,-0.01949156727641821
test:640,Qwen3-8B,47,benign,norm_matched,6,final,33,0.0,0.0,0.015140400268137455,0.03218264877796173,0.02387271448969841,0.0,0.0,1.0,0.0,0.0,-0.008732314221560955,-0.017042248509824276
test:903,Qwen3-8B,47,benign,norm_matched,6,final,27,0.0,0.0,0.04481342062354088,0.026822740212082863,0.03154570981860161,0.0,0.0,0.0,0.0,1.0,0.01326771080493927,0.017990680411458015
test:466,Qwen3-8B,47,benign,norm_matched,6,final,38,0.0,0.0,0.03759812191128731,0.03662761300802231,0.03060600347816944,0.0,0.0,1.0,0.0,1.0,0.0069921184331178665,0.0009705089032649994
test:787,Qwen3-8B,47,benign,norm_matched,6,final,38,0.0,0.0,0.044221170246601105,0.03477362170815468,0.022873124107718468,0.0,0.0,1.0,0.0,1.0,0.021348046138882637,0.009447548538446426
test:63,Qwen3-8B,47,benign,norm_matched,6,final,48,0.0,0.0,0.02006535977125168,0.047407366335392,0.02268475852906704,0.0,0.0,1.0,0.0,0.0,-0.002619398757815361,-0.02734200656414032
test:1639,Qwen3-8B,47,benign,norm_matched,6,final,13,0.0,0.0,0.022106043994426727,0.012345847673714161,0.01274794526398182,0.0,0.0,0.0,0.0,1.0,0.009358098730444908,0.009760196320712566
test:2265,Qwen3-8B,47,benign,norm_matched,6,final,68,0.0,0.0,0.004831064026802778,0.018142802640795708,0.02050267904996872,0.0,0.0,0.0,0.0,0.0,-0.01567161502316594,-0.01331173861399293
test:1745,Qwen3-8B,47,benign,norm_matched,6,final,54,0.0,0.0,0.03398893028497696,0.036397114396095276,0.036690980195999146,0.0,0.0,0.0,0.0,0.0,-0.0027020499110221863,-0.0024081841111183167
test:9,Qwen3-8B,47,benign,norm_matched,6,final,38,0.0,0.0,0.033177558332681656,0.08137275278568268,0.06592001020908356,0.0,0.0,1.0,0.0,0.0,-0.0327424518764019,-0.04819519445300102
test:1279,Qwen3-8B,47,benign,norm_matched,6,final,17,0.0,0.0,0.023861393332481384,0.03613991662859917,0.03790043666958809,0.0,0.0,0.0,0.0,0.0,-0.014039043337106705,-0.012278523296117783
test:576,Qwen3-8B,47,benign,norm_matched,6,final,50,0.0,0.0,0.051937028765678406,0.057423077523708344,0.04822539538145065,0.0,0.0,1.0,0.0,1.0,0.0037116333842277527,-0.005486048758029938
test:2207,Qwen3-8B,47,benign,norm_matched,6,final,54,0.0,0.0,0.022453607991337776,0.04054011404514313,0.038929570466279984,0.0,0.0,1.0,0.0,0.0,-0.016475962474942207,-0.01808650605380535
test:2168,Qwen3-8B,47,benign,norm_matched,6,final,27,0.0,0.0,0.05376152694225311,0.049067962914705276,0.02239176258444786,0.0,0.0,1.0,0.0,1.0,0.03136976435780525,0.004693564027547836
test:805,Qwen3-8B,47,benign,norm_matched,6,final,65,0.0,0.0,0.06810995191335678,0.07015776634216309,0.03743727505207062,0.0,0.0,1.0,0.0,1.0,0.030672676861286163,-0.002047814428806305
test:1197,Qwen3-8B,47,benign,norm_matched,6,final,37,0.0,0.0,0.02810276299715042,0.023731593042612076,0.021593812853097916,0.0,0.0,1.0,0.0,1.0,0.0065089501440525055,0.004371169954538345
test:364,Qwen3-8B,47,benign,norm_matched,6,final,33,0.0,0.0,0.048590291291475296,0.031096089631319046,0.04715454950928688,0.0,0.0,0.0,0.0,1.0,0.0014357417821884155,0.01749420166015625
test:1644,Qwen3-8B,47,benign,norm_matched,6,final,66,0.0,0.0,0.036038532853126526,0.03148322552442551,0.03970971331000328,0.0,0.0,0.0,0.0,0.0,-0.0036711804568767548,0.004555307328701019
test:91,Qwen3-8B,47,benign,norm_matched,6,final,51,0.0,0.0,0.033918533474206924,0.04608168452978134,0.061679743230342865,0.0,0.0,0.0,0.0,0.0,-0.02776120975613594,-0.012163151055574417
test:328,Qwen3-8B,47,benign,norm_matched,6,final,55,0.0,0.0,0.021794937551021576,0.03176862373948097,0.02254372276365757,0.0,0.0,1.0,0.0,0.0,-0.000748785212635994,-0.009973686188459396
test:205,Qwen3-8B,47,benign,norm_matched,6,final,34,0.0,0.0,0.05077790096402168,0.045384448021650314,0.03670845180749893,0.0,0.0,1.0,0.0,1.0,0.01406944915652275,0.005393452942371368
test:1797,Qwen3-8B,47,benign,norm_matched,6,final,54,0.0,0.0,0.015916969627141953,0.026317769661545753,0.02208745665848255,0.0,0.0,1.0,0.0,0.0,-0.006170487031340599,-0.010400800034403801
test:1072,Qwen3-8B,47,benign,norm_matched,6,final,50,0.0,0.0,0.031115904450416565,0.041201069951057434,0.01803530752658844,0.0,0.0,1.0,0.0,1.0,0.013080596923828125,-0.01008516550064087
test:1445,Qwen3-8B,47,benign,norm_matched,6,final,25,0.0,0.0,0.05865415185689926,0.07220671325922012,0.06581086665391922,0.0,0.0,1.0,0.0,0.0,-0.0071567147970199585,-0.013552561402320862
test:630,Qwen3-8B,47,benign,norm_matched,6,final,38,0.0,0.0,0.0772734060883522,0.04052482172846794,0.03396992012858391,0.0,0.0,1.0,0.0,1.0,0.043303485959768295,0.03674858435988426
test:1252,Qwen3-8B,47,benign,norm_matched,6,final,36,0.0,0.0,0.030787523835897446,0.024492505937814713,0.039362430572509766,0.0,0.0,0.0,0.0,0.0,-0.00857490673661232,0.006295017898082733
test:1721,Qwen3-8B,47,benign,norm_matched,6,final,64,0.0,0.0,0.018571985885500908,0.02210959792137146,0.020747873932123184,0.0,0.0,1.0,0.0,0.0,-0.0021758880466222763,-0.003537612035870552
test:236,Qwen3-8B,47,benign,norm_matched,6,final,59,0.0,0.0,0.06541451066732407,0.05651416257023811,0.05529411882162094,0.0,0.0,1.0,0.0,1.0,0.010120391845703125,0.008900348097085953
test:612,Qwen3-8B,47,benign,norm_matched,6,final,49,0.0,0.0,0.01908074878156185,0.023135440424084663,0.025180598720908165,0.0,0.0,0.0,0.0,0.0,-0.0060998499393463135,-0.004054691642522812
test:354,Qwen3-8B,47,benign,norm_matched,6,final,36,0.0,0.0,0.04322373867034912,0.05962434783577919,0.04777444154024124,0.0,0.0,1.0,0.0,0.0,-0.00455070286989212,-0.01640060916543007
test:2047,Qwen3-8B,47,benign,norm_matched,6,final,83,0.0,0.0,0.04905826598405838,0.03559940308332443,0.029182162135839462,0.0,0.0,1.0,0.0,1.0,0.019876103848218918,0.013458862900733948
test:1687,Qwen3-8B,47,benign,norm_matched,6,final,51,0.0,0.0,0.021053636446595192,0.02209591306746006,0.023016884922981262,0.0,0.0,0.0,0.0,0.0,-0.0019632484763860703,-0.0010422766208648682
test:1787,Qwen3-8B,47,benign,norm_matched,6,final,67,0.0,0.0,0.022314179688692093,0.03150687366724014,0.040028899908065796,0.0,0.0,0.0,0.0,0.0,-0.017714720219373703,-0.00919269397854805
test:896,Qwen3-8B,47,benign,norm_matched,6,final,70,0.0,0.0,0.05167520046234131,0.04505109041929245,0.07029420137405396,0.0,0.0,0.0,0.0,0.0,-0.018619000911712646,0.006624110043048859
test:1282,Qwen3-8B,47,benign,norm_matched,6,final,37,0.0,0.0,0.0257045216858387,0.032222773879766464,0.027866756543517113,0.0,0.0,1.0,0.0,0.0,-0.0021622348576784134,-0.006518252193927765
test:1036,Qwen3-8B,47,benign,norm_matched,6,final,53,0.0,0.0,0.016993233934044838,0.017479710280895233,0.015866074711084366,0.0,0.0,1.0,0.0,1.0,0.001127159222960472,-0.0004864763468503952
test:2230,Qwen3-8B,47,benign,norm_matched,6,final,65,0.0,0.0,0.04824752360582352,0.041089288890361786,0.046100202947854996,0.0,0.0,0.0,0.0,1.0,0.002147320657968521,0.007158234715461731
test:376,Qwen3-8B,47,benign,norm_matched,6,final,95,0.0,0.0,0.04948580265045166,0.05307251587510109,0.04932393878698349,0.0,0.0,1.0,0.0,1.0,0.00016186386346817017,-0.0035867132246494293
test:1544,Qwen3-8B,47,benign,norm_matched,6,final,36,0.0,0.0,0.025721218436956406,0.030310029163956642,0.027767017483711243,0.0,0.0,1.0,0.0,0.0,-0.002045799046754837,-0.0045888107270002365
test:863,Qwen3-8B,47,benign,norm_matched,6,final,65,0.0,0.0,0.027109108865261078,0.04058244824409485,0.039898648858070374,0.0,0.0,1.0,0.0,0.0,-0.012789539992809296,-0.01347333937883377
test:2292,Qwen3-8B,47,benign,norm_matched,6,final,79,0.0,0.0,0.017329899594187737,0.010466779582202435,0.01677709072828293,0.0,0.0,0.0,0.0,1.0,0.000552808865904808,0.006863120011985302
test:392,Qwen3-8B,47,benign,norm_matched,6,final,16,0.0,0.0,0.04201604053378105,0.02213100716471672,0.028466351330280304,0.0,0.0,0.0,0.0,1.0,0.013549689203500748,0.01988503336906433
test:1675,Qwen3-8B,47,benign,norm_matched,6,final,36,0.0,0.0,0.020098499953746796,0.023272579535841942,0.021734239533543587,0.0,0.0,1.0,0.0,0.0,-0.001635739579796791,-0.003174079582095146
test:1718,Qwen3-8B,47,benign,norm_matched,6,final,4,0.0,0.0,0.04445268586277962,0.042125359177589417,0.04166904091835022,0.0,0.0,1.0,0.0,1.0,0.0027836449444293976,0.002327326685190201
test:1150,Qwen3-8B,47,benign,norm_matched,6,final,10,0.0,0.0,0.01776188798248768,0.014053578488528728,0.010610914789140224,0.0,0.0,1.0,0.0,1.0,0.007150973193347454,0.00370830949395895
test:1659,Qwen3-8B,47,benign,norm_matched,6,final,68,0.0,0.0,0.0193010400980711,0.01894564926624298,0.018922319635748863,0.0,0.0,1.0,0.0,1.0,0.0003787204623222351,0.00035539083182811737
test:1213,Qwen3-8B,47,benign,norm_matched,6,final,70,0.0,0.0,-0.0035519241355359554,0.04359908401966095,0.02489594556391239,0.0,0.0,1.0,0.0,0.0,-0.028447869699448347,-0.047151008155196905
test:1037,Qwen3-8B,47,benign,norm_matched,6,final,65,0.0,0.0,0.016678251326084137,0.02336476929485798,0.013749729841947556,0.0,0.0,1.0,0.0,1.0,0.0029285214841365814,-0.006686517968773842
test:1201,Qwen3-8B,47,benign,norm_matched,6,final,61,0.0,0.0,0.05831369385123253,0.04780704155564308,0.03591059148311615,0.0,0.0,1.0,0.0,1.0,0.02240310236811638,0.010506652295589447
test:1093,Qwen3-8B,47,benign,norm_matched,6,final,72,0.0,0.0,0.025668423622846603,0.04129748046398163,0.030604345723986626,0.0,0.0,1.0,0.0,0.0,-0.004935922101140022,-0.015629056841135025
test:37,Qwen3-8B,47,benign,norm_matched,6,final,80,0.0,0.0,0.0289890356361866,0.07070042192935944,0.040690869092941284,0.0,0.0,1.0,0.0,0.0,-0.011701833456754684,-0.041711386293172836
test:785,Qwen3-8B,47,benign,norm_matched,6,final,72,0.0,0.0,0.04213561490178108,0.042697418481111526,0.04079759865999222,0.0,0.0,1.0,0.0,1.0,0.0013380162417888641,-0.0005618035793304443
test:1842,Qwen3-8B,47,benign,norm_matched,6,final,80,0.0,0.0,0.034578558057546616,0.04115334525704384,0.03280927240848541,0.0,0.0,1.0,0.0,1.0,0.001769285649061203,-0.006574787199497223
test:1860,Qwen3-8B,47,benign,norm_matched,6,final,33,0.0,0.0,0.02362508699297905,0.019270537421107292,0.009800916537642479,0.0,0.0,1.0,0.0,1.0,0.01382417045533657,0.0043545495718717575
test:963,Qwen3-8B,47,benign,norm_matched,6,final,82,0.0,0.0,0.03590640798211098,0.06303268671035767,0.025236312299966812,0.0,0.0,1.0,0.0,1.0,0.010670095682144165,-0.02712627872824669
test:827,Qwen3-8B,47,benign,norm_matched,6,final,67,0.0,0.0,0.029456742107868195,0.028239857405424118,0.02743643708527088,0.0,0.0,1.0,0.0,1.0,0.002020305022597313,0.0012168847024440765
test:17,Qwen3-8B,47,benign,norm_matched,6,final,97,0.0,0.0,0.03439265489578247,0.031544994562864304,0.047630295157432556,0.0,0.0,0.0,0.0,0.0,-0.013237640261650085,0.002847660332918167
test:1937,Qwen3-8B,47,benign,norm_matched,6,final,59,0.0,0.0,0.04136936739087105,0.03694571182131767,0.03979525342583656,0.0,0.0,0.0,0.0,1.0,0.0015741139650344849,0.004423655569553375
test:765,Qwen3-8B,47,benign,norm_matched,6,final,29,0.0,0.0,0.07111142575740814,0.05672203004360199,0.048937827348709106,0.0,0.0,1.0,0.0,1.0,0.022173598408699036,0.014389395713806152
test:2008,Qwen3-8B,47,benign,norm_matched,6,final,50,0.0,0.0,0.035535991191864014,0.036794260144233704,0.04102177545428276,0.0,0.0,0.0,0.0,0.0,-0.005485784262418747,-0.00125826895236969
test:520,Qwen3-8B,47,benign,norm_matched,6,final,10,0.0,0.0,0.03721769154071808,0.04351745918393135,0.03401812165975571,0.0,0.0,1.0,0.0,1.0,0.003199569880962372,-0.006299767643213272
test:1124,Qwen3-8B,47,benign,norm_matched,6,final,74,0.0,0.0,0.006988197099417448,0.016539668664336205,0.015536499209702015,0.0,0.0,1.0,0.0,0.0,-0.008548302110284567,-0.009551471564918756
test:459,Qwen3-8B,47,benign,norm_matched,6,final,89,0.0,0.0,0.01880921795964241,0.030198542401194572,0.02923225238919258,0.0,0.0,1.0,0.0,0.0,-0.010423034429550171,-0.011389324441552162
test:177,Qwen3-8B,47,benign,norm_matched,6,final,95,0.0,0.0,0.017515946179628372,0.026380395516753197,0.024590233340859413,0.0,0.0,1.0,0.0,0.0,-0.007074287161231041,-0.008864449337124825
test:192,Qwen3-8B,47,benign,norm_matched,6,final,90,0.0,0.0,0.042570896446704865,0.03440627083182335,0.04298889636993408,0.0,0.0,0.0,0.0,0.0,-0.00041799992322921753,0.008164625614881516
test:2160,Qwen3-8B,47,benign,norm_matched,6,final,94,0.0,0.0,0.028347324579954147,0.03798448294401169,0.031420327723026276,0.0,0.0,1.0,0.0,0.0,-0.0030730031430721283,-0.009637158364057541
test:1617,Qwen3-8B,47,benign,norm_matched,6,final,64,0.0,0.0,0.022342456504702568,0.016930945217609406,0.012295149266719818,0.0,0.0,1.0,0.0,1.0,0.01004730723798275,0.0054115112870931625
test:100,Qwen3-8B,47,benign,norm_matched,6,final,33,0.0,0.0,0.0207196231931448,0.042587798088788986,0.037534233182668686,0.0,0.0,1.0,0.0,0.0,-0.016814609989523888,-0.021868174895644188
test:693,Qwen3-8B,47,benign,norm_matched,6,final,4,0.0,0.0,0.032632019370794296,0.03292861953377724,0.030070835724473,0.0,0.0,1.0,0.0,1.0,0.0025611836463212967,-0.0002966001629829407
test:195,Qwen3-8B,47,benign,norm_matched,6,final,13,0.0,0.0,0.01547953486442566,0.015635831281542778,0.01548827439546585,0.0,0.0,1.0,0.0,0.0,-8.73953104019165e-06,-0.00015629641711711884
test:114,Qwen3-8B,47,benign,norm_matched,6,final,89,0.0,0.0,0.03680514544248581,0.03163721412420273,0.031230786815285683,0.0,0.0,1.0,0.0,1.0,0.005574358627200127,0.005167931318283081
test:2205,Qwen3-8B,47,benign,norm_matched,6,final,85,0.0,0.0,0.015884999185800552,0.036767035722732544,0.040840502828359604,0.0,0.0,0.0,0.0,0.0,-0.02495550364255905,-0.02088203653693199
test:1380,Qwen3-8B,47,benign,norm_matched,6,final,39,0.0,0.0,0.054627254605293274,0.04202079400420189,0.04231655225157738,0.0,0.0,0.0,0.0,1.0,0.012310702353715897,0.012606460601091385
test:668,Qwen3-8B,47,benign,norm_matched,6,final,26,0.0,0.0,0.020091181620955467,0.024495305493474007,0.015869541093707085,0.0,0.0,1.0,0.0,1.0,0.004221640527248383,-0.004404123872518539
test:874,Qwen3-8B,47,benign,norm_matched,6,final,80,0.0,0.0,0.03727199509739876,0.05121135711669922,0.043307073414325714,0.0,0.0,1.0,0.0,0.0,-0.006035078316926956,-0.01393936201930046
test:1824,Qwen3-8B,47,benign,norm_matched,6,final,66,0.0,0.0,0.024665579199790955,0.030458109453320503,0.01124571356922388,0.0,0.0,1.0,0.0,1.0,0.013419865630567074,-0.005792530253529549
test:1248,Qwen3-8B,47,benign,norm_matched,6,final,33,0.0,0.0,0.07022591680288315,0.045304179191589355,0.0015171492705121636,0.0,0.0,1.0,0.0,1.0,0.06870876753237098,0.024921737611293793
test:714,Qwen3-8B,47,benign,norm_matched,6,final,83,0.0,0.0,0.04339942708611488,0.04728521406650543,0.03592139109969139,0.0,0.0,1.0,0.0,1.0,0.007478035986423492,-0.0038857869803905487
test:133,Qwen3-8B,47,benign,norm_matched,6,final,65,0.0,0.0,0.014693752862513065,0.01749473065137863,0.013299395330250263,0.0,0.0,1.0,0.0,1.0,0.0013943575322628021,-0.0028009777888655663
test:162,Qwen3-8B,47,benign,norm_matched,6,final,29,0.0,0.0,0.036188267171382904,0.038535457104444504,0.03981546312570572,0.0,0.0,0.0,0.0,0.0,-0.003627195954322815,-0.0023471899330615997
test:2079,Qwen3-8B,47,benign,norm_matched,6,final,40,0.0,0.0,0.012696389108896255,0.021732566878199577,0.019817078486084938,0.0,0.0,1.0,0.0,0.0,-0.0071206893771886826,-0.009036177769303322
test:1795,Qwen3-8B,47,benign,norm_matched,6,final,26,0.0,0.0,0.06881599873304367,0.03709864988923073,0.026917263865470886,0.0,0.0,1.0,0.0,1.0,0.041898734867572784,0.03171734884381294
test:1760,Qwen3-8B,47,benign,norm_matched,6,final,74,0.0,0.0,0.021008118987083435,0.01980210654437542,0.02094239741563797,0.0,0.0,0.0,0.0,1.0,6.572157144546509e-05,0.0012060124427080154
test:1424,Qwen3-8B,47,benign,norm_matched,6,final,38,0.0,0.0,0.036318376660346985,0.03208855912089348,0.023851264268159866,0.0,0.0,1.0,0.0,1.0,0.012467112392187119,0.0042298175394535065
test:62,Qwen3-8B,47,benign,norm_matched,6,final,64,0.0,0.0,0.041666463017463684,0.03568577021360397,0.018724555149674416,0.0,0.0,1.0,0.0,1.0,0.02294190786778927,0.005980692803859711
test:522,Qwen3-8B,47,benign,norm_matched,6,final,144,0.0,0.0,0.039346639066934586,0.05341830104589462,0.04647373780608177,0.0,0.0,1.0,0.0,0.0,-0.007127098739147186,-0.014071661978960037
test:1227,Qwen3-8B,47,benign,norm_matched,6,final,38,0.0,0.0,0.05149321258068085,0.04681151360273361,0.04481379687786102,0.0,0.0,1.0,0.0,1.0,0.006679415702819824,0.004681698977947235
test:397,Qwen3-8B,47,benign,norm_matched,6,final,94,0.0,0.0,0.017647508531808853,0.01863616146147251,0.015454663895070553,0.0,0.0,1.0,0.0,1.0,0.0021928446367383003,-0.0009886529296636581
test:374,Qwen3-8B,47,benign,norm_matched,6,final,37,0.0,0.0,0.03755277767777443,0.027998296543955803,0.03173096477985382,0.0,0.0,0.0,0.0,1.0,0.0058218128979206085,0.009554481133818626
test:1078,Qwen3-8B,47,benign,norm_matched,6,final,102,0.0,0.0,0.03306085243821144,0.029466120526194572,0.03451651334762573,0.0,0.0,0.0,0.0,0.0,-0.0014556609094142914,0.0035947319120168686
test:1664,Qwen3-8B,47,benign,norm_matched,6,final,16,0.0,0.0,0.04037409648299217,0.03640042245388031,0.029690224677324295,0.0,0.0,1.0,0.0,1.0,0.010683871805667877,0.003973674029111862
test:1818,Qwen3-8B,47,benign,norm_matched,6,final,123,0.0,0.0,0.02884986437857151,0.039484765380620956,0.03346621245145798,0.0,0.0,1.0,0.0,0.0,-0.004616348072886467,-0.010634901002049446
test:1246,Qwen3-8B,47,benign,norm_matched,6,final,46,0.0,0.0,0.06352531164884567,0.044632624834775925,0.050974033772945404,0.0,0.0,0.0,0.0,1.0,0.012551277875900269,0.018892686814069748
test:1887,Qwen3-8B,47,benign,norm_matched,6,final,40,0.0,0.0,0.017009492963552475,0.01646612584590912,0.019997280091047287,0.0,0.0,0.0,0.0,0.0,-0.002987787127494812,0.0005433671176433563
test:1623,Qwen3-8B,47,benign,norm_matched,6,final,76,0.0,0.0,0.04929284751415253,0.02869616448879242,0.031508032232522964,0.0,0.0,0.0,0.0,1.0,0.017784815281629562,0.020596683025360107
test:196,Qwen3-8B,47,benign,norm_matched,6,final,31,0.0,0.0,0.04597295820713043,0.04744129627943039,0.050325408577919006,0.0,0.0,0.0,0.0,0.0,-0.004352450370788574,-0.0014683380722999573
test:1899,Qwen3-8B,47,benign,norm_matched,6,final,27,0.0,0.0,0.025609878823161125,0.022008487954735756,0.021332111209630966,0.0,0.0,1.0,0.0,1.0,0.004277767613530159,0.0036013908684253693
test:1208,Qwen3-8B,47,benign,norm_matched,6,final,38,0.0,0.0,0.05455825477838516,0.033550016582012177,0.029105059802532196,0.0,0.0,1.0,0.0,1.0,0.025453194975852966,0.021008238196372986
test:1441,Qwen3-8B,47,benign,norm_matched,6,final,50,0.0,0.0,0.08098242431879044,0.05181339383125305,0.021747170016169548,0.0,0.0,1.0,0.0,1.0,0.05923525430262089,0.029169030487537384
test:1102,Qwen3-8B,47,benign,norm_matched,6,final,70,0.0,0.0,0.04282767325639725,0.04104384034872055,0.0398552305996418,0.0,0.0,1.0,0.0,1.0,0.0029724426567554474,0.0017838329076766968
test:76,Qwen3-8B,47,benign,norm_matched,6,final,119,0.0,0.0,0.01781892590224743,0.027228238061070442,0.016986127942800522,0.0,0.0,1.0,0.0,1.0,0.000832797959446907,-0.009409312158823013
test:1855,Qwen3-8B,47,benign,norm_matched,6,final,23,0.0,0.0,0.06574904173612595,0.035768069326877594,0.04020359367132187,0.0,0.0,0.0,0.0,1.0,0.025545448064804077,0.029980972409248352
test:1652,Qwen3-8B,47,benign,norm_matched,6,final,38,0.0,0.0,0.06383255869150162,0.04584162309765816,0.049088094383478165,0.0,0.0,0.0,0.0,1.0,0.014744464308023453,0.01799093559384346
test:355,Qwen3-8B,47,benign,norm_matched,6,final,67,0.0,0.0,0.023418251425027847,0.020613476634025574,0.019033605232834816,0.0,0.0,1.0,0.0,1.0,0.004384646192193031,0.0028047747910022736
test:2144,Qwen3-8B,47,benign,norm_matched,6,final,135,0.0,0.0,0.013022016733884811,0.031340133398771286,0.019333908334374428,0.0,0.0,1.0,0.0,0.0,-0.006311891600489616,-0.018318116664886475
test:210,Qwen3-8B,47,benign,norm_matched,6,final,126,0.0,0.0,0.007671453524380922,0.02434711530804634,0.023544324561953545,0.0,0.0,1.0,0.0,0.0,-0.015872871037572622,-0.01667566178366542
test:1713,Qwen3-8B,47,benign,norm_matched,6,final,104,0.0,0.0,0.019196556881070137,0.02339143492281437,0.0362585186958313,0.0,0.0,0.0,0.0,0.0,-0.017061961814761162,-0.004194878041744232
test:1574,Qwen3-8B,47,benign,norm_matched,6,final,133,0.0,0.0,0.03846658766269684,0.027601858600974083,0.04280906170606613,0.0,0.0,0.0,0.0,0.0,-0.004342474043369293,0.010864729061722755
test:1488,Qwen3-8B,47,benign,norm_matched,6,final,134,0.0,0.0,0.009577237069606781,0.020287062972784042,0.02763660065829754,0.0,0.0,0.0,0.0,0.0,-0.018059363588690758,-0.010709825903177261
test:1868,Qwen3-8B,47,benign,norm_matched,6,final,21,0.0,0.0,0.01794436201453209,0.021604401990771294,0.02594667673110962,0.0,0.0,0.0,0.0,0.0,-0.00800231471657753,-0.0036600399762392044
test:2233,Qwen3-8B,47,benign,norm_matched,6,final,94,0.0,0.0,0.039320722222328186,0.05528062582015991,0.07279399782419205,0.0,0.0,0.0,0.0,0.0,-0.03347327560186386,-0.015959903597831726
test:692,Qwen3-8B,47,benign,norm_matched,6,final,158,0.0,0.0,0.02522861585021019,0.03745220601558685,0.03848736733198166,0.0,0.0,0.0,0.0,0.0,-0.013258751481771469,-0.012223590165376663
test:1732,Qwen3-8B,47,benign,norm_matched,6,final,45,0.0,0.0,0.0588737390935421,0.060607343912124634,0.03425855562090874,0.0,0.0,1.0,0.0,1.0,0.024615183472633362,-0.0017336048185825348
test:1002,Qwen3-8B,47,benign,norm_matched,6,final,80,0.0,0.0,0.017655566334724426,0.012768340297043324,0.03668024390935898,0.0,0.0,0.0,0.0,0.0,-0.019024677574634552,0.004887226037681103
test:1607,Qwen3-8B,47,benign,norm_matched,6,final,39,0.0,0.0,0.046966709196567535,0.010678359307348728,0.014076083898544312,0.0,0.0,0.0,0.0,1.0,0.032890625298023224,0.03628834988921881
test:1123,Qwen3-8B,47,benign,norm_matched,6,final,29,0.0,0.0,0.022633859887719154,0.026326632127165794,0.022154562175273895,0.0,0.0,1.0,0.0,1.0,0.0004792977124452591,-0.00369277223944664
test:120,Qwen3-8B,47,benign,norm_matched,6,final,10,0.0,0.0,0.024724511429667473,0.04425707831978798,0.0493888333439827,0.0,0.0,0.0,0.0,0.0,-0.024664321914315224,-0.019532566890120506
test:652,Qwen3-8B,47,benign,norm_matched,6,final,15,0.0,0.0,0.03467874974012375,0.028437476605176926,0.03517518192529678,0.0,0.0,0.0,0.0,0.0,-0.0004964321851730347,0.006241273134946823
test:850,Qwen3-8B,47,benign,norm_matched,6,final,33,0.0,0.0,0.045286718755960464,0.031679730862379074,0.036088570952415466,0.0,0.0,0.0,0.0,1.0,0.009198147803544998,0.01360698789358139
test:1633,Qwen3-8B,47,benign,norm_matched,6,final,53,0.0,0.0,0.01958482153713703,0.030375860631465912,0.03204607963562012,0.0,0.0,0.0,0.0,0.0,-0.012461258098483086,-0.01079103909432888
test:1126,Qwen3-8B,47,benign,norm_matched,6,final,3,0.0,0.0,0.06865458190441132,0.06772703677415848,0.05800674483180046,0.0,0.0,1.0,0.0,1.0,0.010647837072610855,0.0009275451302528381
test:2130,Qwen3-8B,47,benign,norm_matched,6,final,132,0.0,0.0,0.04748537018895149,0.02573155239224434,0.026581326499581337,0.0,0.0,0.0,0.0,1.0,0.020904043689370155,0.021753817796707153
test:1982,Qwen3-8B,47,benign,norm_matched,6,final,168,0.0,0.0,0.007983401417732239,0.015600311569869518,0.015360087156295776,0.0,0.0,1.0,0.0,0.0,-0.007376685738563538,-0.0076169101521372795
test:941,Qwen3-8B,47,benign,norm_matched,6,final,147,0.0,0.0,0.043143656104803085,0.02343733049929142,0.05888930708169937,0.0,0.0,0.0,0.0,0.0,-0.015745650976896286,0.019706325605511665
test:1038,Qwen3-8B,47,benign,norm_matched,6,final,41,0.0,0.0,0.022685417905449867,0.024641022086143494,0.02725192718207836,0.0,0.0,0.0,0.0,0.0,-0.004566509276628494,-0.0019556041806936264
test:359,Qwen3-8B,47,benign,norm_matched,6,final,38,0.0,0.0,0.06718944013118744,0.03133486211299896,0.03780696541070938,0.0,0.0,0.0,0.0,1.0,0.029382474720478058,0.03585457801818848
test:1015,Qwen3-8B,47,benign,norm_matched,6,final,73,0.0,0.0,0.027227014303207397,0.026449380442500114,0.029796099290251732,0.0,0.0,0.0,0.0,0.0,-0.0025690849870443344,0.000777633860707283
test:680,Qwen3-8B,47,benign,norm_matched,6,final,15,0.0,0.0,0.024925455451011658,0.02218613773584366,0.0185347069054842,0.0,0.0,1.0,0.0,1.0,0.006390748545527458,0.0027393177151679993
test:1240,Qwen3-8B,47,benign,norm_matched,6,final,168,0.0,0.0,0.0252214428037405,0.043346717953681946,0.04200941324234009,0.0,0.0,1.0,0.0,0.0,-0.016787970438599586,-0.018125275149941444
test:1330,Qwen3-8B,47,benign,norm_matched,6,final,41,0.0,0.0,0.03028898499906063,0.03229430317878723,0.028479333966970444,0.0,0.0,1.0,0.0,1.0,0.001809651032090187,-0.0020053181797266006
test:544,Qwen3-8B,47,benign,norm_matched,6,final,128,0.0,0.0,0.038316261023283005,0.039825282990932465,0.03886754438281059,0.0,0.0,1.0,0.0,0.0,-0.0005512833595275879,-0.0015090219676494598
test:695,Qwen3-8B,47,benign,norm_matched,6,final,90,0.0,0.0,0.029633384197950363,0.03462814912199974,0.02871314063668251,0.0,0.0,1.0,0.0,1.0,0.0009202435612678528,-0.0049947649240493774
test:1019,Qwen3-8B,47,benign,norm_matched,6,final,101,0.0,0.0,0.04431011527776718,0.030834488570690155,0.0304853692650795,0.0,0.0,1.0,0.0,1.0,0.013824746012687683,0.013475626707077026
test:2172,Qwen3-8B,47,benign,norm_matched,6,final,188,0.0,0.0,0.06373976171016693,0.08633050322532654,0.06197468191385269,0.0,0.0,1.0,0.0,1.0,0.0017650797963142395,-0.022590741515159607
test:446,Qwen3-8B,47,benign,norm_matched,6,final,68,0.0,0.0,0.04427375644445419,0.018311403691768646,0.0513102151453495,0.0,0.0,0.0,0.0,0.0,-0.0070364587008953094,0.025962352752685547
test:7,Qwen3-8B,47,benign,norm_matched,6,final,30,0.0,0.0,0.01636117324233055,0.014029642567038536,0.015029540285468102,0.0,0.0,0.0,0.0,1.0,0.0013316329568624496,0.002331530675292015
test:1589,Qwen3-8B,47,benign,norm_matched,6,final,87,0.0,0.0,0.03069479577243328,0.03172814100980759,0.029096750542521477,0.0,0.0,1.0,0.0,1.0,0.0015980452299118042,-0.0010333452373743057
test:1087,Qwen3-8B,47,benign,norm_matched,6,final,15,0.0,0.0,0.054390616714954376,0.05046980828046799,0.0521598719060421,0.0,0.0,0.0,0.0,1.0,0.0022307448089122772,0.003920808434486389
test:603,Qwen3-8B,47,benign,norm_matched,6,final,154,0.0,0.0,0.02316705323755741,0.017806386575102806,0.026213843375444412,0.0,0.0,0.0,0.0,0.0,-0.003046790137887001,0.005360666662454605
test:1608,Qwen3-8B,47,benign,norm_matched,6,final,168,0.0,0.0,0.026594253256917,0.031852301210165024,0.02368340641260147,0.0,0.0,1.0,0.0,1.0,0.002910846844315529,-0.005258047953248024
test:774,Qwen3-8B,47,benign,norm_matched,6,final,17,0.0,0.0,0.02320341393351555,0.02276451140642166,0.022209906950592995,0.0,0.0,1.0,0.0,1.0,0.000993506982922554,0.00043890252709388733
test:1996,Qwen3-8B,47,benign,norm_matched,6,final,54,0.0,0.0,0.04883922263979912,0.035277266055345535,0.02914772927761078,0.0,0.0,1.0,0.0,1.0,0.01969149336218834,0.013561956584453583
test:2221,Qwen3-8B,47,benign,norm_matched,6,final,67,0.0,0.0,0.04208442568778992,0.034367885440588,0.04109180346131325,0.0,0.0,0.0,0.0,1.0,0.0009926222264766693,0.0077165402472019196
test:1313,Qwen3-8B,47,benign,norm_matched,6,final,38,0.0,0.0,0.057541340589523315,0.043404094874858856,0.0364898256957531,0.0,0.0,1.0,0.0,1.0,0.021051514893770218,0.01413724571466446
test:1515,Qwen3-8B,47,benign,norm_matched,6,final,167,0.0,0.0,0.030596381053328514,0.030419640243053436,0.03410397842526436,0.0,0.0,0.0,0.0,0.0,-0.0035075973719358444,0.00017674081027507782
test:1418,Qwen3-8B,47,benign,norm_matched,6,final,169,0.0,0.0,0.01705940254032612,0.03530656173825264,0.033098701387643814,0.0,0.0,1.0,0.0,0.0,-0.016039298847317696,-0.01824715919792652
test:999,Qwen3-8B,47,benign,norm_matched,6,final,164,0.0,0.0,0.019017135724425316,0.03660110756754875,0.01995086297392845,0.0,0.0,1.0,0.0,0.0,-0.0009337272495031357,-0.017583971843123436
test:1431,Qwen3-8B,47,benign,norm_matched,6,final,133,0.0,0.0,0.02914869785308838,0.024643322452902794,0.029579220339655876,0.0,0.0,0.0,0.0,0.0,-0.00043052248656749725,0.004505375400185585
test:702,Qwen3-8B,47,benign,norm_matched,6,final,113,0.0,0.0,0.0348840169608593,0.031053630635142326,0.03446730971336365,0.0,0.0,0.0,0.0,1.0,0.00041670724749565125,0.0038303863257169724
test:111,Qwen3-8B,47,benign,norm_matched,6,final,37,0.0,0.0,0.052543994039297104,0.06068383529782295,0.04446542263031006,0.0,0.0,1.0,0.0,1.0,0.008078571408987045,-0.008139841258525848
test:1039,Qwen3-8B,47,benign,norm_matched,6,final,37,0.0,0.0,0.06315235793590546,0.025209501385688782,0.031210333108901978,0.0,0.0,0.0,0.0,1.0,0.03194202482700348,0.037942856550216675
test:586,Qwen3-8B,47,benign,norm_matched,6,final,205,0.0,0.0,0.03268836811184883,0.048097334802150726,0.011467620730400085,0.0,0.0,1.0,0.0,1.0,0.021220747381448746,-0.015408966690301895
test:733,Qwen3-8B,47,benign,norm_matched,6,final,84,0.0,0.0,0.03748159483075142,0.035845983773469925,0.03137714043259621,0.0,0.0,1.0,0.0,1.0,0.006104454398155212,0.0016356110572814941
test:562,Qwen3-8B,47,benign,norm_matched,6,final,48,0.0,0.0,0.06671686470508575,0.03134762495756149,-0.00046938774175941944,0.0,0.0,1.0,0.0,1.0,0.06718625244684517,0.03536923974752426
test:367,Qwen3-8B,47,benign,norm_matched,6,final,55,0.0,0.0,0.02256639674305916,0.025999369099736214,0.01384661253541708,0.0,0.0,1.0,0.0,1.0,0.008719784207642078,-0.0034329723566770554
test:2093,Qwen3-8B,47,benign,norm_matched,6,final,79,0.0,0.0,0.0526389516890049,0.044616714119911194,0.04153711348772049,0.0,0.0,1.0,0.0,1.0,0.011101838201284409,0.008022237569093704
test:298,Qwen3-8B,47,benign,norm_matched,6,final,58,0.0,0.0,0.07293520122766495,0.03160490095615387,0.03343015909194946,0.0,0.0,0.0,0.0,1.0,0.039505042135715485,0.04133030027151108
test:618,Qwen3-8B,47,benign,norm_matched,6,final,23,0.0,0.0,0.020775683224201202,0.020447954535484314,0.015347568318247795,0.0,0.0,1.0,0.0,1.0,0.005428114905953407,0.00032772868871688843
test:213,Qwen3-8B,47,benign,norm_matched,6,final,219,0.0,0.0,0.020424332469701767,0.05578002706170082,0.02882612682878971,0.0,0.0,1.0,0.0,0.0,-0.008401794359087944,-0.035355694591999054
test:1770,Qwen3-8B,47,benign,norm_matched,6,final,12,0.0,0.0,0.02748088352382183,0.021050570532679558,0.009758824482560158,0.0,0.0,1.0,0.0,1.0,0.017722059041261673,0.006430312991142273
test:784,Qwen3-8B,47,benign,norm_matched,6,final,39,0.0,0.0,0.038901809602975845,0.051401518285274506,0.05152948200702667,0.0,0.0,0.0,0.0,0.0,-0.012627672404050827,-0.01249970868229866
test:748,Qwen3-8B,47,benign,norm_matched,6,final,168,0.0,0.0,0.007412208244204521,0.019002795219421387,0.01583894155919552,0.0,0.0,1.0,0.0,0.0,-0.008426733314990997,-0.011590586975216866
test:691,Qwen3-8B,47,benign,norm_matched,6,final,188,0.0,0.0,0.03713502734899521,0.07333496958017349,0.07758796215057373,0.0,0.0,0.0,0.0,0.0,-0.04045293480157852,-0.036199942231178284
test:1521,Qwen3-8B,47,benign,norm_matched,6,final,28,0.0,0.0,0.028221547603607178,0.024079149588942528,0.02293907105922699,0.0,0.0,1.0,0.0,1.0,0.005282476544380188,0.00414239801466465
test:153,Qwen3-8B,47,benign,norm_matched,6,final,41,0.0,0.0,0.04054293408989906,0.031286630779504776,0.040125772356987,0.0,0.0,0.0,0.0,1.0,0.0004171617329120636,0.009256303310394287
test:1145,Qwen3-8B,47,benign,norm_matched,6,final,78,0.0,0.0,0.03957269713282585,0.04901095852255821,0.04536941647529602,0.0,0.0,1.0,0.0,0.0,-0.005796719342470169,-0.00943826138973236
test:1941,Qwen3-8B,47,benign,norm_matched,6,final,75,0.0,0.0,0.0430428609251976,0.03575668856501579,0.03313988447189331,0.0,0.0,1.0,0.0,1.0,0.00990297645330429,0.0072861723601818085
test:128,Qwen3-8B,47,benign,norm_matched,6,final,241,0.0,0.0,0.02882617712020874,0.027504287660121918,0.03508080914616585,0.0,0.0,0.0,0.0,0.0,-0.0062546320259571075,0.0013218894600868225
test:499,Qwen3-8B,47,benign,norm_matched,6,final,38,0.0,0.0,0.05766769126057625,0.018387366086244583,0.01722164824604988,0.0,0.0,1.0,0.0,1.0,0.04044604301452637,0.039280325174331665
test:869,Qwen3-8B,47,benign,norm_matched,6,final,206,0.0,0.0,0.015614291653037071,0.02983703278005123,0.01264268346130848,0.0,0.0,1.0,0.0,1.0,0.002971608191728592,-0.01422274112701416
test:1236,Qwen3-8B,47,benign,norm_matched,6,final,193,0.0,0.0,0.012776120565831661,0.03589646518230438,0.029405152425169945,0.0,0.0,1.0,0.0,0.0,-0.016629031859338284,-0.02312034461647272
test:1870,Qwen3-8B,47,benign,norm_matched,6,final,42,0.0,0.0,0.031326234340667725,0.022617213428020477,0.0237162783741951,0.0,0.0,0.0,0.0,1.0,0.007609955966472626,0.008709020912647247
test:1310,Qwen3-8B,47,benign,norm_matched,6,final,45,0.0,0.0,0.05038939043879509,0.039855387061834335,0.04417217895388603,0.0,0.0,0.0,0.0,1.0,0.006217211484909058,0.010534003376960754
test:1221,Qwen3-8B,47,benign,norm_matched,6,final,173,0.0,0.0,0.01784200593829155,0.02053280733525753,0.0224005039781332,0.0,0.0,0.0,0.0,0.0,-0.004558498039841652,-0.0026908013969659805
test:257,Qwen3-8B,47,benign,norm_matched,6,final,174,0.0,0.0,0.029603296890854836,0.02625417336821556,0.028815584257245064,0.0,0.0,0.0,0.0,1.0,0.0007877126336097717,0.0033491235226392746
test:1513,Qwen3-8B,47,benign,norm_matched,6,final,226,0.0,0.0,0.016310464590787888,0.019915973767638206,0.025100070983171463,0.0,0.0,0.0,0.0,0.0,-0.008789606392383575,-0.003605509176850319
test:553,Qwen3-8B,47,benign,norm_matched,6,final,69,0.0,0.0,0.05837589502334595,0.0492524690926075,0.004144221544265747,0.0,0.0,1.0,0.0,1.0,0.0542316734790802,0.009123425930738449
test:1881,Qwen3-8B,47,benign,norm_matched,6,final,48,0.0,0.0,0.040997885167598724,0.05140937864780426,0.0469571016728878,0.0,0.0,1.0,0.0,0.0,-0.005959216505289078,-0.010411493480205536
test:2262,Qwen3-8B,47,benign,norm_matched,6,final,42,0.0,0.0,0.05878705531358719,0.032803162932395935,0.03239752724766731,0.0,0.0,1.0,0.0,1.0,0.026389528065919876,0.025983892381191254
test:911,Qwen3-8B,47,benign,norm_matched,6,final,34,0.0,0.0,0.06518364697694778,0.05438019707798958,0.035656969994306564,0.0,0.0,1.0,0.0,1.0,0.02952667698264122,0.010803449898958206
test:1947,Qwen3-8B,47,benign,norm_matched,6,final,40,0.0,0.0,0.0610634908080101,0.042582765221595764,0.03969439119100571,0.0,0.0,1.0,0.0,1.0,0.021369099617004395,0.018480725586414337
test:675,Qwen3-8B,47,benign,norm_matched,6,final,10,0.0,0.0,0.048625241965055466,0.04574866592884064,0.029057087376713753,0.0,0.0,1.0,0.0,1.0,0.019568154588341713,0.0028765760362148285
test:979,Qwen3-8B,47,benign,norm_matched,6,final,102,0.0,0.0,0.024282297119498253,0.025272274389863014,0.03481375798583031,0.0,0.0,0.0,0.0,0.0,-0.010531460866332054,-0.0009899772703647614
test:783,Qwen3-8B,47,benign,norm_matched,6,final,38,0.0,0.0,0.0705966204404831,0.05469164624810219,0.05669013038277626,0.0,0.0,0.0,0.0,1.0,0.013906490057706833,0.015904974192380905
test:2149,Qwen3-8B,47,benign,norm_matched,6,final,38,0.0,0.0,0.06501547247171402,0.04798242449760437,0.030489496886730194,0.0,0.0,1.0,0.0,1.0,0.034525975584983826,0.01703304797410965
test:1231,Qwen3-8B,47,benign,norm_matched,6,final,83,0.0,0.0,0.05605702102184296,0.028346046805381775,0.018615128472447395,0.0,0.0,1.0,0.0,1.0,0.03744189254939556,0.02771097421646118
test:68,Qwen3-8B,47,benign,norm_matched,6,final,42,0.0,0.0,0.05762597173452377,0.045228905975818634,0.04819967597723007,0.0,0.0,0.0,0.0,1.0,0.009426295757293701,0.01239706575870514
test:180,Qwen3-8B,47,benign,norm_matched,6,final,34,0.0,0.0,0.013513470999896526,0.01634923182427883,0.014757297933101654,0.0,0.0,1.0,0.0,0.0,-0.0012438269332051277,-0.002835760824382305
test:2034,Qwen3-8B,47,benign,norm_matched,6,final,39,0.0,0.0,0.03401117026805878,0.035508617758750916,0.03852696344256401,0.0,0.0,0.0,0.0,0.0,-0.004515793174505234,-0.0014974474906921387
test:1007,Qwen3-8B,47,benign,norm_matched,6,final,250,0.0,0.0,0.04051924869418144,0.046674471348524094,0.04536779224872589,0.0,0.0,1.0,0.0,0.0,-0.004848543554544449,-0.006155222654342651
test:1917,Qwen3-8B,47,benign,norm_matched,6,final,230,0.0,0.0,0.021927423775196075,0.02839893475174904,0.02954145520925522,0.0,0.0,0.0,0.0,0.0,-0.007614031434059143,-0.006471510976552963
test:1869,Qwen3-8B,47,benign,norm_matched,6,final,60,0.0,0.0,0.07142076641321182,0.05381469056010246,0.010453087277710438,0.0,0.0,1.0,0.0,1.0,0.060967679135501385,0.01760607585310936
test:1819,Qwen3-8B,47,benign,norm_matched,6,final,12,0.0,0.0,0.055543605238199234,0.055540814995765686,0.029356610029935837,0.0,0.0,1.0,0.0,1.0,0.026186995208263397,2.7902424335479736e-06
test:225,Qwen3-8B,47,benign,norm_matched,6,final,61,0.0,0.0,0.034362804144620895,0.029606230556964874,0.025335364043712616,0.0,0.0,1.0,0.0,1.0,0.00902744010090828,0.004756573587656021
test:1978,Qwen3-8B,47,benign,norm_matched,6,final,221,0.0,0.0,0.059230972081422806,0.07490245997905731,0.08392030000686646,0.0,0.0,0.0,0.0,0.0,-0.02468932792544365,-0.015671487897634506
test:1849,Qwen3-8B,47,benign,norm_matched,6,final,25,0.0,0.0,0.04788454622030258,0.030934378504753113,0.029329700395464897,0.0,0.0,1.0,0.0,1.0,0.018554845824837685,0.01695016771554947
test:1267,Qwen3-8B,47,benign,norm_matched,6,final,253,0.0,0.0,0.01995653286576271,0.029304075986146927,0.025785543024539948,0.0,0.0,1.0,0.0,0.0,-0.005829010158777237,-0.009347543120384216
test:2014,Qwen3-8B,47,benign,norm_matched,6,final,10,0.0,0.0,0.05387834459543228,0.04973631724715233,0.042747434228658676,0.0,0.0,1.0,0.0,1.0,0.011130910366773605,0.004142027348279953
test:747,Qwen3-8B,47,benign,norm_matched,6,final,46,0.0,0.0,0.03198198974132538,0.05074356868863106,0.04634206369519234,0.0,0.0,1.0,0.0,0.0,-0.014360073953866959,-0.01876157894730568
test:1536,Qwen3-8B,47,benign,norm_matched,6,final,69,0.0,0.0,0.015254328027367592,0.010979469865560532,0.018688982352614403,0.0,0.0,0.0,0.0,0.0,-0.003434654325246811,0.00427485816180706
test:495,Qwen3-8B,47,benign,norm_matched,6,final,235,0.0,0.0,0.027646837756037712,0.018087344244122505,0.04038495570421219,0.0,0.0,0.0,0.0,0.0,-0.012738117948174477,0.009559493511915207
test:1218,Qwen3-8B,47,benign,norm_matched,6,final,38,0.0,0.0,0.05930997431278229,0.025992920622229576,0.03329797461628914,0.0,0.0,0.0,0.0,1.0,0.02601199969649315,0.03331705369055271
test:908,Qwen3-8B,47,benign,norm_matched,6,final,85,0.0,0.0,0.04597878456115723,0.046585507690906525,-0.02191799320280552,0.0,0.0,1.0,0.0,1.0,0.06789677776396275,-0.0006067231297492981
test:284,Qwen3-8B,47,benign,norm_matched,6,final,316,0.0,0.0,0.11735207587480545,0.11077263206243515,0.05875546485185623,0.0,0.0,1.0,0.0,1.0,0.05859661102294922,0.0065794438123703
test:307,Qwen3-8B,47,benign,norm_matched,6,final,207,0.0,0.0,0.0175913218408823,0.010779356583952904,0.00804467685520649,0.0,0.0,1.0,0.0,1.0,0.009546644985675812,0.006811965256929398
test:1101,Qwen3-8B,47,benign,norm_matched,6,final,274,0.0,0.0,0.013657529838383198,0.014568733982741833,0.018745293840765953,0.0,0.0,0.0,0.0,0.0,-0.005087764002382755,-0.000911204144358635
test:2091,Qwen3-8B,47,benign,norm_matched,6,final,44,0.0,0.0,0.05773203819990158,0.049485914409160614,0.04214392229914665,0.0,0.0,1.0,0.0,1.0,0.015588115900754929,0.008246123790740967
test:1343,Qwen3-8B,47,benign,norm_matched,6,final,242,0.0,0.0,0.019337624311447144,0.029759814962744713,0.0327637642621994,0.0,0.0,0.0,0.0,0.0,-0.013426139950752258,-0.01042219065129757
test:312,Qwen3-8B,47,benign,norm_matched,6,final,101,0.0,0.0,0.045800745487213135,0.04614952579140663,0.03171948343515396,0.0,0.0,1.0,0.0,1.0,0.014081262052059174,-0.0003487803041934967
test:1853,Qwen3-8B,47,benign,norm_matched,6,final,249,0.0,0.0,0.014774803072214127,0.027209492400288582,0.024625375866889954,0.0,0.0,1.0,0.0,0.0,-0.009850572794675827,-0.012434689328074455
test:2161,Qwen3-8B,47,benign,norm_matched,6,final,189,0.0,0.0,0.007706442382186651,0.019019167870283127,0.016466880217194557,0.0,0.0,1.0,0.0,0.0,-0.008760437835007906,-0.011312725488096476
test:993,Qwen3-8B,47,benign,norm_matched,6,final,10,0.0,0.0,0.04337238147854805,0.03171151876449585,0.016666028648614883,0.0,0.0,1.0,0.0,1.0,0.026706352829933167,0.0116608627140522
test:1764,Qwen3-8B,47,benign,norm_matched,6,final,54,0.0,0.0,0.05562927573919296,0.060684822499752045,0.03225678578019142,0.0,0.0,1.0,0.0,1.0,0.02337248995900154,-0.005055546760559082
test:1238,Qwen3-8B,47,benign,norm_matched,6,final,167,0.0,0.0,0.019701626151800156,0.025139382109045982,0.022436439990997314,0.0,0.0,1.0,0.0,0.0,-0.002734813839197159,-0.005437755957245827
test:2222,Qwen3-8B,47,benign,norm_matched,6,final,269,0.0,0.0,0.050300125032663345,0.06312812119722366,0.07751938700675964,0.0,0.0,0.0,0.0,0.0,-0.027219261974096298,-0.012827996164560318
test:2007,Qwen3-8B,47,benign,norm_matched,6,final,175,0.0,0.0,0.018133603036403656,0.03491077944636345,0.042699601501226425,0.0,0.0,0.0,0.0,0.0,-0.02456599846482277,-0.016777176409959793
test:1177,Qwen3-8B,47,benign,norm_matched,6,final,50,0.0,0.0,0.02967875637114048,0.030963841825723648,0.030335962772369385,0.0,0.0,1.0,0.0,0.0,-0.0006572064012289047,-0.001285085454583168
test:378,Qwen3-8B,47,benign,norm_matched,6,final,277,0.0,0.0,0.0048179300501942635,0.026552844792604446,0.015539534389972687,0.0,0.0,1.0,0.0,0.0,-0.010721604339778423,-0.021734914742410183
test:1086,Qwen3-8B,47,benign,norm_matched,6,final,296,0.0,0.0,0.027813836932182312,0.040897186845541,0.037044648081064224,0.0,0.0,1.0,0.0,0.0,-0.009230811148881912,-0.013083349913358688
test:350,Qwen3-8B,47,benign,norm_matched,6,final,38,0.0,0.0,0.052253007888793945,0.013711749576032162,0.020310744643211365,0.0,0.0,0.0,0.0,1.0,0.03194226324558258,0.038541258312761784
test:2256,Qwen3-8B,47,benign,norm_matched,6,final,10,0.0,0.0,0.02666482888162136,0.0323498360812664,0.025482874363660812,0.0,0.0,1.0,0.0,1.0,0.0011819545179605484,-0.005685007199645042
test:2064,Qwen3-8B,47,benign,norm_matched,6,final,271,0.0,0.0,0.016891732811927795,0.016910359263420105,0.023172518238425255,0.0,0.0,0.0,0.0,0.0,-0.006280785426497459,-1.862645149230957e-05
test:635,Qwen3-8B,47,benign,norm_matched,6,final,38,0.0,0.0,0.03401857614517212,0.03583819046616554,0.010334810242056847,0.0,0.0,1.0,0.0,1.0,0.023683765903115273,-0.0018196143209934235
test:2182,Qwen3-8B,47,benign,norm_matched,6,final,106,0.0,0.0,0.05307186767458916,0.050655607134103775,0.04830795153975487,0.0,0.0,1.0,0.0,1.0,0.0047639161348342896,0.002416260540485382
test:502,Qwen3-8B,47,benign,norm_matched,6,final,32,0.0,0.0,0.029008012264966965,0.024602718651294708,0.01959232985973358,0.0,0.0,1.0,0.0,1.0,0.009415682405233383,0.0044052936136722565
test:434,Qwen3-8B,47,benign,norm_matched,6,final,46,0.0,0.0,0.05938854068517685,0.05270592123270035,0.04347672313451767,0.0,0.0,1.0,0.0,1.0,0.01591181755065918,0.0066826194524765015
test:1225,Qwen3-8B,47,benign,norm_matched,6,final,137,0.0,0.0,0.024063492193818092,0.027426064014434814,0.02696390263736248,0.0,0.0,1.0,0.0,0.0,-0.002900410443544388,-0.003362571820616722
test:1483,Qwen3-8B,47,benign,norm_matched,6,final,300,0.0,0.0,0.017734959721565247,0.027438048273324966,0.018812334164977074,0.0,0.0,1.0,0.0,0.0,-0.001077374443411827,-0.00970308855175972
test:327,Qwen3-8B,47,benign,norm_matched,6,final,32,0.0,0.0,0.06261595338582993,0.05113993585109711,0.04048901051282883,0.0,0.0,1.0,0.0,1.0,0.0221269428730011,0.011476017534732819
test:646,Qwen3-8B,47,benign,norm_matched,6,final,48,0.0,0.0,0.06164640188217163,0.05817950516939163,0.00962922815233469,0.0,0.0,1.0,0.0,1.0,0.05201717372983694,0.0034668967127799988
test:1214,Qwen3-8B,47,benign,norm_matched,6,final,279,0.0,0.0,0.029900802299380302,0.03645496442914009,0.04094652459025383,0.0,0.0,0.0,0.0,0.0,-0.011045722290873528,-0.0065541621297597885
test:1722,Qwen3-8B,47,benign,norm_matched,6,final,243,0.0,0.0,0.03325393795967102,0.045659251511096954,0.045163705945014954,0.0,0.0,1.0,0.0,0.0,-0.011909767985343933,-0.012405313551425934
test:2062,Qwen3-8B,47,benign,norm_matched,6,final,346,0.0,0.0,0.027463652193546295,0.04958822950720787,0.041687577962875366,0.0,0.0,1.0,0.0,0.0,-0.014223925769329071,-0.022124577313661575
test:1009,Qwen3-8B,47,benign,norm_matched,6,final,23,0.0,0.0,0.05924782529473305,0.02844565361738205,0.044213466346263885,0.0,0.0,0.0,0.0,1.0,0.015034358948469162,0.030802171677350998
test:92,Qwen3-8B,47,benign,norm_matched,6,final,47,0.0,0.0,0.03568008914589882,0.03312715142965317,0.02073904685676098,0.0,0.0,1.0,0.0,1.0,0.01494104228913784,0.0025529377162456512
test:471,Qwen3-8B,47,benign,norm_matched,6,final,37,0.0,0.0,0.04615224152803421,0.023951532319188118,0.027040980756282806,0.0,0.0,0.0,0.0,1.0,0.019111260771751404,0.022200709208846092
test:1083,Qwen3-8B,47,benign,norm_matched,6,final,296,0.0,0.0,0.08098059892654419,0.09080483764410019,0.09474894404411316,0.0,0.0,0.0,0.0,0.0,-0.01376834511756897,-0.009824238717556
test:2108,Qwen3-8B,47,benign,norm_matched,6,final,88,0.0,0.0,0.05443945154547691,0.05363290756940842,0.04778924584388733,0.0,0.0,1.0,0.0,1.0,0.006650205701589584,0.0008065439760684967
test:2227,Qwen3-8B,47,benign,norm_matched,6,final,284,0.0,0.0,0.019648078829050064,0.027278155088424683,0.021907862275838852,0.0,0.0,1.0,0.0,0.0,-0.002259783446788788,-0.0076300762593746185
test:1251,Qwen3-8B,47,benign,norm_matched,6,final,265,0.0,0.0,0.009571288712322712,0.016960326582193375,0.020999129861593246,0.0,0.0,0.0,0.0,0.0,-0.011427841149270535,-0.007389037869870663
test:498,Qwen3-8B,47,benign,norm_matched,6,final,31,0.0,0.0,0.03950593248009682,0.028557801619172096,0.03538614138960838,0.0,0.0,0.0,0.0,1.0,0.004119791090488434,0.01094813086092472
test:1920,Qwen3-8B,47,benign,norm_matched,6,final,240,0.0,0.0,0.07022944837808609,0.06104050204157829,0.048119883984327316,0.0,0.0,1.0,0.0,1.0,0.022109564393758774,0.009188946336507797
test:1845,Qwen3-8B,47,benign,norm_matched,6,final,66,0.0,0.0,0.03919998183846474,0.03943882882595062,0.036258019506931305,0.0,0.0,1.0,0.0,1.0,0.002941962331533432,-0.00023884698748588562
test:1790,Qwen3-8B,47,benign,norm_matched,6,final,63,0.0,0.0,0.011237379163503647,0.02344462275505066,0.01525814551860094,0.0,0.0,1.0,0.0,0.0,-0.004020766355097294,-0.012207243591547012
test:1563,Qwen3-8B,47,benign,norm_matched,6,final,133,0.0,0.0,0.021626226603984833,0.027700457721948624,0.02881765179336071,0.0,0.0,0.0,0.0,0.0,-0.007191425189375877,-0.006074231117963791
test:1715,Qwen3-8B,47,benign,norm_matched,6,final,313,0.0,0.0,0.011979671195149422,0.038369737565517426,0.038708142936229706,0.0,0.0,0.0,0.0,0.0,-0.026728471741080284,-0.026390066370368004
test:1395,Qwen3-8B,47,benign,norm_matched,6,final,63,0.0,0.0,0.0500003881752491,0.052906136959791183,0.042692650109529495,0.0,0.0,1.0,0.0,1.0,0.0073077380657196045,-0.0029057487845420837
test:923,Qwen3-8B,47,benign,norm_matched,6,final,28,0.0,0.0,0.024078184738755226,0.02447693422436714,0.021411534398794174,0.0,0.0,1.0,0.0,1.0,0.002666650339961052,-0.0003987494856119156
test:800,Qwen3-8B,47,benign,norm_matched,6,final,330,0.0,0.0,0.04656955599784851,0.04440002143383026,0.05611683800816536,0.0,0.0,0.0,0.0,0.0,-0.009547282010316849,0.0021695345640182495
test:1525,Qwen3-8B,47,benign,norm_matched,6,final,255,0.0,0.0,0.025388214737176895,0.022072654217481613,0.02648376300930977,0.0,0.0,0.0,0.0,0.0,-0.0010955482721328735,0.003315560519695282
test:617,Qwen3-8B,47,benign,norm_matched,6,final,255,0.0,0.0,0.02017057128250599,0.015448023565113544,0.024233145639300346,0.0,0.0,0.0,0.0,0.0,-0.004062574356794357,0.004722547717392445
test:2225,Qwen3-8B,47,benign,norm_matched,6,final,301,0.0,0.0,0.013144134543836117,0.03382427617907524,0.03418009355664253,0.0,0.0,0.0,0.0,0.0,-0.021035959012806416,-0.020680141635239124
test:125,Qwen3-8B,47,benign,norm_matched,6,final,78,0.0,0.0,0.030132737010717392,0.02136804535984993,0.019986532628536224,0.0,0.0,1.0,0.0,1.0,0.010146204382181168,0.008764691650867462
test:1316,Qwen3-8B,47,benign,norm_matched,6,final,42,0.0,0.0,0.029027508571743965,0.023766884580254555,0.013675548136234283,0.0,0.0,1.0,0.0,1.0,0.015351960435509682,0.00526062399148941
test:1848,Qwen3-8B,47,benign,norm_matched,6,final,280,0.0,0.0,0.014332541264593601,0.039306383579969406,0.037506185472011566,0.0,0.0,1.0,0.0,0.0,-0.023173644207417965,-0.024973842315375805
test:1481,Qwen3-8B,47,benign,norm_matched,6,final,50,0.0,0.0,0.030605003237724304,0.01904454082250595,0.02078063413500786,0.0,0.0,0.0,0.0,1.0,0.009824369102716446,0.011560462415218353
test:1667,Qwen3-8B,47,benign,norm_matched,6,final,297,0.0,0.0,0.018748072907328606,0.026412777602672577,0.024482131004333496,0.0,0.0,1.0,0.0,0.0,-0.0057340580970048904,-0.007664704695343971
test:1901,Qwen3-8B,47,benign,norm_matched,6,final,162,0.0,0.0,0.034194283187389374,0.03465048223733902,0.034519877284765244,0.0,0.0,1.0,0.0,0.0,-0.00032559409737586975,-0.000456199049949646
test:1673,Qwen3-8B,47,benign,norm_matched,6,final,28,0.0,0.0,0.02839285507798195,0.038494523614645004,0.03712281212210655,0.0,0.0,1.0,0.0,0.0,-0.008729957044124603,-0.010101668536663055
test:2280,Qwen3-8B,47,benign,norm_matched,6,final,92,0.0,0.0,0.05364450067281723,0.037636566907167435,0.03847773000597954,0.0,0.0,0.0,0.0,1.0,0.015166770666837692,0.016007933765649796
test:2251,Qwen3-8B,47,benign,norm_matched,6,final,154,0.0,0.0,0.03344457969069481,0.028710100799798965,0.02169742062687874,0.0,0.0,1.0,0.0,1.0,0.01174715906381607,0.0047344788908958435
test:512,Qwen3-8B,47,benign,norm_matched,6,final,81,0.0,0.0,0.018686886876821518,0.03575548529624939,0.029462872073054314,0.0,0.0,1.0,0.0,0.0,-0.010775985196232796,-0.01706859841942787
test:220,Qwen3-8B,47,benign,norm_matched,6,final,355,0.0,0.0,0.022295396775007248,0.02969576045870781,0.026866592466831207,0.0,0.0,1.0,0.0,0.0,-0.004571195691823959,-0.0074003636837005615
test:997,Qwen3-8B,47,benign,norm_matched,6,final,333,0.0,0.0,0.00704859709367156,0.039102423936128616,0.0182343702763319,0.0,0.0,1.0,0.0,0.0,-0.011185773182660341,-0.032053826842457056
test:1553,Qwen3-8B,47,benign,norm_matched,6,final,32,0.0,0.0,0.04314851015806198,0.05189308524131775,0.036575548350811005,0.0,0.0,1.0,0.0,1.0,0.0065729618072509766,-0.008744575083255768
test:731,Qwen3-8B,47,benign,norm_matched,6,final,411,0.0,0.0,0.01884818822145462,0.03701469302177429,0.0273133534938097,0.0,0.0,1.0,0.0,0.0,-0.00846516527235508,-0.01816650480031967
test:1433,Qwen3-8B,47,benign,norm_matched,6,final,39,0.0,0.0,0.04569331184029579,0.02725430577993393,0.016944510862231255,0.0,0.0,1.0,0.0,1.0,0.028748800978064537,0.018439006060361862
test:65,Qwen3-8B,47,benign,norm_matched,6,final,326,0.0,0.0,0.03392944484949112,0.0473291277885437,0.04762052372097969,0.0,0.0,0.0,0.0,0.0,-0.013691078871488571,-0.013399682939052582
test:1575,Qwen3-8B,47,benign,norm_matched,6,final,125,0.0,0.0,0.02964000403881073,0.033936403691768646,0.026178302243351936,0.0,0.0,1.0,0.0,1.0,0.0034617017954587936,-0.004296399652957916
test:1784,Qwen3-8B,47,benign,norm_matched,6,final,102,0.0,0.0,0.010791887529194355,0.019300537183880806,0.02228810079395771,0.0,0.0,0.0,0.0,0.0,-0.011496213264763355,-0.008508649654686451
test:1566,Qwen3-8B,47,benign,norm_matched,6,final,43,0.0,0.0,0.05229821428656578,0.0446927584707737,0.04029301181435585,0.0,0.0,1.0,0.0,1.0,0.01200520247220993,0.007605455815792084
test:1807,Qwen3-8B,47,benign,norm_matched,6,final,98,0.0,0.0,0.03638665750622749,0.02630077861249447,0.030121836811304092,0.0,0.0,0.0,0.0,1.0,0.006264820694923401,0.010085878893733025
test:1408,Qwen3-8B,47,benign,norm_matched,6,final,179,0.0,0.0,0.04589293152093887,0.05739288404583931,0.04834455996751785,0.0,0.0,1.0,0.0,0.0,-0.0024516284465789795,-0.011499952524900436
test:621,Qwen3-8B,47,benign,norm_matched,6,final,72,0.0,0.0,0.031255945563316345,0.030074885115027428,0.02655061148107052,0.0,0.0,1.0,0.0,1.0,0.004705334082245827,0.0011810604482889175
test:531,Qwen3-8B,47,benign,norm_matched,6,final,73,0.0,0.0,0.07613062858581543,0.02410861849784851,0.03329966217279434,0.0,0.0,0.0,0.0,1.0,0.04283096641302109,0.05202201008796692
test:394,Qwen3-8B,47,benign,norm_matched,6,final,120,0.0,0.0,0.02023530751466751,0.026846107095479965,0.0019416104769334197,0.0,0.0,1.0,0.0,1.0,0.01829369703773409,-0.006610799580812454
test:641,Qwen3-8B,47,benign,norm_matched,6,final,426,0.0,0.0,0.10849317908287048,0.10115951299667358,0.07151065021753311,0.0,0.0,1.0,0.0,1.0,0.03698252886533737,0.007333666086196899
test:2003,Qwen3-8B,47,benign,norm_matched,6,final,130,0.0,0.0,0.024126995354890823,0.023637790232896805,0.03277665376663208,0.0,0.0,0.0,0.0,0.0,-0.008649658411741257,0.0004892051219940186
test:243,Qwen3-8B,47,benign,norm_matched,6,final,163,0.0,0.0,0.03770274668931961,0.023873627185821533,0.033241309225559235,0.0,0.0,0.0,0.0,1.0,0.004461437463760376,0.013829119503498077
test:85,Qwen3-8B,47,benign,norm_matched,6,final,42,0.0,0.0,0.04901297017931938,0.028989914804697037,0.04309558868408203,0.0,0.0,0.0,0.0,1.0,0.0059173814952373505,0.020023055374622345
test:847,Qwen3-8B,47,benign,norm_matched,6,final,23,0.0,0.0,0.05945669487118721,0.060160938650369644,0.012036568485200405,0.0,0.0,1.0,0.0,1.0,0.047420126385986805,-0.0007042437791824341
test:4,Qwen3-8B,47,benign,norm_matched,6,final,30,0.0,0.0,0.040504392236471176,0.06005191057920456,0.06422516703605652,0.0,0.0,0.0,0.0,0.0,-0.023720774799585342,-0.019547518342733383
test:468,Qwen3-8B,47,benign,norm_matched,6,final,51,0.0,0.0,0.049302633851766586,0.03339305520057678,0.021116528660058975,0.0,0.0,1.0,0.0,1.0,0.02818610519170761,0.015909578651189804
test:1928,Qwen3-8B,47,benign,norm_matched,6,final,37,0.0,0.0,0.06686712801456451,0.06216741353273392,0.0333951972424984,0.0,0.0,1.0,0.0,1.0,0.033471930772066116,0.004699714481830597
test:822,Qwen3-8B,47,benign,norm_matched,6,final,28,0.0,0.0,0.05688527598977089,0.025489656254649162,0.05338691920042038,0.0,0.0,0.0,0.0,1.0,0.0034983567893505096,0.03139561973512173
test:1805,Qwen3-8B,47,benign,norm_matched,6,final,22,0.0,0.0,0.03381894901394844,0.04515606537461281,0.022649627178907394,0.0,0.0,1.0,0.0,1.0,0.011169321835041046,-0.011337116360664368
test:879,Qwen3-8B,47,benign,norm_matched,6,final,164,0.0,0.0,0.035874176770448685,0.020371560007333755,0.02756805159151554,0.0,0.0,0.0,0.0,1.0,0.008306125178933144,0.01550261676311493
test:1902,Qwen3-8B,47,benign,norm_matched,6,final,154,0.0,0.0,0.018598901107907295,0.031550854444503784,0.03514090180397034,0.0,0.0,0.0,0.0,0.0,-0.01654200069606304,-0.012951953336596489
test:1933,Qwen3-8B,47,benign,norm_matched,6,final,46,0.0,0.0,0.02935805544257164,0.02644936367869377,0.011243571527302265,0.0,0.0,1.0,0.0,1.0,0.018114483915269375,0.0029086917638778687
test:577,Qwen3-8B,47,benign,norm_matched,6,final,116,0.0,0.0,0.02172817289829254,0.0268204677850008,0.030932102352380753,0.0,0.0,0.0,0.0,0.0,-0.009203929454088211,-0.00509229488670826
test:1749,Qwen3-8B,47,benign,norm_matched,6,final,414,0.0,0.0,0.017498783767223358,0.028216378763318062,0.02505638264119625,0.0,0.0,1.0,0.0,0.0,-0.007557598873972893,-0.010717594996094704
test:15,Qwen3-8B,47,benign,norm_matched,6,final,303,0.0,0.0,0.10292676836252213,0.03373623266816139,0.06360441446304321,0.0,0.0,0.0,0.0,1.0,0.03932235389947891,0.06919053569436073
test:1753,Qwen3-8B,47,benign,norm_matched,6,final,490,0.0,0.0,0.027680858969688416,0.030989373102784157,0.03487527742981911,0.0,0.0,0.0,0.0,0.0,-0.0071944184601306915,-0.0033085141330957413
test:665,Qwen3-8B,47,benign,norm_matched,6,final,107,0.0,0.0,0.029936036095023155,0.027163514867424965,0.025861887261271477,0.0,0.0,1.0,0.0,1.0,0.0040741488337516785,0.0027725212275981903
test:569,Qwen3-8B,47,benign,norm_matched,6,final,123,0.0,0.0,0.044352106750011444,0.025261791422963142,0.019667865708470345,0.0,0.0,1.0,0.0,1.0,0.0246842410415411,0.0190903153270483
test:1203,Qwen3-8B,47,benign,norm_matched,6,final,93,0.0,0.0,0.04423322156071663,0.03814532235264778,0.024990171194076538,0.0,0.0,1.0,0.0,1.0,0.01924305036664009,0.006087899208068848
test:2105,Qwen3-8B,47,benign,norm_matched,6,final,126,0.0,0.0,0.13099612295627594,0.09977655112743378,0.1140793189406395,0.0,0.0,0.0,0.0,1.0,0.016916804015636444,0.031219571828842163
test:426,Qwen3-8B,47,benign,norm_matched,6,final,367,0.0,0.0,0.023106247186660767,0.02580895461142063,0.022119326516985893,0.0,0.0,1.0,0.0,1.0,0.0009869206696748734,-0.002702707424759865
test:123,Qwen3-8B,47,benign,norm_matched,6,final,145,0.0,0.0,0.03167235106229782,0.02230161800980568,0.027108781039714813,0.0,0.0,0.0,0.0,1.0,0.004563570022583008,0.009370733052492142
test:1405,Qwen3-8B,47,benign,norm_matched,6,final,288,0.0,0.0,0.031971994787454605,0.03310133144259453,0.023163385689258575,0.0,0.0,1.0,0.0,1.0,0.00880860909819603,-0.001129336655139923
test:796,Qwen3-8B,47,benign,norm_matched,6,final,10,0.0,0.0,0.04746334254741669,0.03309673070907593,0.052438121289014816,0.0,0.0,0.0,0.0,0.0,-0.004974778741598129,0.01436661183834076
test:2166,Qwen3-8B,47,benign,norm_matched,6,final,36,0.0,0.0,0.03338146209716797,0.0534508116543293,0.026006989181041718,0.0,0.0,1.0,0.0,1.0,0.007374472916126251,-0.02006934955716133
test:1179,Qwen3-8B,47,benign,norm_matched,6,final,208,0.0,0.0,0.0328226163983345,0.028947843238711357,0.029099933803081512,0.0,0.0,0.0,0.0,1.0,0.0037226825952529907,0.003874773159623146
test:375,Qwen3-8B,47,benign,norm_matched,6,final,18,0.0,0.0,0.02624995820224285,0.028721841052174568,0.015380015596747398,0.0,0.0,1.0,0.0,1.0,0.010869942605495453,-0.002471882849931717
test:1143,Qwen3-8B,47,benign,norm_matched,6,final,45,0.0,0.0,0.06365977972745895,0.04428232088685036,0.04516950622200966,0.0,0.0,0.0,0.0,1.0,0.018490273505449295,0.019377458840608597
test:1882,Qwen3-8B,47,benign,norm_matched,6,final,60,0.0,0.0,0.055310964584350586,0.03148554265499115,0.046210676431655884,0.0,0.0,0.0,0.0,1.0,0.009100288152694702,0.023825421929359436
test:404,Qwen3-8B,47,benign,norm_matched,6,final,414,0.0,0.0,0.01328494492918253,0.02251308038830757,0.01676805689930916,0.0,0.0,1.0,0.0,0.0,-0.003483111970126629,-0.009228135459125042
test:2056,Qwen3-8B,47,benign,norm_matched,6,final,455,0.0,0.0,0.0475316122174263,0.04749255254864693,0.040522560477256775,0.0,0.0,1.0,0.0,1.0,0.007009051740169525,3.905966877937317e-05
test:1331,Qwen3-8B,47,benign,norm_matched,6,final,10,0.0,0.0,0.058475375175476074,0.04757033288478851,0.03740161657333374,0.0,0.0,1.0,0.0,1.0,0.021073758602142334,0.010905042290687561
test:2255,Qwen3-8B,47,benign,norm_matched,6,final,10,0.0,0.0,0.05434625595808029,0.05686546117067337,0.01667095348238945,0.0,0.0,1.0,0.0,1.0,0.03767530247569084,-0.0025192052125930786
test:1122,Qwen3-8B,47,benign,norm_matched,6,final,488,0.0,0.0,0.0237540565431118,0.03966135531663895,0.0426052063703537,0.0,0.0,0.0,0.0,0.0,-0.018851149827241898,-0.015907298773527145
test:1063,Qwen3-8B,47,benign,norm_matched,6,final,38,0.0,0.0,0.07269015163183212,-0.0016113753663375974,0.04708203673362732,0.0,0.0,0.0,0.0,1.0,0.025608114898204803,0.07430152699816972
test:1994,Qwen3-8B,47,benign,norm_matched,6,final,292,0.0,0.0,0.029125507920980453,0.04459434747695923,0.04025927931070328,0.0,0.0,1.0,0.0,0.0,-0.011133771389722824,-0.015468839555978775
test:2291,Qwen3-8B,47,benign,norm_matched,6,final,72,0.0,0.0,0.0301410723477602,0.034346360713243484,0.020998036488890648,0.0,0.0,1.0,0.0,1.0,0.009143035858869553,-0.004205288365483284
test:287,Qwen3-8B,47,benign,norm_matched,6,final,551,0.0,0.0,0.03243601694703102,0.03991534188389778,0.020921975374221802,0.0,0.0,1.0,0.0,1.0,0.01151404157280922,-0.00747932493686676
test:1257,Qwen3-8B,47,benign,norm_matched,6,final,90,0.0,0.0,0.05034103989601135,0.01725025475025177,0.01969827339053154,0.0,0.0,0.0,0.0,1.0,0.030642766505479813,0.03309078514575958
test:564,Qwen3-8B,47,benign,norm_matched,6,final,717,0.0,0.0,0.013038606382906437,0.023504801094532013,0.02388399839401245,0.0,0.0,0.0,0.0,0.0,-0.010845392011106014,-0.010466194711625576
test:1836,Qwen3-8B,47,benign,norm_matched,6,final,59,0.0,0.0,0.029934188351035118,0.04550032690167427,0.05053986236453056,0.0,0.0,0.0,0.0,0.0,-0.020605674013495445,-0.015566138550639153
test:1915,Qwen3-8B,47,benign,norm_matched,6,final,40,0.0,0.0,0.0635484978556633,0.07186120748519897,0.003955898340791464,0.0,0.0,1.0,0.0,1.0,0.059592599514871836,-0.008312709629535675
test:444,Qwen3-8B,47,benign,norm_matched,6,final,563,0.0,0.0,0.0293949693441391,0.03306221589446068,0.028683586046099663,0.0,0.0,1.0,0.0,1.0,0.0007113832980394363,-0.003667246550321579
test:2176,Qwen3-8B,47,benign,norm_matched,6,final,46,0.0,0.0,0.015483387745916843,0.01974206231534481,0.0195716954767704,0.0,0.0,1.0,0.0,0.0,-0.004088307730853558,-0.004258674569427967
test:2145,Qwen3-8B,47,benign,norm_matched,6,final,38,0.0,0.0,0.05041547492146492,0.04416481405496597,0.011256142519414425,0.0,0.0,1.0,0.0,1.0,0.039159332402050495,0.006250660866498947
test:1174,Qwen3-8B,47,benign,norm_matched,6,final,61,0.0,0.0,0.02043161727488041,0.025878768414258957,0.026852566748857498,0.0,0.0,0.0,0.0,0.0,-0.006420949473977089,-0.005447151139378548
test:1230,Qwen3-8B,47,benign,norm_matched,6,final,42,0.0,0.0,0.031593792140483856,0.03193465247750282,0.02369409054517746,0.0,0.0,1.0,0.0,1.0,0.007899701595306396,-0.0003408603370189667
test:1244,Qwen3-8B,47,benign,norm_matched,6,final,27,0.0,0.0,0.02174605056643486,0.03441997617483139,0.013231064192950726,0.0,0.0,1.0,0.0,1.0,0.008514986373484135,-0.01267392560839653
test:606,Qwen3-8B,47,benign,norm_matched,6,final,128,0.0,0.0,0.023378707468509674,0.01397697813808918,0.026154667139053345,0.0,0.0,0.0,0.0,0.0,-0.0027759596705436707,0.009401729330420494
test:304,Qwen3-8B,47,benign,norm_matched,6,final,91,0.0,0.0,0.019676273688673973,0.02007032372057438,0.024206064641475677,0.0,0.0,0.0,0.0,0.0,-0.004529790952801704,-0.0003940500319004059
test:1390,Qwen3-8B,47,benign,norm_matched,6,final,48,0.0,0.0,0.04828264191746712,0.030279211699962616,0.028438780456781387,0.0,0.0,1.0,0.0,1.0,0.01984386146068573,0.0180034302175045
test:1729,Qwen3-8B,47,benign,norm_matched,6,final,21,0.0,0.0,0.046777695417404175,0.040913715958595276,0.029674947261810303,0.0,0.0,1.0,0.0,1.0,0.017102748155593872,0.005863979458808899
test:1454,Qwen3-8B,47,benign,norm_matched,6,final,47,0.0,0.0,0.04311292991042137,0.05050847679376602,0.06514164805412292,0.0,0.0,0.0,0.0,0.0,-0.022028718143701553,-0.00739554688334465
test:858,Qwen3-8B,47,benign,norm_matched,6,final,45,0.0,0.0,0.04256758093833923,0.043654173612594604,0.0043746610172092915,0.0,0.0,1.0,0.0,1.0,0.03819291992112994,-0.001086592674255371
test:771,Qwen3-8B,47,benign,norm_matched,6,final,658,0.0,0.0,0.025864722207188606,0.04232069477438927,0.041723981499671936,0.0,0.0,1.0,0.0,0.0,-0.01585925929248333,-0.01645597256720066
test:660,Qwen3-8B,47,benign,norm_matched,6,final,565,0.0,0.0,0.010966568253934383,0.019490843638777733,0.022974591702222824,0.0,0.0,0.0,0.0,0.0,-0.01200802344828844,-0.00852427538484335
test:888,Qwen3-8B,47,benign,norm_matched,6,final,271,0.0,0.0,0.03064887411892414,0.026331555098295212,0.023746054619550705,0.0,0.0,1.0,0.0,1.0,0.006902819499373436,0.004317319020628929
test:413,Qwen3-8B,47,benign,norm_matched,6,final,131,0.0,0.0,0.037593383342027664,0.012767428532242775,0.03363896533846855,0.0,0.0,0.0,0.0,1.0,0.0039544180035591125,0.02482595480978489
test:130,Qwen3-8B,47,benign,norm_matched,6,final,868,0.0,0.0,0.02541200816631317,0.06005735695362091,0.05849051475524902,0.0,0.0,1.0,0.0,0.0,-0.03307850658893585,-0.03464534878730774
test:1147,Qwen3-8B,47,benign,norm_matched,6,final,649,0.0,0.0,0.05746735632419586,0.03004199080169201,0.032993052154779434,0.0,0.0,0.0,0.0,1.0,0.024474304169416428,0.027425365522503853
test:42,Qwen3-8B,47,benign,norm_matched,6,final,382,0.0,0.0,0.028618184849619865,0.01894097402691841,0.033976659178733826,0.0,0.0,0.0,0.0,0.0,-0.00535847432911396,0.009677210822701454
test:1114,Qwen3-8B,47,benign,norm_matched,6,final,737,0.0,0.0,0.058472879230976105,0.06101126968860626,0.07082756608724594,0.0,0.0,0.0,0.0,0.0,-0.012354686856269836,-0.0025383904576301575
test:1302,Qwen3-8B,47,benign,norm_matched,6,final,615,0.0,0.0,0.01808469370007515,0.030513236299157143,0.02575266733765602,0.0,0.0,1.0,0.0,0.0,-0.007667973637580872,-0.012428542599081993
test:662,Qwen3-8B,47,benign,norm_matched,6,final,483,0.0,0.0,0.034166090190410614,0.03395037725567818,0.03360557556152344,0.0,0.0,1.0,0.0,1.0,0.0005605146288871765,0.00021571293473243713
test:705,Qwen3-8B,47,benign,norm_matched,6,final,23,0.0,0.0,0.06913946568965912,0.0218490082770586,0.02958369441330433,0.0,0.0,0.0,0.0,1.0,0.03955577127635479,0.04729045741260052
test:1413,Qwen3-8B,47,benign,norm_matched,6,final,720,0.0,0.0,0.02850262075662613,0.033864352852106094,0.028227176517248154,0.0,0.0,1.0,0.0,1.0,0.00027544423937797546,-0.005361732095479965
test:940,Qwen3-8B,47,benign,norm_matched,6,final,51,0.0,0.0,0.04843125864863396,0.046407997608184814,0.03615972399711609,0.0,0.0,1.0,0.0,1.0,0.012271534651517868,0.0020232610404491425
test:2162,Qwen3-8B,47,benign,norm_matched,6,final,25,0.0,0.0,0.013429933227598667,0.012723518535494804,0.0001363348710583523,0.0,0.0,1.0,0.0,1.0,0.013293598356540315,0.0007064146921038628
test:51,Qwen3-8B,47,benign,norm_matched,6,final,84,0.0,0.0,0.07241896539926529,0.06707655638456345,0.08768194168806076,0.0,0.0,0.0,0.0,0.0,-0.015262976288795471,0.005342409014701843
test:914,Qwen3-8B,47,benign,norm_matched,6,final,90,0.0,0.0,0.0641661062836647,0.059278231114149094,-0.009016105905175209,0.0,0.0,1.0,0.0,1.0,0.07318221218883991,0.00488787516951561
test:1558,Qwen3-8B,47,benign,norm_matched,6,final,738,0.0,0.0,0.045564211905002594,0.059598345309495926,0.06346407532691956,0.0,0.0,0.0,0.0,0.0,-0.01789986342191696,-0.014034133404493332
test:351,Qwen3-8B,47,benign,norm_matched,6,final,54,0.0,0.0,0.0365656316280365,0.020710501819849014,0.01681005023419857,0.0,0.0,1.0,0.0,1.0,0.01975558139383793,0.015855129808187485
test:1503,Qwen3-8B,47,benign,norm_matched,6,final,33,0.0,0.0,0.05987262353301048,0.04475301131606102,0.032672520726919174,0.0,0.0,1.0,0.0,1.0,0.02720010280609131,0.015119612216949463
test:1138,Qwen3-8B,47,benign,norm_matched,6,final,41,0.0,0.0,0.01873900182545185,0.020270148292183876,0.011339778080582619,0.0,0.0,1.0,0.0,1.0,0.007399223744869232,-0.0015311464667320251
test:1205,Qwen3-8B,47,benign,norm_matched,6,final,1099,0.0,0.0,0.04102623090147972,0.04802662879228592,-0.006557154934853315,0.0,0.0,1.0,0.0,1.0,0.047583385836333036,-0.007000397890806198
test:279,Qwen3-8B,47,benign,norm_matched,6,final,104,0.0,0.0,0.02980382926762104,0.029480241239070892,0.020731862634420395,0.0,0.0,1.0,0.0,1.0,0.009071966633200645,0.000323588028550148
test:1783,Qwen3-8B,47,benign,norm_matched,6,final,998,0.0,0.0,0.01921246200799942,0.03455617278814316,0.007660418748855591,0.0,0.0,1.0,0.0,1.0,0.01155204325914383,-0.015343710780143738
test:684,Qwen3-8B,47,benign,norm_matched,6,final,21,0.0,0.0,0.06414274126291275,0.02408626303076744,0.04044317454099655,0.0,0.0,0.0,0.0,1.0,0.0236995667219162,0.04005647823214531
test:158,Qwen3-8B,47,benign,norm_matched,6,final,1182,0.0,0.0,0.017568454146385193,0.04516735300421715,0.04767586290836334,0.0,0.0,0.0,0.0,0.0,-0.03010740876197815,-0.027598898857831955
test:295,Qwen3-8B,47,benign,norm_matched,6,final,1834,0.0,0.0,0.011400744318962097,0.0335477776825428,0.01442804466933012,0.0,0.0,1.0,0.0,0.0,-0.003027300350368023,-0.022147033363580704
test:1988,Qwen3-8B,47,benign,norm_matched,6,final,32,0.0,0.0,0.04984654113650322,0.027458572760224342,0.02487342618405819,0.0,0.0,1.0,0.0,1.0,0.02497311495244503,0.022387968376278877
test:1735,Qwen3-8B,47,benign,norm_matched,6,final,42,0.0,0.0,0.03083396889269352,0.022884024307131767,0.015983950346708298,0.0,0.0,1.0,0.0,1.0,0.014850018545985222,0.007949944585561752
test:179,Qwen3-8B,47,benign,norm_matched,6,final,30,0.0,0.0,0.05038551986217499,0.0593220479786396,0.0046952576376497746,0.0,0.0,1.0,0.0,1.0,0.04569026222452521,-0.008936528116464615
test:1458,Qwen3-8B,47,benign,norm_matched,6,final,47,0.0,0.0,0.039689935743808746,0.03792406618595123,-0.013834042474627495,0.0,0.0,1.0,0.0,1.0,0.05352397821843624,0.0017658695578575134
test:2202,Qwen3-8B,47,conflict,norm_matched,6,final,5,0.0,0.0,0.018550893291831017,0.018550893291831017,0.023374482989311218,0.0,0.0,0.0,0.0,0.0,-0.004823589697480202,0.0
test:1068,Qwen3-8B,47,conflict,norm_matched,6,final,15,0.0,0.0,0.04248104989528656,0.04208176210522652,0.04248104989528656,0.0,0.0,0.0,0.0,0.0,0.0,0.00039928779006004333
test:913,Qwen3-8B,47,conflict,norm_matched,6,final,18,0.0,0.0,0.009198330342769623,0.016749488189816475,0.016704345121979713,0.0,0.0,1.0,0.0,0.0,-0.007506014779210091,-0.007551157847046852
test:1076,Qwen3-8B,47,conflict,norm_matched,6,final,31,0.0,0.0,0.009984911419451237,0.03724002093076706,0.025824004784226418,0.0,0.0,1.0,0.0,0.0,-0.01583909336477518,-0.027255109511315823
test:563,Qwen3-8B,47,conflict,norm_matched,6,final,28,0.0,0.0,0.026314999908208847,0.016066424548625946,0.02636353112757206,0.0,0.0,0.0,0.0,0.0,-4.8531219363212585e-05,0.010248575359582901
test:463,Qwen3-8B,47,conflict,norm_matched,6,final,29,0.0,0.0,0.016670648008584976,0.02182602882385254,0.01948607712984085,0.0,0.0,1.0,0.0,0.0,-0.0028154291212558746,-0.005155380815267563
test:1684,Qwen3-8B,47,conflict,norm_matched,6,final,27,0.0,0.0,0.02274499647319317,0.036126960068941116,0.03402604162693024,0.0,0.0,1.0,0.0,0.0,-0.011281045153737068,-0.013381963595747948
test:2243,Qwen3-8B,47,conflict,norm_matched,6,final,23,0.0,0.0,0.03616635128855705,0.04976780340075493,0.0423014871776104,0.0,0.0,1.0,0.0,0.0,-0.006135135889053345,-0.013601452112197876
test:1507,Qwen3-8B,47,conflict,norm_matched,6,final,30,0.0,0.0,0.03233364224433899,0.06190505251288414,0.046463336795568466,0.0,0.0,1.0,0.0,0.0,-0.014129694551229477,-0.02957141026854515
test:797,Qwen3-8B,47,conflict,norm_matched,6,final,17,0.0,0.0,0.04420618712902069,0.029906777665019035,0.028807969763875008,0.0,0.0,1.0,0.0,1.0,0.015398217365145683,0.014299409464001656
test:991,Qwen3-8B,47,conflict,norm_matched,6,final,42,0.0,0.0,0.03311309218406677,0.030911728739738464,0.03192680701613426,0.0,0.0,0.0,0.0,1.0,0.0011862851679325104,0.002201363444328308
test:109,Qwen3-8B,47,conflict,norm_matched,6,final,28,0.0,0.0,0.019935423508286476,0.029563112184405327,0.01732722669839859,0.0,0.0,1.0,0.0,1.0,0.002608196809887886,-0.00962768867611885
test:1456,Qwen3-8B,47,conflict,norm_matched,6,final,15,0.0,0.0,0.0394301675260067,0.0406775176525116,0.03568048030138016,0.0,0.0,1.0,0.0,1.0,0.003749687224626541,-0.001247350126504898
test:1171,Qwen3-8B,47,conflict,norm_matched,6,final,26,0.0,0.0,0.028809471055865288,0.02699217014014721,0.032836396247148514,0.0,0.0,0.0,0.0,0.0,-0.004026925191283226,0.0018173009157180786
test:1045,Qwen3-8B,47,conflict,norm_matched,6,final,31,0.0,0.0,0.015791364014148712,0.04116295650601387,0.01616520620882511,0.0,0.0,1.0,0.0,0.0,-0.00037384219467639923,-0.025371592491865158
test:897,Qwen3-8B,47,conflict,norm_matched,6,final,29,0.0,0.0,0.03264419734477997,0.03125502169132233,0.03049316257238388,0.0,0.0,1.0,0.0,1.0,0.0021510347723960876,0.0013891756534576416
test:427,Qwen3-8B,47,conflict,norm_matched,6,final,4,0.0,0.0,0.027513479813933372,0.030951503664255142,0.03279354050755501,0.0,0.0,0.0,0.0,0.0,-0.0052800606936216354,-0.0034380238503217697
test:536,Qwen3-8B,47,conflict,norm_matched,6,final,34,0.0,0.0,0.024236351251602173,0.04030132666230202,0.024125711992383003,0.0,0.0,1.0,0.0,1.0,0.00011063925921916962,-0.016064975410699844
test:1556,Qwen3-8B,47,conflict,norm_matched,6,final,47,0.0,0.0,0.022206932306289673,0.021890928968787193,0.031628306955099106,0.0,0.0,0.0,0.0,0.0,-0.009421374648809433,0.00031600333750247955
test:1638,Qwen3-8B,47,conflict,norm_matched,6,final,31,0.0,0.0,0.018981220200657845,0.028568774461746216,0.025720244273543358,0.0,0.0,1.0,0.0,0.0,-0.006739024072885513,-0.009587554261088371
test:481,Qwen3-8B,47,conflict,norm_matched,6,final,29,0.0,0.0,0.014338528737425804,0.030039548873901367,0.036054398864507675,0.0,0.0,0.0,0.0,0.0,-0.02171587012708187,-0.015701020136475563
test:640,Qwen3-8B,47,conflict,norm_matched,6,final,33,0.0,0.0,0.015140400268137455,0.03218264877796173,0.02387271448969841,0.0,0.0,1.0,0.0,0.0,-0.008732314221560955,-0.017042248509824276
test:903,Qwen3-8B,47,conflict,norm_matched,6,final,33,0.0,0.0,0.028069300577044487,0.026822740212082863,0.03154570981860161,0.0,0.0,0.0,0.0,0.0,-0.0034764092415571213,0.0012465603649616241
test:466,Qwen3-8B,47,conflict,norm_matched,6,final,35,0.0,0.0,0.03269021585583687,0.03662761300802231,0.03060600347816944,0.0,0.0,1.0,0.0,1.0,0.002084212377667427,-0.00393739715218544
test:787,Qwen3-8B,47,conflict,norm_matched,6,final,45,0.0,0.0,0.03333570063114166,0.03477362170815468,0.022873124107718468,0.0,0.0,1.0,0.0,1.0,0.010462576523423195,-0.0014379210770130157
test:63,Qwen3-8B,47,conflict,norm_matched,6,final,52,0.0,0.0,0.018052559345960617,0.047407366335392,0.02268475852906704,0.0,0.0,1.0,0.0,0.0,-0.004632199183106422,-0.02935480698943138
test:1639,Qwen3-8B,47,conflict,norm_matched,6,final,53,0.0,0.0,0.004924194887280464,0.012345847673714161,0.01274794526398182,0.0,0.0,0.0,0.0,0.0,-0.007823750376701355,-0.007421652786433697
test:2265,Qwen3-8B,47,conflict,norm_matched,6,final,33,0.0,0.0,0.01744210161268711,0.018142802640795708,0.02050267904996872,0.0,0.0,0.0,0.0,0.0,-0.0030605774372816086,-0.0007007010281085968
test:1745,Qwen3-8B,47,conflict,norm_matched,6,final,48,0.0,0.0,0.03292345628142357,0.036397114396095276,0.036690980195999146,0.0,0.0,0.0,0.0,0.0,-0.0037675239145755768,-0.003473658114671707
test:9,Qwen3-8B,47,conflict,norm_matched,6,final,44,0.0,0.0,0.010997695848345757,0.08137275278568268,0.06592001020908356,0.0,0.0,1.0,0.0,0.0,-0.0549223143607378,-0.07037505693733692
test:1279,Qwen3-8B,47,conflict,norm_matched,6,final,41,0.0,0.0,0.04008183255791664,0.03613991662859917,0.03790043666958809,0.0,0.0,0.0,0.0,1.0,0.0021813958883285522,0.003941915929317474
test:576,Qwen3-8B,47,conflict,norm_matched,6,final,42,0.0,0.0,0.04634298384189606,0.057423077523708344,0.04822539538145065,0.0,0.0,1.0,0.0,0.0,-0.001882411539554596,-0.011080093681812286
test:2207,Qwen3-8B,47,conflict,norm_matched,6,final,58,0.0,0.0,0.02215898409485817,0.04054011404514313,0.038929570466279984,0.0,0.0,1.0,0.0,0.0,-0.016770586371421814,-0.018381129950284958
test:2168,Qwen3-8B,47,conflict,norm_matched,6,final,54,0.0,0.0,0.005834399722516537,0.049067962914705276,0.02239176258444786,0.0,0.0,1.0,0.0,0.0,-0.016557362861931324,-0.04323356319218874
test:805,Qwen3-8B,47,conflict,norm_matched,6,final,45,0.0,0.0,0.003214122261852026,0.07015776634216309,0.03743727505207062,0.0,0.0,1.0,0.0,0.0,-0.03422315279021859,-0.06694364408031106
test:1197,Qwen3-8B,47,conflict,norm_matched,6,final,43,0.0,0.0,0.017826158553361893,0.023731593042612076,0.021593812853097916,0.0,0.0,1.0,0.0,0.0,-0.003767654299736023,-0.005905434489250183
test:364,Qwen3-8B,47,conflict,norm_matched,6,final,15,0.0,0.0,0.04962901026010513,0.031096089631319046,0.04715454950928688,0.0,0.0,0.0,0.0,1.0,0.0024744607508182526,0.018532920628786087
test:1644,Qwen3-8B,47,conflict,norm_matched,6,final,65,0.0,0.0,0.015477295964956284,0.03148322552442551,0.03970971331000328,0.0,0.0,0.0,0.0,0.0,-0.024232417345046997,-0.016005929559469223
test:91,Qwen3-8B,47,conflict,norm_matched,6,final,50,0.0,0.0,0.028183147311210632,0.04608168452978134,0.061679743230342865,0.0,0.0,0.0,0.0,0.0,-0.03349659591913223,-0.01789853721857071
test:328,Qwen3-8B,47,conflict,norm_matched,6,final,15,0.0,0.0,0.03489863872528076,0.03176862373948097,0.02254372276365757,0.0,0.0,1.0,0.0,1.0,0.012354915961623192,0.0031300149857997894
test:205,Qwen3-8B,47,conflict,norm_matched,6,final,44,0.0,0.0,0.020313464105129242,0.045384448021650314,0.03670845180749893,0.0,0.0,1.0,0.0,0.0,-0.01639498770236969,-0.025070983916521072
test:1797,Qwen3-8B,47,conflict,norm_matched,6,final,48,0.0,0.0,0.013815484009683132,0.026317769661545753,0.02208745665848255,0.0,0.0,1.0,0.0,0.0,-0.00827197264879942,-0.012502285651862621
test:1072,Qwen3-8B,47,conflict,norm_matched,6,final,52,0.0,0.0,0.03200606256723404,0.041201069951057434,0.01803530752658844,0.0,0.0,1.0,0.0,1.0,0.0139707550406456,-0.009195007383823395
test:1445,Qwen3-8B,47,conflict,norm_matched,6,final,61,0.0,0.0,0.030040059238672256,0.07220671325922012,0.06581086665391922,0.0,0.0,1.0,0.0,0.0,-0.035770807415246964,-0.04216665402054787
test:630,Qwen3-8B,47,conflict,norm_matched,6,final,63,0.0,0.0,0.03461744636297226,0.04052482172846794,0.03396992012858391,0.0,0.0,1.0,0.0,1.0,0.0006475262343883514,-0.005907375365495682
test:1252,Qwen3-8B,47,conflict,norm_matched,6,final,54,0.0,0.0,0.023549815639853477,0.024492505937814713,0.039362430572509766,0.0,0.0,0.0,0.0,0.0,-0.015812614932656288,-0.000942690297961235
test:1721,Qwen3-8B,47,conflict,norm_matched,6,final,14,0.0,0.0,0.02629530057311058,0.02210959792137146,0.020747873932123184,0.0,0.0,1.0,0.0,1.0,0.005547426640987396,0.0041857026517391205
test:236,Qwen3-8B,47,conflict,norm_matched,6,final,55,0.0,0.0,0.03979216888546944,0.05651416257023811,0.05529411882162094,0.0,0.0,1.0,0.0,0.0,-0.015501949936151505,-0.016721993684768677
test:612,Qwen3-8B,47,conflict,norm_matched,6,final,60,0.0,0.0,0.0123332180082798,0.023135440424084663,0.025180598720908165,0.0,0.0,0.0,0.0,0.0,-0.012847380712628365,-0.010802222415804863
test:354,Qwen3-8B,47,conflict,norm_matched,6,final,59,0.0,0.0,0.029620958492159843,0.05962434783577919,0.04777444154024124,0.0,0.0,1.0,0.0,0.0,-0.018153483048081398,-0.030003389343619347
test:2047,Qwen3-8B,47,conflict,norm_matched,6,final,54,0.0,0.0,0.02292405627667904,0.03559940308332443,0.029182162135839462,0.0,0.0,1.0,0.0,0.0,-0.006258105859160423,-0.012675346806645393
test:1687,Qwen3-8B,47,conflict,norm_matched,6,final,44,0.0,0.0,0.021875012665987015,0.02209591306746006,0.023016884922981262,0.0,0.0,0.0,0.0,0.0,-0.0011418722569942474,-0.00022090040147304535
test:1787,Qwen3-8B,47,conflict,norm_matched,6,final,53,0.0,0.0,0.020637210458517075,0.03150687366724014,0.040028899908065796,0.0,0.0,0.0,0.0,0.0,-0.01939168944954872,-0.010869663208723068
test:896,Qwen3-8B,47,conflict,norm_matched,6,final,67,0.0,0.0,0.05709836632013321,0.04505109041929245,0.07029420137405396,0.0,0.0,0.0,0.0,0.0,-0.013195835053920746,0.01204727590084076
test:1282,Qwen3-8B,47,conflict,norm_matched,6,final,56,0.0,0.0,0.02462266944348812,0.032222773879766464,0.027866756543517113,0.0,0.0,1.0,0.0,0.0,-0.0032440871000289917,-0.007600104436278343
test:1036,Qwen3-8B,47,conflict,norm_matched,6,final,34,0.0,0.0,0.01539321057498455,0.017479710280895233,0.015866074711084366,0.0,0.0,1.0,0.0,0.0,-0.00047286413609981537,-0.0020864997059106827
test:2230,Qwen3-8B,47,conflict,norm_matched,6,final,64,0.0,0.0,0.055400293320417404,0.041089288890361786,0.046100202947854996,0.0,0.0,0.0,0.0,1.0,0.009300090372562408,0.014311004430055618
test:376,Qwen3-8B,47,conflict,norm_matched,6,final,72,0.0,0.0,0.04028432071208954,0.05307251587510109,0.04932393878698349,0.0,0.0,1.0,0.0,0.0,-0.009039618074893951,-0.012788195163011551
test:1544,Qwen3-8B,47,conflict,norm_matched,6,final,21,0.0,0.0,0.02917049638926983,0.030310029163956642,0.027767017483711243,0.0,0.0,1.0,0.0,1.0,0.0014034789055585861,-0.0011395327746868134
test:863,Qwen3-8B,47,conflict,norm_matched,6,final,74,0.0,0.0,0.021342480555176735,0.04058244824409485,0.039898648858070374,0.0,0.0,1.0,0.0,0.0,-0.01855616830289364,-0.019239967688918114
test:2292,Qwen3-8B,47,conflict,norm_matched,6,final,51,0.0,0.0,0.019485386088490486,0.010466779582202435,0.01677709072828293,0.0,0.0,0.0,0.0,1.0,0.0027082953602075577,0.009018606506288052
test:392,Qwen3-8B,47,conflict,norm_matched,6,final,56,0.0,0.0,0.02471504546701908,0.02213100716471672,0.028466351330280304,0.0,0.0,0.0,0.0,0.0,-0.003751305863261223,0.0025840383023023605
test:1675,Qwen3-8B,47,conflict,norm_matched,6,final,40,0.0,0.0,0.026085229590535164,0.023272579535841942,0.021734239533543587,0.0,0.0,1.0,0.0,1.0,0.004350990056991577,0.002812650054693222
test:1718,Qwen3-8B,47,conflict,norm_matched,6,final,78,0.0,0.0,0.04137340933084488,0.042125359177589417,0.04166904091835022,0.0,0.0,1.0,0.0,0.0,-0.0002956315875053406,-0.0007519498467445374
test:1150,Qwen3-8B,47,conflict,norm_matched,6,final,64,0.0,0.0,0.01345772109925747,0.014053578488528728,0.010610914789140224,0.0,0.0,1.0,0.0,1.0,0.0028468063101172447,-0.0005958573892712593
test:1659,Qwen3-8B,47,conflict,norm_matched,6,final,74,0.0,0.0,0.021145695820450783,0.01894564926624298,0.018922319635748863,0.0,0.0,1.0,0.0,1.0,0.0022233761847019196,0.002200046554207802
test:1213,Qwen3-8B,47,conflict,norm_matched,6,final,4,0.0,0.0,0.033130329102277756,0.04359908401966095,0.02489594556391239,0.0,0.0,1.0,0.0,1.0,0.008234383538365364,-0.010468754917383194
test:1037,Qwen3-8B,47,conflict,norm_matched,6,final,20,0.0,0.0,0.019528212025761604,0.02336476929485798,0.013749729841947556,0.0,0.0,1.0,0.0,1.0,0.005778482183814049,-0.0038365572690963745
test:1201,Qwen3-8B,47,conflict,norm_matched,6,final,40,0.0,0.0,0.05083656311035156,0.04780704155564308,0.03591059148311615,0.0,0.0,1.0,0.0,1.0,0.014925971627235413,0.003029521554708481
test:1093,Qwen3-8B,47,conflict,norm_matched,6,final,57,0.0,0.0,0.008982864208519459,0.04129748046398163,0.030604345723986626,0.0,0.0,1.0,0.0,0.0,-0.021621481515467167,-0.03231461625546217
test:37,Qwen3-8B,47,conflict,norm_matched,6,final,62,0.0,0.0,0.008982253260910511,0.07070042192935944,0.040690869092941284,0.0,0.0,1.0,0.0,0.0,-0.03170861583203077,-0.061718168668448925
test:785,Qwen3-8B,47,conflict,norm_matched,6,final,74,0.0,0.0,0.0330362468957901,0.042697418481111526,0.04079759865999222,0.0,0.0,1.0,0.0,0.0,-0.007761351764202118,-0.009661171585321426
test:1842,Qwen3-8B,47,conflict,norm_matched,6,final,18,0.0,0.0,0.03165455162525177,0.04115334525704384,0.03280927240848541,0.0,0.0,1.0,0.0,0.0,-0.0011547207832336426,-0.009498793631792068
test:1860,Qwen3-8B,47,conflict,norm_matched,6,final,86,0.0,0.0,0.02175995521247387,0.019270537421107292,0.009800916537642479,0.0,0.0,1.0,0.0,1.0,0.01195903867483139,0.002489417791366577
test:963,Qwen3-8B,47,conflict,norm_matched,6,final,39,0.0,0.0,0.058547716587781906,0.06303268671035767,0.025236312299966812,0.0,0.0,1.0,0.0,1.0,0.033311404287815094,-0.00448497012257576
test:827,Qwen3-8B,47,conflict,norm_matched,6,final,62,0.0,0.0,0.031825289130210876,0.028239857405424118,0.02743643708527088,0.0,0.0,1.0,0.0,1.0,0.004388852044939995,0.0035854317247867584
test:17,Qwen3-8B,47,conflict,norm_matched,6,final,105,0.0,0.0,0.02548639476299286,0.031544994562864304,0.047630295157432556,0.0,0.0,0.0,0.0,0.0,-0.022143900394439697,-0.006058599799871445
test:1937,Qwen3-8B,47,conflict,norm_matched,6,final,59,0.0,0.0,0.04136936739087105,0.03694571182131767,0.03979525342583656,0.0,0.0,0.0,0.0,1.0,0.0015741139650344849,0.004423655569553375
test:765,Qwen3-8B,47,conflict,norm_matched,6,final,82,0.0,0.0,0.03445038944482803,0.05672203004360199,0.048937827348709106,0.0,0.0,1.0,0.0,0.0,-0.014487437903881073,-0.022271640598773956
test:2008,Qwen3-8B,47,conflict,norm_matched,6,final,87,0.0,0.0,0.038287270814180374,0.036794260144233704,0.04102177545428276,0.0,0.0,0.0,0.0,0.0,-0.0027345046401023865,0.0014930106699466705
test:520,Qwen3-8B,47,conflict,norm_matched,6,final,15,0.0,0.0,0.04163903743028641,0.04351745918393135,0.03401812165975571,0.0,0.0,1.0,0.0,1.0,0.007620915770530701,-0.0018784217536449432
test:1124,Qwen3-8B,47,conflict,norm_matched,6,final,46,0.0,0.0,0.029088765382766724,0.016539668664336205,0.015536499209702015,0.0,0.0,1.0,0.0,1.0,0.013552266173064709,0.012549096718430519
test:459,Qwen3-8B,47,conflict,norm_matched,6,final,52,0.0,0.0,0.03153342381119728,0.030198542401194572,0.02923225238919258,0.0,0.0,1.0,0.0,1.0,0.0023011714220046997,0.0013348814100027084
test:177,Qwen3-8B,47,conflict,norm_matched,6,final,102,0.0,0.0,0.016721142455935478,0.026380395516753197,0.024590233340859413,0.0,0.0,1.0,0.0,0.0,-0.007869090884923935,-0.009659253060817719
test:192,Qwen3-8B,47,conflict,norm_matched,6,final,100,0.0,0.0,0.03530969098210335,0.03440627083182335,0.04298889636993408,0.0,0.0,0.0,0.0,0.0,-0.007679205387830734,0.0009034201502799988
test:2160,Qwen3-8B,47,conflict,norm_matched,6,final,95,0.0,0.0,0.04024796932935715,0.03798448294401169,0.031420327723026276,0.0,0.0,1.0,0.0,1.0,0.008827641606330872,0.002263486385345459
test:1617,Qwen3-8B,47,conflict,norm_matched,6,final,32,0.0,0.0,0.023653127253055573,0.016930945217609406,0.012295149266719818,0.0,0.0,1.0,0.0,1.0,0.011357977986335754,0.006722182035446167
test:100,Qwen3-8B,47,conflict,norm_matched,6,final,7,0.0,0.0,0.020793957635760307,0.042587798088788986,0.037534233182668686,0.0,0.0,1.0,0.0,0.0,-0.01674027554690838,-0.02179384045302868
test:693,Qwen3-8B,47,conflict,norm_matched,6,final,97,0.0,0.0,0.03479747474193573,0.03292861953377724,0.030070835724473,0.0,0.0,1.0,0.0,1.0,0.00472663901746273,0.001868855208158493
test:195,Qwen3-8B,47,conflict,norm_matched,6,final,71,0.0,0.0,0.013615475967526436,0.015635831281542778,0.01548827439546585,0.0,0.0,1.0,0.0,0.0,-0.001872798427939415,-0.002020355314016342
test:114,Qwen3-8B,47,conflict,norm_matched,6,final,15,0.0,0.0,0.03801671415567398,0.03163721412420273,0.031230786815285683,0.0,0.0,1.0,0.0,1.0,0.006785927340388298,0.0063795000314712524
test:2205,Qwen3-8B,47,conflict,norm_matched,6,final,34,0.0,0.0,0.039364445954561234,0.036767035722732544,0.040840502828359604,0.0,0.0,0.0,0.0,0.0,-0.0014760568737983704,0.0025974102318286896
test:1380,Qwen3-8B,47,conflict,norm_matched,6,final,90,0.0,0.0,0.03685727342963219,0.04202079400420189,0.04231655225157738,0.0,0.0,0.0,0.0,0.0,-0.00545927882194519,-0.005163520574569702
test:668,Qwen3-8B,47,conflict,norm_matched,6,final,22,0.0,0.0,0.00894880946725607,0.024495305493474007,0.015869541093707085,0.0,0.0,1.0,0.0,0.0,-0.0069207316264510155,-0.015546496026217937
test:874,Qwen3-8B,47,conflict,norm_matched,6,final,17,0.0,0.0,0.042864661663770676,0.05121135711669922,0.043307073414325714,0.0,0.0,1.0,0.0,0.0,-0.00044241175055503845,-0.008346695452928543
test:1824,Qwen3-8B,47,conflict,norm_matched,6,final,63,0.0,0.0,0.02504989691078663,0.030458109453320503,0.01124571356922388,0.0,0.0,1.0,0.0,1.0,0.013804183341562748,-0.0054082125425338745
test:1248,Qwen3-8B,47,conflict,norm_matched,6,final,87,0.0,0.0,0.02511364035308361,0.045304179191589355,0.0015171492705121636,0.0,0.0,1.0,0.0,1.0,0.023596491082571447,-0.020190538838505745
test:714,Qwen3-8B,47,conflict,norm_matched,6,final,48,0.0,0.0,0.04634927213191986,0.04728521406650543,0.03592139109969139,0.0,0.0,1.0,0.0,1.0,0.01042788103222847,-0.0009359419345855713
test:133,Qwen3-8B,47,conflict,norm_matched,6,final,75,0.0,0.0,0.015269197523593903,0.01749473065137863,0.013299395330250263,0.0,0.0,1.0,0.0,1.0,0.0019698021933436394,-0.002225533127784729
test:162,Qwen3-8B,47,conflict,norm_matched,6,final,68,0.0,0.0,0.037867818027734756,0.038535457104444504,0.03981546312570572,0.0,0.0,0.0,0.0,0.0,-0.0019476450979709625,-0.0006676390767097473
test:2079,Qwen3-8B,47,conflict,norm_matched,6,final,94,0.0,0.0,0.020799163728952408,0.021732566878199577,0.019817078486084938,0.0,0.0,1.0,0.0,1.0,0.0009820852428674698,-0.0009334031492471695
test:1795,Qwen3-8B,47,conflict,norm_matched,6,final,103,0.0,0.0,0.0440128892660141,0.03709864988923073,0.026917263865470886,0.0,0.0,1.0,0.0,1.0,0.017095625400543213,0.006914239376783371
test:1760,Qwen3-8B,47,conflict,norm_matched,6,final,69,0.0,0.0,0.022889867424964905,0.01980210654437542,0.02094239741563797,0.0,0.0,0.0,0.0,1.0,0.0019474700093269348,0.003087760880589485
test:1424,Qwen3-8B,47,conflict,norm_matched,6,final,65,0.0,0.0,0.025604048743844032,0.03208855912089348,0.023851264268159866,0.0,0.0,1.0,0.0,1.0,0.001752784475684166,-0.006484510377049446
test:62,Qwen3-8B,47,conflict,norm_matched,6,final,43,0.0,0.0,0.04245224967598915,0.03568577021360397,0.018724555149674416,0.0,0.0,1.0,0.0,1.0,0.023727694526314735,0.006766479462385178
test:522,Qwen3-8B,47,conflict,norm_matched,6,final,101,0.0,0.0,0.03703537583351135,0.05341830104589462,0.04647373780608177,0.0,0.0,1.0,0.0,0.0,-0.00943836197257042,-0.01638292521238327
test:1227,Qwen3-8B,47,conflict,norm_matched,6,final,27,0.0,0.0,0.04113785922527313,0.04681151360273361,0.04481379687786102,0.0,0.0,1.0,0.0,0.0,-0.0036759376525878906,-0.00567365437746048
test:397,Qwen3-8B,47,conflict,norm_matched,6,final,94,0.0,0.0,0.017647508531808853,0.01863616146147251,0.015454663895070553,0.0,0.0,1.0,0.0,1.0,0.0021928446367383003,-0.0009886529296636581
test:374,Qwen3-8B,47,conflict,norm_matched,6,final,57,0.0,0.0,0.01980392448604107,0.027998296543955803,0.03173096477985382,0.0,0.0,0.0,0.0,0.0,-0.011927040293812752,-0.008194372057914734
test:1078,Qwen3-8B,47,conflict,norm_matched,6,final,28,0.0,0.0,0.026626819744706154,0.029466120526194572,0.03451651334762573,0.0,0.0,0.0,0.0,0.0,-0.007889693602919579,-0.0028393007814884186
test:1664,Qwen3-8B,47,conflict,norm_matched,6,final,110,0.0,0.0,0.018757037818431854,0.03640042245388031,0.029690224677324295,0.0,0.0,1.0,0.0,0.0,-0.01093318685889244,-0.017643384635448456
test:1818,Qwen3-8B,47,conflict,norm_matched,6,final,43,0.0,0.0,0.04618915542960167,0.039484765380620956,0.03346621245145798,0.0,0.0,1.0,0.0,1.0,0.012722942978143692,0.006704390048980713
test:1246,Qwen3-8B,47,conflict,norm_matched,6,final,105,0.0,0.0,0.030987024307250977,0.044632624834775925,0.050974033772945404,0.0,0.0,0.0,0.0,0.0,-0.019987009465694427,-0.013645600527524948
test:1887,Qwen3-8B,47,conflict,norm_matched,6,final,114,0.0,0.0,0.012141101062297821,0.01646612584590912,0.019997280091047287,0.0,0.0,0.0,0.0,0.0,-0.007856179028749466,-0.004325024783611298
test:1623,Qwen3-8B,47,conflict,norm_matched,6,final,59,0.0,0.0,0.04337362200021744,0.02869616448879242,0.031508032232522964,0.0,0.0,0.0,0.0,1.0,0.011865589767694473,0.014677457511425018
test:196,Qwen3-8B,47,conflict,norm_matched,6,final,102,0.0,0.0,0.028645511716604233,0.04744129627943039,0.050325408577919006,0.0,0.0,0.0,0.0,0.0,-0.021679896861314774,-0.018795784562826157
test:1899,Qwen3-8B,47,conflict,norm_matched,6,final,41,0.0,0.0,0.02425733394920826,0.022008487954735756,0.021332111209630966,0.0,0.0,1.0,0.0,1.0,0.0029252227395772934,0.0022488459944725037
test:1208,Qwen3-8B,47,conflict,norm_matched,6,final,107,0.0,0.0,0.028100015595555305,0.033550016582012177,0.029105059802532196,0.0,0.0,1.0,0.0,0.0,-0.0010050442069768906,-0.005450000986456871
test:1441,Qwen3-8B,47,conflict,norm_matched,6,final,44,0.0,0.0,0.051981616765260696,0.05181339383125305,0.021747170016169548,0.0,0.0,1.0,0.0,1.0,0.03023444674909115,0.00016822293400764465
test:1102,Qwen3-8B,47,conflict,norm_matched,6,final,17,0.0,0.0,0.04418591409921646,0.04104384034872055,0.0398552305996418,0.0,0.0,1.0,0.0,1.0,0.004330683499574661,0.0031420737504959106
test:76,Qwen3-8B,47,conflict,norm_matched,6,final,130,0.0,0.0,0.025839000940322876,0.027228238061070442,0.016986127942800522,0.0,0.0,1.0,0.0,1.0,0.008852872997522354,-0.0013892371207475662
test:1855,Qwen3-8B,47,conflict,norm_matched,6,final,126,0.0,0.0,0.03650327026844025,0.035768069326877594,0.04020359367132187,0.0,0.0,0.0,0.0,0.0,-0.0037003234028816223,0.0007352009415626526
test:1652,Qwen3-8B,47,conflict,norm_matched,6,final,94,0.0,0.0,0.052335839718580246,0.04584162309765816,0.049088094383478165,0.0,0.0,0.0,0.0,1.0,0.0032477453351020813,0.006494216620922089
test:355,Qwen3-8B,47,conflict,norm_matched,6,final,27,0.0,0.0,0.01621440052986145,0.020613476634025574,0.019033605232834816,0.0,0.0,1.0,0.0,0.0,-0.002819204702973366,-0.0043990761041641235
test:2144,Qwen3-8B,47,conflict,norm_matched,6,final,119,0.0,0.0,0.01725843735039234,0.031340133398771286,0.019333908334374428,0.0,0.0,1.0,0.0,0.0,-0.002075470983982086,-0.014081696048378944
test:210,Qwen3-8B,47,conflict,norm_matched,6,final,64,0.0,0.0,0.02666410431265831,0.02434711530804634,0.023544324561953545,0.0,0.0,1.0,0.0,1.0,0.0031197797507047653,0.002316989004611969
test:1713,Qwen3-8B,47,conflict,norm_matched,6,final,59,0.0,0.0,0.022588353604078293,0.02339143492281437,0.0362585186958313,0.0,0.0,0.0,0.0,0.0,-0.013670165091753006,-0.0008030813187360764
test:1574,Qwen3-8B,47,conflict,norm_matched,6,final,50,0.0,0.0,0.03598213195800781,0.027601858600974083,0.04280906170606613,0.0,0.0,0.0,0.0,0.0,-0.006826929748058319,0.00838027335703373
test:1488,Qwen3-8B,47,conflict,norm_matched,6,final,14,0.0,0.0,0.023417193442583084,0.020287062972784042,0.02763660065829754,0.0,0.0,0.0,0.0,0.0,-0.004219407215714455,0.0031301304697990417
test:1868,Qwen3-8B,47,conflict,norm_matched,6,final,24,0.0,0.0,0.02571866475045681,0.021604401990771294,0.02594667673110962,0.0,0.0,0.0,0.0,0.0,-0.00022801198065280914,0.004114262759685516
test:2233,Qwen3-8B,47,conflict,norm_matched,6,final,93,0.0,0.0,0.07649579644203186,0.05528062582015991,0.07279399782419205,0.0,0.0,0.0,0.0,1.0,0.0037017986178398132,0.021215170621871948
test:692,Qwen3-8B,47,conflict,norm_matched,6,final,132,0.0,0.0,0.0477440282702446,0.03745220601558685,0.03848736733198166,0.0,0.0,0.0,0.0,1.0,0.00925666093826294,0.010291822254657745
test:1732,Qwen3-8B,47,conflict,norm_matched,6,final,20,0.0,0.0,0.023176787421107292,0.060607343912124634,0.03425855562090874,0.0,0.0,1.0,0.0,0.0,-0.011081768199801445,-0.03743055649101734
test:1002,Qwen3-8B,47,conflict,norm_matched,6,final,28,0.0,0.0,0.030055198818445206,0.012768340297043324,0.03668024390935898,0.0,0.0,0.0,0.0,0.0,-0.006625045090913773,0.017286858521401882
test:1607,Qwen3-8B,47,conflict,norm_matched,6,final,55,0.0,0.0,0.014952801167964935,0.010678359307348728,0.014076083898544312,0.0,0.0,0.0,0.0,1.0,0.0008767172694206238,0.004274441860616207
test:1123,Qwen3-8B,47,conflict,norm_matched,6,final,126,0.0,0.0,0.01510027889162302,0.026326632127165794,0.022154562175273895,0.0,0.0,1.0,0.0,0.0,-0.007054283283650875,-0.011226353235542774
test:120,Qwen3-8B,47,conflict,norm_matched,6,final,144,0.0,0.0,0.03580911457538605,0.04425707831978798,0.0493888333439827,0.0,0.0,0.0,0.0,0.0,-0.01357971876859665,-0.008447963744401932
test:652,Qwen3-8B,47,conflict,norm_matched,6,final,15,0.0,0.0,0.03507446497678757,0.028437476605176926,0.03517518192529678,0.0,0.0,0.0,0.0,0.0,-0.00010071694850921631,0.0066369883716106415
test:850,Qwen3-8B,47,conflict,norm_matched,6,final,88,0.0,0.0,0.01314951665699482,0.031679730862379074,0.036088570952415466,0.0,0.0,0.0,0.0,0.0,-0.022939054295420647,-0.018530214205384254
test:1633,Qwen3-8B,47,conflict,norm_matched,6,final,100,0.0,0.0,0.03158403933048248,0.030375860631465912,0.03204607963562012,0.0,0.0,0.0,0.0,0.0,-0.0004620403051376343,0.001208178699016571
test:1126,Qwen3-8B,47,conflict,norm_matched,6,final,18,0.0,0.0,0.07872982323169708,0.06772703677415848,0.05800674483180046,0.0,0.0,1.0,0.0,1.0,0.02072307839989662,0.011002786457538605
test:2130,Qwen3-8B,47,conflict,norm_matched,6,final,45,0.0,0.0,0.036405470222234726,0.02573155239224434,0.026581326499581337,0.0,0.0,0.0,0.0,1.0,0.009824143722653389,0.010673917829990387
test:1982,Qwen3-8B,47,conflict,norm_matched,6,final,32,0.0,0.0,0.016618691384792328,0.015600311569869518,0.015360087156295776,0.0,0.0,1.0,0.0,1.0,0.0012586042284965515,0.0010183798149228096
test:941,Qwen3-8B,47,conflict,norm_matched,6,final,60,0.0,0.0,0.04029184952378273,0.02343733049929142,0.05888930708169937,0.0,0.0,0.0,0.0,0.0,-0.01859745755791664,0.01685451902449131
test:1038,Qwen3-8B,47,conflict,norm_matched,6,final,87,0.0,0.0,0.027013879269361496,0.024641022086143494,0.02725192718207836,0.0,0.0,0.0,0.0,0.0,-0.00023804791271686554,0.0023728571832180023
test:359,Qwen3-8B,47,conflict,norm_matched,6,final,62,0.0,0.0,0.04974931851029396,0.03133486211299896,0.03780696541070938,0.0,0.0,0.0,0.0,1.0,0.01194235309958458,0.018414456397294998
test:1015,Qwen3-8B,47,conflict,norm_matched,6,final,117,0.0,0.0,0.025657672435045242,0.026449380442500114,0.029796099290251732,0.0,0.0,0.0,0.0,0.0,-0.0041384268552064896,-0.0007917080074548721
test:680,Qwen3-8B,47,conflict,norm_matched,6,final,15,0.0,0.0,0.025094101205468178,0.02218613773584366,0.0185347069054842,0.0,0.0,1.0,0.0,1.0,0.006559394299983978,0.0029079634696245193
test:1240,Qwen3-8B,47,conflict,norm_matched,6,final,163,0.0,0.0,0.0223695058375597,0.043346717953681946,0.04200941324234009,0.0,0.0,1.0,0.0,0.0,-0.019639907404780388,-0.020977212116122246
test:1330,Qwen3-8B,47,conflict,norm_matched,6,final,48,0.0,0.0,0.03742581233382225,0.03229430317878723,0.028479333966970444,0.0,0.0,1.0,0.0,1.0,0.008946478366851807,0.005131509155035019
test:544,Qwen3-8B,47,conflict,norm_matched,6,final,137,0.0,0.0,0.0358293391764164,0.039825282990932465,0.03886754438281059,0.0,0.0,1.0,0.0,0.0,-0.0030382052063941956,-0.0039959438145160675
test:695,Qwen3-8B,47,conflict,norm_matched,6,final,162,0.0,0.0,0.031571172177791595,0.03462814912199974,0.02871314063668251,0.0,0.0,1.0,0.0,1.0,0.002858031541109085,-0.003056976944208145
test:1019,Qwen3-8B,47,conflict,norm_matched,6,final,17,0.0,0.0,0.040113113820552826,0.030834488570690155,0.0304853692650795,0.0,0.0,1.0,0.0,1.0,0.009627744555473328,0.009278625249862671
test:2172,Qwen3-8B,47,conflict,norm_matched,6,final,29,0.0,0.0,0.0731358602643013,0.08633050322532654,0.06197468191385269,0.0,0.0,1.0,0.0,1.0,0.011161178350448608,-0.013194642961025238
test:446,Qwen3-8B,47,conflict,norm_matched,6,final,143,0.0,0.0,0.0442177876830101,0.018311403691768646,0.0513102151453495,0.0,0.0,0.0,0.0,0.0,-0.007092427462339401,0.025906383991241455
test:7,Qwen3-8B,47,conflict,norm_matched,6,final,16,0.0,0.0,0.016466733068227768,0.014029642567038536,0.015029540285468102,0.0,0.0,0.0,0.0,1.0,0.0014371927827596664,0.002437090501189232
test:1589,Qwen3-8B,47,conflict,norm_matched,6,final,129,0.0,0.0,0.03265954181551933,0.03172814100980759,0.029096750542521477,0.0,0.0,1.0,0.0,1.0,0.003562791272997856,0.0009314008057117462
test:1087,Qwen3-8B,47,conflict,norm_matched,6,final,158,0.0,0.0,0.04774158447980881,0.05046980828046799,0.0521598719060421,0.0,0.0,0.0,0.0,0.0,-0.004418287426233292,-0.0027282238006591797
test:603,Qwen3-8B,47,conflict,norm_matched,6,final,173,0.0,0.0,0.016824454069137573,0.017806386575102806,0.026213843375444412,0.0,0.0,0.0,0.0,0.0,-0.009389389306306839,-0.0009819325059652328
test:1608,Qwen3-8B,47,conflict,norm_matched,6,final,28,0.0,0.0,0.02344416454434395,0.031852301210165024,0.02368340641260147,0.0,0.0,1.0,0.0,0.0,-0.00023924186825752258,-0.008408136665821075
test:774,Qwen3-8B,47,conflict,norm_matched,6,final,84,0.0,0.0,0.028707405552268028,0.02276451140642166,0.022209906950592995,0.0,0.0,1.0,0.0,1.0,0.006497498601675034,0.005942894145846367
test:1996,Qwen3-8B,47,conflict,norm_matched,6,final,66,0.0,0.0,0.039688918739557266,0.035277266055345535,0.02914772927761078,0.0,0.0,1.0,0.0,1.0,0.010541189461946487,0.004411652684211731
test:2221,Qwen3-8B,47,conflict,norm_matched,6,final,96,0.0,0.0,0.0411764532327652,0.034367885440588,0.04109180346131325,0.0,0.0,0.0,0.0,1.0,8.464977145195007e-05,0.0068085677921772
test:1313,Qwen3-8B,47,conflict,norm_matched,6,final,129,0.0,0.0,0.04146954044699669,0.043404094874858856,0.0364898256957531,0.0,0.0,1.0,0.0,1.0,0.004979714751243591,-0.0019345544278621674
test:1515,Qwen3-8B,47,conflict,norm_matched,6,final,216,0.0,0.0,0.03538188338279724,0.030419640243053436,0.03410397842526436,0.0,0.0,0.0,0.0,1.0,0.0012779049575328827,0.004962243139743805
test:1418,Qwen3-8B,47,conflict,norm_matched,6,final,180,0.0,0.0,0.0319681353867054,0.03530656173825264,0.033098701387643814,0.0,0.0,1.0,0.0,0.0,-0.0011305660009384155,-0.003338426351547241
test:999,Qwen3-8B,47,conflict,norm_matched,6,final,84,0.0,0.0,0.027723243460059166,0.03660110756754875,0.01995086297392845,0.0,0.0,1.0,0.0,1.0,0.007772380486130714,-0.008877864107489586
test:1431,Qwen3-8B,47,conflict,norm_matched,6,final,56,0.0,0.0,0.02488933689892292,0.024643322452902794,0.029579220339655876,0.0,0.0,0.0,0.0,0.0,-0.004689883440732956,0.00024601444602012634
test:702,Qwen3-8B,47,conflict,norm_matched,6,final,24,0.0,0.0,0.031821779906749725,0.031053630635142326,0.03446730971336365,0.0,0.0,0.0,0.0,0.0,-0.002645529806613922,0.000768149271607399
test:111,Qwen3-8B,47,conflict,norm_matched,6,final,37,0.0,0.0,0.0527830496430397,0.06068383529782295,0.04446542263031006,0.0,0.0,1.0,0.0,1.0,0.008317627012729645,-0.007900785654783249
test:1039,Qwen3-8B,47,conflict,norm_matched,6,final,84,0.0,0.0,0.02254030667245388,0.025209501385688782,0.031210333108901978,0.0,0.0,0.0,0.0,0.0,-0.008670026436448097,-0.0026691947132349014
test:586,Qwen3-8B,47,conflict,norm_matched,6,final,210,0.0,0.0,0.01581602357327938,0.048097334802150726,0.011467620730400085,0.0,0.0,1.0,0.0,1.0,0.004348402842879295,-0.032281311228871346
test:733,Qwen3-8B,47,conflict,norm_matched,6,final,22,0.0,0.0,0.034343134611845016,0.035845983773469925,0.03137714043259621,0.0,0.0,1.0,0.0,1.0,0.00296599417924881,-0.0015028491616249084
test:562,Qwen3-8B,47,conflict,norm_matched,6,final,62,0.0,0.0,0.0025527686811983585,0.03134762495756149,-0.00046938774175941944,0.0,0.0,1.0,0.0,1.0,0.003022156422957778,-0.028794856276363134
test:367,Qwen3-8B,47,conflict,norm_matched,6,final,27,0.0,0.0,0.01848379150032997,0.025999369099736214,0.01384661253541708,0.0,0.0,1.0,0.0,1.0,0.004637178964912891,-0.007515577599406242
test:2093,Qwen3-8B,47,conflict,norm_matched,6,final,181,0.0,0.0,0.04677512124180794,0.044616714119911194,0.04153711348772049,0.0,0.0,1.0,0.0,1.0,0.005238007754087448,0.0021584071218967438
test:298,Qwen3-8B,47,conflict,norm_matched,6,final,83,0.0,0.0,0.06812769174575806,0.03160490095615387,0.03343015909194946,0.0,0.0,0.0,0.0,1.0,0.034697532653808594,0.03652279078960419
test:618,Qwen3-8B,47,conflict,norm_matched,6,final,89,0.0,0.0,0.01748453825712204,0.020447954535484314,0.015347568318247795,0.0,0.0,1.0,0.0,1.0,0.0021369699388742447,-0.002963416278362274
test:213,Qwen3-8B,47,conflict,norm_matched,6,final,8,0.0,0.0,0.030499467626214027,0.05578002706170082,0.02882612682878971,0.0,0.0,1.0,0.0,1.0,0.0016733407974243164,-0.025280559435486794
test:1770,Qwen3-8B,47,conflict,norm_matched,6,final,21,0.0,0.0,0.02678053267300129,0.021050570532679558,0.009758824482560158,0.0,0.0,1.0,0.0,1.0,0.01702170819044113,0.005729962140321732
test:784,Qwen3-8B,47,conflict,norm_matched,6,final,165,0.0,0.0,0.02518285997211933,0.051401518285274506,0.05152948200702667,0.0,0.0,0.0,0.0,0.0,-0.02634662203490734,-0.026218658313155174
test:748,Qwen3-8B,47,conflict,norm_matched,6,final,95,0.0,0.0,0.014488079585134983,0.019002795219421387,0.01583894155919552,0.0,0.0,1.0,0.0,0.0,-0.0013508619740605354,-0.004514715634286404
test:691,Qwen3-8B,47,conflict,norm_matched,6,final,211,0.0,0.0,0.07931143045425415,0.07333496958017349,0.07758796215057373,0.0,0.0,0.0,0.0,1.0,0.00172346830368042,0.005976460874080658
test:1521,Qwen3-8B,47,conflict,norm_matched,6,final,143,0.0,0.0,0.024376975372433662,0.024079149588942528,0.02293907105922699,0.0,0.0,1.0,0.0,1.0,0.0014379043132066727,0.00029782578349113464
test:153,Qwen3-8B,47,conflict,norm_matched,6,final,160,0.0,0.0,0.032575078308582306,0.031286630779504776,0.040125772356987,0.0,0.0,0.0,0.0,0.0,-0.007550694048404694,0.00128844752907753
test:1145,Qwen3-8B,47,conflict,norm_matched,6,final,206,0.0,0.0,0.0355784073472023,0.04901095852255821,0.04536941647529602,0.0,0.0,1.0,0.0,0.0,-0.00979100912809372,-0.013432551175355911
test:1941,Qwen3-8B,47,conflict,norm_matched,6,final,181,0.0,0.0,0.039208754897117615,0.03575668856501579,0.03313988447189331,0.0,0.0,1.0,0.0,1.0,0.006068870425224304,0.003452066332101822
test:128,Qwen3-8B,47,conflict,norm_matched,6,final,51,0.0,0.0,0.038091763854026794,0.027504287660121918,0.03508080914616585,0.0,0.0,0.0,0.0,1.0,0.0030109547078609467,0.010587476193904877
test:499,Qwen3-8B,47,conflict,norm_matched,6,final,44,0.0,0.0,0.05124945566058159,0.018387366086244583,0.01722164824604988,0.0,0.0,1.0,0.0,1.0,0.03402780741453171,0.032862089574337006
test:869,Qwen3-8B,47,conflict,norm_matched,6,final,50,0.0,0.0,0.033285561949014664,0.02983703278005123,0.01264268346130848,0.0,0.0,1.0,0.0,1.0,0.020642878487706184,0.0034485291689634323
test:1236,Qwen3-8B,47,conflict,norm_matched,6,final,165,0.0,0.0,0.024588976055383682,0.03589646518230438,0.029405152425169945,0.0,0.0,1.0,0.0,0.0,-0.0048161763697862625,-0.0113074891269207
test:1870,Qwen3-8B,47,conflict,norm_matched,6,final,54,0.0,0.0,0.025173477828502655,0.022617213428020477,0.0237162783741951,0.0,0.0,0.0,0.0,1.0,0.0014571994543075562,0.0025562644004821777
test:1310,Qwen3-8B,47,conflict,norm_matched,6,final,121,0.0,0.0,0.05178337171673775,0.039855387061834335,0.04417217895388603,0.0,0.0,0.0,0.0,1.0,0.007611192762851715,0.011927984654903412
test:1221,Qwen3-8B,47,conflict,norm_matched,6,final,216,0.0,0.0,0.026480508968234062,0.02053280733525753,0.0224005039781332,0.0,0.0,0.0,0.0,1.0,0.004080004990100861,0.005947701632976532
test:257,Qwen3-8B,47,conflict,norm_matched,6,final,115,0.0,0.0,0.030993200838565826,0.02625417336821556,0.028815584257245064,0.0,0.0,0.0,0.0,1.0,0.0021776165813207626,0.0047390274703502655
test:1513,Qwen3-8B,47,conflict,norm_matched,6,final,126,0.0,0.0,0.024675624445080757,0.019915973767638206,0.025100070983171463,0.0,0.0,0.0,0.0,0.0,-0.00042444653809070587,0.004759650677442551
test:553,Qwen3-8B,47,conflict,norm_matched,6,final,86,0.0,0.0,0.05088264122605324,0.0492524690926075,0.004144221544265747,0.0,0.0,1.0,0.0,1.0,0.04673841968178749,0.0016301721334457397
test:1881,Qwen3-8B,47,conflict,norm_matched,6,final,188,0.0,0.0,0.04689949005842209,0.05140937864780426,0.0469571016728878,0.0,0.0,1.0,0.0,0.0,-5.76116144657135e-05,-0.004509888589382172
test:2262,Qwen3-8B,47,conflict,norm_matched,6,final,88,0.0,0.0,0.05030845105648041,0.032803162932395935,0.03239752724766731,0.0,0.0,1.0,0.0,1.0,0.017910923808813095,0.017505288124084473
test:911,Qwen3-8B,47,conflict,norm_matched,6,final,95,0.0,0.0,0.04865797609090805,0.05438019707798958,0.035656969994306564,0.0,0.0,1.0,0.0,1.0,0.013001006096601486,-0.005722220987081528
test:1947,Qwen3-8B,47,conflict,norm_matched,6,final,213,0.0,0.0,0.04329485818743706,0.042582765221595764,0.03969439119100571,0.0,0.0,1.0,0.0,1.0,0.0036004669964313507,0.0007120929658412933
test:675,Qwen3-8B,47,conflict,norm_matched,6,final,106,0.0,0.0,0.02907167188823223,0.04574866592884064,0.029057087376713753,0.0,0.0,1.0,0.0,1.0,1.4584511518478394e-05,-0.016676994040608406
test:979,Qwen3-8B,47,conflict,norm_matched,6,final,102,0.0,0.0,0.024282297119498253,0.025272274389863014,0.03481375798583031,0.0,0.0,0.0,0.0,0.0,-0.010531460866332054,-0.0009899772703647614
test:783,Qwen3-8B,47,conflict,norm_matched,6,final,46,0.0,0.0,0.06807605177164078,0.05469164624810219,0.05669013038277626,0.0,0.0,0.0,0.0,1.0,0.011385921388864517,0.01338440552353859
test:2149,Qwen3-8B,47,conflict,norm_matched,6,final,117,0.0,0.0,0.019710011780261993,0.04798242449760437,0.030489496886730194,0.0,0.0,1.0,0.0,0.0,-0.0107794851064682,-0.028272412717342377
test:1231,Qwen3-8B,47,conflict,norm_matched,6,final,66,0.0,0.0,0.033704973757267,0.028346046805381775,0.018615128472447395,0.0,0.0,1.0,0.0,1.0,0.015089845284819603,0.005358926951885223
test:68,Qwen3-8B,47,conflict,norm_matched,6,final,89,0.0,0.0,0.044475384056568146,0.045228905975818634,0.04819967597723007,0.0,0.0,0.0,0.0,0.0,-0.0037242919206619263,-0.0007535219192504883
test:180,Qwen3-8B,47,conflict,norm_matched,6,final,120,0.0,0.0,0.017092904075980186,0.01634923182427883,0.014757297933101654,0.0,0.0,1.0,0.0,1.0,0.0023356061428785324,0.000743672251701355
test:2034,Qwen3-8B,47,conflict,norm_matched,6,final,166,0.0,0.0,0.035620879381895065,0.035508617758750916,0.03852696344256401,0.0,0.0,0.0,0.0,0.0,-0.0029060840606689453,0.00011226162314414978
test:1007,Qwen3-8B,47,conflict,norm_matched,6,final,75,0.0,0.0,0.046878449618816376,0.046674471348524094,0.04536779224872589,0.0,0.0,1.0,0.0,1.0,0.0015106573700904846,0.0002039782702922821
test:1917,Qwen3-8B,47,conflict,norm_matched,6,final,148,0.0,0.0,0.03880415856838226,0.02839893475174904,0.02954145520925522,0.0,0.0,0.0,0.0,1.0,0.009262703359127045,0.010405223816633224
test:1869,Qwen3-8B,47,conflict,norm_matched,6,final,178,0.0,0.0,0.005306589417159557,0.05381469056010246,0.010453087277710438,0.0,0.0,1.0,0.0,0.0,-0.00514649786055088,-0.048508101142942905
test:1819,Qwen3-8B,47,conflict,norm_matched,6,final,35,0.0,0.0,0.007995747961103916,0.055540814995765686,0.029356610029935837,0.0,0.0,1.0,0.0,0.0,-0.02136086206883192,-0.04754506703466177
test:225,Qwen3-8B,47,conflict,norm_matched,6,final,174,0.0,0.0,0.02766433171927929,0.029606230556964874,0.025335364043712616,0.0,0.0,1.0,0.0,1.0,0.0023289676755666733,-0.001941898837685585
test:1978,Qwen3-8B,47,conflict,norm_matched,6,final,269,0.0,0.0,0.05679616704583168,0.07490245997905731,0.08392030000686646,0.0,0.0,0.0,0.0,0.0,-0.027124132961034775,-0.01810629293322563
test:1849,Qwen3-8B,47,conflict,norm_matched,6,final,133,0.0,0.0,0.0423433780670166,0.030934378504753113,0.029329700395464897,0.0,0.0,1.0,0.0,1.0,0.013013677671551704,0.011408999562263489
test:1267,Qwen3-8B,47,conflict,norm_matched,6,final,152,0.0,0.0,0.029449356719851494,0.029304075986146927,0.025785543024539948,0.0,0.0,1.0,0.0,1.0,0.0036638136953115463,0.00014528073370456696
test:2014,Qwen3-8B,47,conflict,norm_matched,6,final,232,0.0,0.0,0.03218086063861847,0.04973631724715233,0.042747434228658676,0.0,0.0,1.0,0.0,0.0,-0.010566573590040207,-0.01755545660853386
test:747,Qwen3-8B,47,conflict,norm_matched,6,final,55,0.0,0.0,0.042313262820243835,0.05074356868863106,0.04634206369519234,0.0,0.0,1.0,0.0,0.0,-0.004028800874948502,-0.008430305868387222
test:1536,Qwen3-8B,47,conflict,norm_matched,6,final,80,0.0,0.0,0.020854875445365906,0.010979469865560532,0.018688982352614403,0.0,0.0,0.0,0.0,1.0,0.002165893092751503,0.009875405579805374
test:495,Qwen3-8B,47,conflict,norm_matched,6,final,218,0.0,0.0,0.03104085847735405,0.018087344244122505,0.04038495570421219,0.0,0.0,0.0,0.0,0.0,-0.009344097226858139,0.012953514233231544
test:1218,Qwen3-8B,47,conflict,norm_matched,6,final,96,0.0,0.0,0.04404715821146965,0.025992920622229576,0.03329797461628914,0.0,0.0,0.0,0.0,1.0,0.010749183595180511,0.018054237589240074
test:908,Qwen3-8B,47,conflict,norm_matched,6,final,74,0.0,0.0,0.041582562029361725,0.046585507690906525,-0.02191799320280552,0.0,0.0,1.0,0.0,1.0,0.06350055523216724,-0.0050029456615448
test:284,Qwen3-8B,47,conflict,norm_matched,6,final,23,0.0,0.0,0.09621865302324295,0.11077263206243515,0.05875546485185623,0.0,0.0,1.0,0.0,1.0,0.03746318817138672,-0.0145539790391922
test:307,Qwen3-8B,47,conflict,norm_matched,6,final,284,0.0,0.0,0.01632107049226761,0.010779356583952904,0.00804467685520649,0.0,0.0,1.0,0.0,1.0,0.008276393637061119,0.005541713908314705
test:1101,Qwen3-8B,47,conflict,norm_matched,6,final,235,0.0,0.0,0.018707262352108955,0.014568733982741833,0.018745293840765953,0.0,0.0,0.0,0.0,0.0,-3.803148865699768e-05,0.004138528369367123
test:2091,Qwen3-8B,47,conflict,norm_matched,6,final,267,0.0,0.0,0.04260994493961334,0.049485914409160614,0.04214392229914665,0.0,0.0,1.0,0.0,1.0,0.00046602264046669006,-0.006875969469547272
test:1343,Qwen3-8B,47,conflict,norm_matched,6,final,227,0.0,0.0,0.03967815265059471,0.029759814962744713,0.0327637642621994,0.0,0.0,0.0,0.0,1.0,0.0069143883883953094,0.009918337687849998
test:312,Qwen3-8B,47,conflict,norm_matched,6,final,258,0.0,0.0,0.025125008076429367,0.04614952579140663,0.03171948343515396,0.0,0.0,1.0,0.0,0.0,-0.006594475358724594,-0.021024517714977264
test:1853,Qwen3-8B,47,conflict,norm_matched,6,final,208,0.0,0.0,0.029422326013445854,0.027209492400288582,0.024625375866889954,0.0,0.0,1.0,0.0,1.0,0.004796950146555901,0.0022128336131572723
test:2161,Qwen3-8B,47,conflict,norm_matched,6,final,174,0.0,0.0,0.013823399320244789,0.019019167870283127,0.016466880217194557,0.0,0.0,1.0,0.0,0.0,-0.002643480896949768,-0.005195768550038338
test:993,Qwen3-8B,47,conflict,norm_matched,6,final,231,0.0,0.0,0.014932118356227875,0.03171151876449585,0.016666028648614883,0.0,0.0,1.0,0.0,0.0,-0.0017339102923870087,-0.016779400408267975
test:1764,Qwen3-8B,47,conflict,norm_matched,6,final,259,0.0,0.0,0.03788583725690842,0.060684822499752045,0.03225678578019142,0.0,0.0,1.0,0.0,1.0,0.005629051476716995,-0.022798985242843628
test:1238,Qwen3-8B,47,conflict,norm_matched,6,final,151,0.0,0.0,0.025211181491613388,0.025139382109045982,0.022436439990997314,0.0,0.0,1.0,0.0,1.0,0.0027747415006160736,7.17993825674057e-05
test:2222,Qwen3-8B,47,conflict,norm_matched,6,final,130,0.0,0.0,0.03381437063217163,0.06312812119722366,0.07751938700675964,0.0,0.0,0.0,0.0,0.0,-0.04370501637458801,-0.029313750565052032
test:2007,Qwen3-8B,47,conflict,norm_matched,6,final,136,0.0,0.0,0.04095454514026642,0.03491077944636345,0.042699601501226425,0.0,0.0,0.0,0.0,0.0,-0.0017450563609600067,0.006043765693902969
test:1177,Qwen3-8B,47,conflict,norm_matched,6,final,162,0.0,0.0,0.03555835783481598,0.030963841825723648,0.030335962772369385,0.0,0.0,1.0,0.0,1.0,0.005222395062446594,0.004594516009092331
test:378,Qwen3-8B,47,conflict,norm_matched,6,final,252,0.0,0.0,0.005955223925411701,0.026552844792604446,0.015539534389972687,0.0,0.0,1.0,0.0,0.0,-0.009584310464560986,-0.020597620867192745
test:1086,Qwen3-8B,47,conflict,norm_matched,6,final,115,0.0,0.0,0.04363404959440231,0.040897186845541,0.037044648081064224,0.0,0.0,1.0,0.0,1.0,0.006589401513338089,0.002736862748861313
test:350,Qwen3-8B,47,conflict,norm_matched,6,final,29,0.0,0.0,0.04124719277024269,0.013711749576032162,0.020310744643211365,0.0,0.0,0.0,0.0,1.0,0.020936448127031326,0.02753544319421053
test:2256,Qwen3-8B,47,conflict,norm_matched,6,final,10,0.0,0.0,0.02666482888162136,0.0323498360812664,0.025482874363660812,0.0,0.0,1.0,0.0,1.0,0.0011819545179605484,-0.005685007199645042
test:2064,Qwen3-8B,47,conflict,norm_matched,6,final,240,0.0,0.0,0.014249671250581741,0.016910359263420105,0.023172518238425255,0.0,0.0,0.0,0.0,0.0,-0.008922846987843513,-0.0026606880128383636
test:635,Qwen3-8B,47,conflict,norm_matched,6,final,30,0.0,0.0,0.037838514894247055,0.03583819046616554,0.010334810242056847,0.0,0.0,1.0,0.0,1.0,0.02750370465219021,0.0020003244280815125
test:2182,Qwen3-8B,47,conflict,norm_matched,6,final,214,0.0,0.0,0.05700668320059776,0.050655607134103775,0.04830795153975487,0.0,0.0,1.0,0.0,1.0,0.008698731660842896,0.006351076066493988
test:502,Qwen3-8B,47,conflict,norm_matched,6,final,93,0.0,0.0,0.02546941675245762,0.024602718651294708,0.01959232985973358,0.0,0.0,1.0,0.0,1.0,0.005877086892724037,0.0008666981011629105
test:434,Qwen3-8B,47,conflict,norm_matched,6,final,80,0.0,0.0,0.055838048458099365,0.05270592123270035,0.04347672313451767,0.0,0.0,1.0,0.0,1.0,0.012361325323581696,0.0031321272253990173
test:1225,Qwen3-8B,47,conflict,norm_matched,6,final,110,0.0,0.0,0.03217203915119171,0.027426064014434814,0.02696390263736248,0.0,0.0,1.0,0.0,1.0,0.005208136513829231,0.004745975136756897
test:1483,Qwen3-8B,47,conflict,norm_matched,6,final,216,0.0,0.0,0.024608081206679344,0.027438048273324966,0.018812334164977074,0.0,0.0,1.0,0.0,1.0,0.0057957470417022705,-0.0028299670666456223
test:327,Qwen3-8B,47,conflict,norm_matched,6,final,272,0.0,0.0,0.05024851858615875,0.05113993585109711,0.04048901051282883,0.0,0.0,1.0,0.0,1.0,0.009759508073329926,-0.0008914172649383545
test:646,Qwen3-8B,47,conflict,norm_matched,6,final,195,0.0,0.0,0.05507183447480202,0.05817950516939163,0.00962922815233469,0.0,0.0,1.0,0.0,1.0,0.04544260632246733,-0.003107670694589615
test:1214,Qwen3-8B,47,conflict,norm_matched,6,final,204,0.0,0.0,0.03700164332985878,0.03645496442914009,0.04094652459025383,0.0,0.0,0.0,0.0,0.0,-0.00394488126039505,0.000546678900718689
test:1722,Qwen3-8B,47,conflict,norm_matched,6,final,61,0.0,0.0,0.044920146465301514,0.045659251511096954,0.045163705945014954,0.0,0.0,1.0,0.0,0.0,-0.00024355947971343994,-0.0007391050457954407
test:2062,Qwen3-8B,47,conflict,norm_matched,6,final,283,0.0,0.0,0.04979125037789345,0.04958822950720787,0.041687577962875366,0.0,0.0,1.0,0.0,1.0,0.008103672415018082,0.0002030208706855774
test:1009,Qwen3-8B,47,conflict,norm_matched,6,final,82,0.0,0.0,0.05400053411722183,0.02844565361738205,0.044213466346263885,0.0,0.0,0.0,0.0,1.0,0.009787067770957947,0.025554880499839783
test:92,Qwen3-8B,47,conflict,norm_matched,6,final,66,0.0,0.0,0.04152749851346016,0.03312715142965317,0.02073904685676098,0.0,0.0,1.0,0.0,1.0,0.02078845165669918,0.008400347083806992
test:471,Qwen3-8B,47,conflict,norm_matched,6,final,86,0.0,0.0,0.03792664036154747,0.023951532319188118,0.027040980756282806,0.0,0.0,0.0,0.0,1.0,0.010885659605264664,0.013975108042359352
test:1083,Qwen3-8B,47,conflict,norm_matched,6,final,281,0.0,0.0,0.07088206708431244,0.09080483764410019,0.09474894404411316,0.0,0.0,0.0,0.0,0.0,-0.02386687695980072,-0.01992277055978775
test:2108,Qwen3-8B,47,conflict,norm_matched,6,final,278,0.0,0.0,0.04990888386964798,0.05363290756940842,0.04778924584388733,0.0,0.0,1.0,0.0,1.0,0.0021196380257606506,-0.003724023699760437
test:2227,Qwen3-8B,47,conflict,norm_matched,6,final,225,0.0,0.0,0.02479039691388607,0.027278155088424683,0.021907862275838852,0.0,0.0,1.0,0.0,1.0,0.0028825346380472183,-0.0024877581745386124
test:1251,Qwen3-8B,47,conflict,norm_matched,6,final,248,0.0,0.0,0.01332581602036953,0.016960326582193375,0.020999129861593246,0.0,0.0,0.0,0.0,0.0,-0.007673313841223717,-0.003634510561823845
test:498,Qwen3-8B,47,conflict,norm_matched,6,final,143,0.0,0.0,0.03331887722015381,0.028557801619172096,0.03538614138960838,0.0,0.0,0.0,0.0,0.0,-0.0020672641694545746,0.004761075600981712
test:1920,Qwen3-8B,47,conflict,norm_matched,6,final,174,0.0,0.0,0.07250982522964478,0.06104050204157829,0.048119883984327316,0.0,0.0,1.0,0.0,1.0,0.02438994124531746,0.011469323188066483
test:1845,Qwen3-8B,47,conflict,norm_matched,6,final,109,0.0,0.0,0.03874450922012329,0.03943882882595062,0.036258019506931305,0.0,0.0,1.0,0.0,1.0,0.002486489713191986,-0.0006943196058273315
test:1790,Qwen3-8B,47,conflict,norm_matched,6,final,162,0.0,0.0,0.019693106412887573,0.02344462275505066,0.01525814551860094,0.0,0.0,1.0,0.0,1.0,0.0044349608942866325,-0.003751516342163086
test:1563,Qwen3-8B,47,conflict,norm_matched,6,final,179,0.0,0.0,0.024653971195220947,0.027700457721948624,0.02881765179336071,0.0,0.0,0.0,0.0,0.0,-0.004163680598139763,-0.0030464865267276764
test:1715,Qwen3-8B,47,conflict,norm_matched,6,final,173,0.0,0.0,0.046979159116744995,0.038369737565517426,0.038708142936229706,0.0,0.0,0.0,0.0,1.0,0.00827101618051529,0.00860942155122757
test:1395,Qwen3-8B,47,conflict,norm_matched,6,final,63,0.0,0.0,0.0500003881752491,0.052906136959791183,0.042692650109529495,0.0,0.0,1.0,0.0,1.0,0.0073077380657196045,-0.0029057487845420837
test:923,Qwen3-8B,47,conflict,norm_matched,6,final,231,0.0,0.0,0.025398066267371178,0.02447693422436714,0.021411534398794174,0.0,0.0,1.0,0.0,1.0,0.0039865318685770035,0.000921132043004036
test:800,Qwen3-8B,47,conflict,norm_matched,6,final,81,0.0,0.0,0.06824515014886856,0.04440002143383026,0.05611683800816536,0.0,0.0,0.0,0.0,1.0,0.012128312140703201,0.0238451287150383
test:1525,Qwen3-8B,47,conflict,norm_matched,6,final,58,0.0,0.0,0.024545323103666306,0.022072654217481613,0.02648376300930977,0.0,0.0,0.0,0.0,0.0,-0.0019384399056434631,0.0024726688861846924
test:617,Qwen3-8B,47,conflict,norm_matched,6,final,189,0.0,0.0,0.024245288223028183,0.015448023565113544,0.024233145639300346,0.0,0.0,0.0,0.0,1.0,1.2142583727836609e-05,0.008797264657914639
test:2225,Qwen3-8B,47,conflict,norm_matched,6,final,77,0.0,0.0,0.02826511301100254,0.03382427617907524,0.03418009355664253,0.0,0.0,0.0,0.0,0.0,-0.005914980545639992,-0.0055591631680727005
test:125,Qwen3-8B,47,conflict,norm_matched,6,final,38,0.0,0.0,0.029155056923627853,0.02136804535984993,0.019986532628536224,0.0,0.0,1.0,0.0,1.0,0.009168524295091629,0.007787011563777924
test:1316,Qwen3-8B,47,conflict,norm_matched,6,final,155,0.0,0.0,0.018028108403086662,0.023766884580254555,0.013675548136234283,0.0,0.0,1.0,0.0,1.0,0.004352560266852379,-0.0057387761771678925
test:1848,Qwen3-8B,47,conflict,norm_matched,6,final,61,0.0,0.0,0.034661728888750076,0.039306383579969406,0.037506185472011566,0.0,0.0,1.0,0.0,0.0,-0.00284445658326149,-0.00464465469121933
test:1481,Qwen3-8B,47,conflict,norm_matched,6,final,69,0.0,0.0,0.04233129695057869,0.01904454082250595,0.02078063413500786,0.0,0.0,0.0,0.0,1.0,0.02155066281557083,0.02328675612807274
test:1667,Qwen3-8B,47,conflict,norm_matched,6,final,279,0.0,0.0,0.021837303414940834,0.026412777602672577,0.024482131004333496,0.0,0.0,1.0,0.0,0.0,-0.002644827589392662,-0.004575474187731743
test:1901,Qwen3-8B,47,conflict,norm_matched,6,final,134,0.0,0.0,0.03707272186875343,0.03465048223733902,0.034519877284765244,0.0,0.0,1.0,0.0,1.0,0.0025528445839881897,0.0024222396314144135
test:1673,Qwen3-8B,47,conflict,norm_matched,6,final,167,0.0,0.0,0.03820672258734703,0.038494523614645004,0.03712281212210655,0.0,0.0,1.0,0.0,1.0,0.0010839104652404785,-0.00028780102729797363
test:2280,Qwen3-8B,47,conflict,norm_matched,6,final,53,0.0,0.0,0.04052021726965904,0.037636566907167435,0.03847773000597954,0.0,0.0,0.0,0.0,1.0,0.0020424872636795044,0.0028836503624916077
test:2251,Qwen3-8B,47,conflict,norm_matched,6,final,13,0.0,0.0,0.035518139600753784,0.028710100799798965,0.02169742062687874,0.0,0.0,1.0,0.0,1.0,0.013820718973875046,0.006808038800954819
test:512,Qwen3-8B,47,conflict,norm_matched,6,final,81,0.0,0.0,0.018686886876821518,0.03575548529624939,0.029462872073054314,0.0,0.0,1.0,0.0,0.0,-0.010775985196232796,-0.01706859841942787
test:220,Qwen3-8B,47,conflict,norm_matched,6,final,261,0.0,0.0,0.0210115984082222,0.02969576045870781,0.026866592466831207,0.0,0.0,1.0,0.0,0.0,-0.005854994058609009,-0.008684162050485611
test:997,Qwen3-8B,47,conflict,norm_matched,6,final,88,0.0,0.0,0.03696729987859726,0.039102423936128616,0.0182343702763319,0.0,0.0,1.0,0.0,1.0,0.018732929602265358,-0.002135124057531357
test:1553,Qwen3-8B,47,conflict,norm_matched,6,final,221,0.0,0.0,0.04459722340106964,0.05189308524131775,0.036575548350811005,0.0,0.0,1.0,0.0,1.0,0.008021675050258636,-0.007295861840248108
test:731,Qwen3-8B,47,conflict,norm_matched,6,final,179,0.0,0.0,0.03151238337159157,0.03701469302177429,0.0273133534938097,0.0,0.0,1.0,0.0,1.0,0.004199029877781868,-0.005502309650182724
test:1433,Qwen3-8B,47,conflict,norm_matched,6,final,51,0.0,0.0,0.044540636241436005,0.02725430577993393,0.016944510862231255,0.0,0.0,1.0,0.0,1.0,0.02759612537920475,0.017286330461502075
test:65,Qwen3-8B,47,conflict,norm_matched,6,final,373,0.0,0.0,0.04377840459346771,0.0473291277885437,0.04762052372097969,0.0,0.0,0.0,0.0,0.0,-0.003842119127511978,-0.0035507231950759888
test:1575,Qwen3-8B,47,conflict,norm_matched,6,final,96,0.0,0.0,0.03168513998389244,0.033936403691768646,0.026178302243351936,0.0,0.0,1.0,0.0,1.0,0.0055068377405405045,-0.0022512637078762054
test:1784,Qwen3-8B,47,conflict,norm_matched,6,final,81,0.0,0.0,0.009093252941966057,0.019300537183880806,0.02228810079395771,0.0,0.0,0.0,0.0,0.0,-0.013194847851991653,-0.01020728424191475
test:1566,Qwen3-8B,47,conflict,norm_matched,6,final,140,0.0,0.0,0.049396615475416183,0.0446927584707737,0.04029301181435585,0.0,0.0,1.0,0.0,1.0,0.009103603661060333,0.004703857004642487
test:1807,Qwen3-8B,47,conflict,norm_matched,6,final,311,0.0,0.0,0.038739342242479324,0.02630077861249447,0.030121836811304092,0.0,0.0,0.0,0.0,1.0,0.008617505431175232,0.012438563629984856
test:1408,Qwen3-8B,47,conflict,norm_matched,6,final,10,0.0,0.0,0.04805857315659523,0.05739288404583931,0.04834455996751785,0.0,0.0,1.0,0.0,0.0,-0.0002859868109226227,-0.00933431088924408
test:621,Qwen3-8B,47,conflict,norm_matched,6,final,392,0.0,0.0,0.02332843467593193,0.030074885115027428,0.02655061148107052,0.0,0.0,1.0,0.0,0.0,-0.003222176805138588,-0.006746450439095497
test:531,Qwen3-8B,47,conflict,norm_matched,6,final,105,0.0,0.0,0.03751656040549278,0.02410861849784851,0.03329966217279434,0.0,0.0,0.0,0.0,1.0,0.0042168982326984406,0.013407941907644272
test:394,Qwen3-8B,47,conflict,norm_matched,6,final,136,0.0,0.0,0.037250615656375885,0.026846107095479965,0.0019416104769334197,0.0,0.0,1.0,0.0,1.0,0.035309005179442465,0.01040450856089592
test:641,Qwen3-8B,47,conflict,norm_matched,6,final,88,0.0,0.0,0.0526789054274559,0.10115951299667358,0.07151065021753311,0.0,0.0,1.0,0.0,0.0,-0.01883174479007721,-0.04848060756921768
test:2003,Qwen3-8B,47,conflict,norm_matched,6,final,40,0.0,0.0,0.036483652889728546,0.023637790232896805,0.03277665376663208,0.0,0.0,0.0,0.0,1.0,0.003706999123096466,0.012845862656831741
test:243,Qwen3-8B,47,conflict,norm_matched,6,final,374,0.0,0.0,0.03933322802186012,0.023873627185821533,0.033241309225559235,0.0,0.0,0.0,0.0,1.0,0.006091918796300888,0.01545960083603859
test:85,Qwen3-8B,47,conflict,norm_matched,6,final,276,0.0,0.0,0.023969437927007675,0.028989914804697037,0.04309558868408203,0.0,0.0,0.0,0.0,0.0,-0.019126150757074356,-0.005020476877689362
test:847,Qwen3-8B,47,conflict,norm_matched,6,final,65,0.0,0.0,0.03329784423112869,0.060160938650369644,0.012036568485200405,0.0,0.0,1.0,0.0,1.0,0.021261275745928288,-0.02686309441924095
test:4,Qwen3-8B,47,conflict,norm_matched,6,final,74,0.0,0.0,0.06438253074884415,0.06005191057920456,0.06422516703605652,0.0,0.0,0.0,0.0,1.0,0.00015736371278762817,0.004330620169639587
test:468,Qwen3-8B,47,conflict,norm_matched,6,final,180,0.0,0.0,0.037676986306905746,0.03339305520057678,0.021116528660058975,0.0,0.0,1.0,0.0,1.0,0.01656045764684677,0.004283931106328964
test:1928,Qwen3-8B,47,conflict,norm_matched,6,final,45,0.0,0.0,0.05911938473582268,0.06216741353273392,0.0333951972424984,0.0,0.0,1.0,0.0,1.0,0.02572418749332428,-0.0030480287969112396
test:822,Qwen3-8B,47,conflict,norm_matched,6,final,301,0.0,0.0,0.043637894093990326,0.025489656254649162,0.05338691920042038,0.0,0.0,0.0,0.0,0.0,-0.009749025106430054,0.018148237839341164
test:1805,Qwen3-8B,47,conflict,norm_matched,6,final,169,0.0,0.0,0.03353699669241905,0.04515606537461281,0.022649627178907394,0.0,0.0,1.0,0.0,1.0,0.010887369513511658,-0.011619068682193756
test:879,Qwen3-8B,47,conflict,norm_matched,6,final,199,0.0,0.0,0.029074182733893394,0.020371560007333755,0.02756805159151554,0.0,0.0,0.0,0.0,1.0,0.0015061311423778534,0.008702622726559639
test:1902,Qwen3-8B,47,conflict,norm_matched,6,final,141,0.0,0.0,0.025776902213692665,0.031550854444503784,0.03514090180397034,0.0,0.0,0.0,0.0,0.0,-0.009363999590277672,-0.005773952230811119
test:1933,Qwen3-8B,47,conflict,norm_matched,6,final,38,0.0,0.0,0.025348873808979988,0.02644936367869377,0.011243571527302265,0.0,0.0,1.0,0.0,1.0,0.014105302281677723,-0.0011004898697137833
test:577,Qwen3-8B,47,conflict,norm_matched,6,final,300,0.0,0.0,0.023341508582234383,0.0268204677850008,0.030932102352380753,0.0,0.0,0.0,0.0,0.0,-0.00759059377014637,-0.0034789592027664185
test:1749,Qwen3-8B,47,conflict,norm_matched,6,final,124,0.0,0.0,0.028572676703333855,0.028216378763318062,0.02505638264119625,0.0,0.0,1.0,0.0,1.0,0.0035162940621376038,0.00035629794001579285
test:15,Qwen3-8B,47,conflict,norm_matched,6,final,45,0.0,0.0,0.07168321311473846,0.03373623266816139,0.06360441446304321,0.0,0.0,0.0,0.0,1.0,0.008078798651695251,0.03794698044657707
test:1753,Qwen3-8B,47,conflict,norm_matched,6,final,96,0.0,0.0,0.041693899780511856,0.030989373102784157,0.03487527742981911,0.0,0.0,0.0,0.0,1.0,0.006818622350692749,0.0107045266777277
test:665,Qwen3-8B,47,conflict,norm_matched,6,final,395,0.0,0.0,0.023046839982271194,0.027163514867424965,0.025861887261271477,0.0,0.0,1.0,0.0,0.0,-0.0028150472790002823,-0.0041166748851537704
test:569,Qwen3-8B,47,conflict,norm_matched,6,final,313,0.0,0.0,0.037788257002830505,0.025261791422963142,0.019667865708470345,0.0,0.0,1.0,0.0,1.0,0.01812039129436016,0.012526465579867363
test:1203,Qwen3-8B,47,conflict,norm_matched,6,final,44,0.0,0.0,0.038669247180223465,0.03814532235264778,0.024990171194076538,0.0,0.0,1.0,0.0,1.0,0.013679075986146927,0.0005239248275756836
test:2105,Qwen3-8B,47,conflict,norm_matched,6,final,70,0.0,0.0,0.1234574168920517,0.09977655112743378,0.1140793189406395,0.0,0.0,0.0,0.0,1.0,0.009378097951412201,0.02368086576461792
test:426,Qwen3-8B,47,conflict,norm_matched,6,final,51,0.0,0.0,0.03059556521475315,0.02580895461142063,0.022119326516985893,0.0,0.0,1.0,0.0,1.0,0.008476238697767258,0.0047866106033325195
test:123,Qwen3-8B,47,conflict,norm_matched,6,final,429,0.0,0.0,0.032321568578481674,0.02230161800980568,0.027108781039714813,0.0,0.0,0.0,0.0,1.0,0.005212787538766861,0.010019950568675995
test:1405,Qwen3-8B,47,conflict,norm_matched,6,final,153,0.0,0.0,0.031783681362867355,0.03310133144259453,0.023163385689258575,0.0,0.0,1.0,0.0,1.0,0.00862029567360878,-0.0013176500797271729
test:796,Qwen3-8B,47,conflict,norm_matched,6,final,51,0.0,0.0,0.04444742947816849,0.03309673070907593,0.052438121289014816,0.0,0.0,0.0,0.0,0.0,-0.007990691810846329,0.01135069876909256
test:2166,Qwen3-8B,47,conflict,norm_matched,6,final,36,0.0,0.0,0.0415956936776638,0.0534508116543293,0.026006989181041718,0.0,0.0,1.0,0.0,1.0,0.015588704496622086,-0.011855117976665497
test:1179,Qwen3-8B,47,conflict,norm_matched,6,final,58,0.0,0.0,0.038292065262794495,0.028947843238711357,0.029099933803081512,0.0,0.0,0.0,0.0,1.0,0.009192131459712982,0.009344222024083138
test:375,Qwen3-8B,47,conflict,norm_matched,6,final,114,0.0,0.0,0.02731257677078247,0.028721841052174568,0.015380015596747398,0.0,0.0,1.0,0.0,1.0,0.011932561174035072,-0.0014092642813920975
test:1143,Qwen3-8B,47,conflict,norm_matched,6,final,229,0.0,0.0,0.05216214060783386,0.04428232088685036,0.04516950622200966,0.0,0.0,0.0,0.0,1.0,0.0069926343858242035,0.007879819720983505
test:1882,Qwen3-8B,47,conflict,norm_matched,6,final,346,0.0,0.0,0.05322907492518425,0.03148554265499115,0.046210676431655884,0.0,0.0,0.0,0.0,1.0,0.007018398493528366,0.0217435322701931
test:404,Qwen3-8B,47,conflict,norm_matched,6,final,111,0.0,0.0,0.024896912276744843,0.02251308038830757,0.01676805689930916,0.0,0.0,1.0,0.0,1.0,0.008128855377435684,0.002383831888437271
test:2056,Qwen3-8B,47,conflict,norm_matched,6,final,438,0.0,0.0,0.047158077359199524,0.04749255254864693,0.040522560477256775,0.0,0.0,1.0,0.0,1.0,0.006635516881942749,-0.00033447518944740295
test:1331,Qwen3-8B,47,conflict,norm_matched,6,final,343,0.0,0.0,0.023482434451580048,0.04757033288478851,0.03740161657333374,0.0,0.0,1.0,0.0,0.0,-0.013919182121753693,-0.024087898433208466
test:2255,Qwen3-8B,47,conflict,norm_matched,6,final,371,0.0,0.0,-0.0067848097532987595,0.05686546117067337,0.01667095348238945,0.0,0.0,1.0,0.0,0.0,-0.02345576323568821,-0.06365027092397213
test:1122,Qwen3-8B,47,conflict,norm_matched,6,final,317,0.0,0.0,0.04347451031208038,0.03966135531663895,0.0426052063703537,0.0,0.0,0.0,0.0,1.0,0.0008693039417266846,0.0038131549954414368
test:1063,Qwen3-8B,47,conflict,norm_matched,6,final,37,0.0,0.0,0.027660366147756577,-0.0016113753663375974,0.04708203673362732,0.0,0.0,0.0,0.0,0.0,-0.019421670585870743,0.029271741514094174
test:1994,Qwen3-8B,47,conflict,norm_matched,6,final,221,0.0,0.0,0.04637257754802704,0.04459434747695923,0.04025927931070328,0.0,0.0,1.0,0.0,1.0,0.006113298237323761,0.00177823007106781
test:2291,Qwen3-8B,47,conflict,norm_matched,6,final,122,0.0,0.0,0.026188798248767853,0.034346360713243484,0.020998036488890648,0.0,0.0,1.0,0.0,1.0,0.005190761759877205,-0.008157562464475632
test:287,Qwen3-8B,47,conflict,norm_matched,6,final,76,0.0,0.0,0.03991395980119705,0.03991534188389778,0.020921975374221802,0.0,0.0,1.0,0.0,1.0,0.01899198442697525,-1.3820827007293701e-06
test:1257,Qwen3-8B,47,conflict,norm_matched,6,final,460,0.0,0.0,0.02593347057700157,0.01725025475025177,0.01969827339053154,0.0,0.0,0.0,0.0,1.0,0.006235197186470032,0.008683215826749802
test:564,Qwen3-8B,47,conflict,norm_matched,6,final,99,0.0,0.0,0.022891724482178688,0.023504801094532013,0.02388399839401245,0.0,0.0,0.0,0.0,0.0,-0.0009922739118337631,-0.0006130766123533249
test:1836,Qwen3-8B,47,conflict,norm_matched,6,final,367,0.0,0.0,0.045211292803287506,0.04550032690167427,0.05053986236453056,0.0,0.0,0.0,0.0,0.0,-0.005328569561243057,-0.0002890340983867645
test:1915,Qwen3-8B,47,conflict,norm_matched,6,final,398,0.0,0.0,0.01917303167283535,0.07186120748519897,0.003955898340791464,0.0,0.0,1.0,0.0,1.0,0.015217133332043886,-0.052688175812363625
test:444,Qwen3-8B,47,conflict,norm_matched,6,final,302,0.0,0.0,0.0323580838739872,0.03306221589446068,0.028683586046099663,0.0,0.0,1.0,0.0,1.0,0.003674497827887535,-0.0007041320204734802
test:2176,Qwen3-8B,47,conflict,norm_matched,6,final,141,0.0,0.0,0.021269598975777626,0.01974206231534481,0.0195716954767704,0.0,0.0,1.0,0.0,1.0,0.001697903499007225,0.0015275366604328156
test:2145,Qwen3-8B,47,conflict,norm_matched,6,final,63,0.0,0.0,0.04610559344291687,0.04416481405496597,0.011256142519414425,0.0,0.0,1.0,0.0,1.0,0.034849450923502445,0.0019407793879508972
test:1174,Qwen3-8B,47,conflict,norm_matched,6,final,355,0.0,0.0,0.026873987168073654,0.025878768414258957,0.026852566748857498,0.0,0.0,0.0,0.0,1.0,2.1420419216156006e-05,0.0009952187538146973
test:1230,Qwen3-8B,47,conflict,norm_matched,6,final,503,0.0,0.0,0.03651205077767372,0.03193465247750282,0.02369409054517746,0.0,0.0,1.0,0.0,1.0,0.012817960232496262,0.0045773983001708984
test:1244,Qwen3-8B,47,conflict,norm_matched,6,final,294,0.0,0.0,0.029655128717422485,0.03441997617483139,0.013231064192950726,0.0,0.0,1.0,0.0,1.0,0.01642406452447176,-0.004764847457408905
test:606,Qwen3-8B,47,conflict,norm_matched,6,final,572,0.0,0.0,0.01951420120894909,0.01397697813808918,0.026154667139053345,0.0,0.0,0.0,0.0,0.0,-0.006640465930104256,0.005537223070859909
test:304,Qwen3-8B,47,conflict,norm_matched,6,final,100,0.0,0.0,0.024305542930960655,0.02007032372057438,0.024206064641475677,0.0,0.0,0.0,0.0,1.0,9.947828948497772e-05,0.004235219210386276
test:1390,Qwen3-8B,47,conflict,norm_matched,6,final,193,0.0,0.0,0.05222491919994354,0.030279211699962616,0.028438780456781387,0.0,0.0,1.0,0.0,1.0,0.023786138743162155,0.021945707499980927
test:1729,Qwen3-8B,47,conflict,norm_matched,6,final,122,0.0,0.0,0.03173030912876129,0.040913715958595276,0.029674947261810303,0.0,0.0,1.0,0.0,1.0,0.0020553618669509888,-0.009183406829833984
test:1454,Qwen3-8B,47,conflict,norm_matched,6,final,78,0.0,0.0,0.056165240705013275,0.05050847679376602,0.06514164805412292,0.0,0.0,0.0,0.0,0.0,-0.00897640734910965,0.005656763911247253
test:858,Qwen3-8B,47,conflict,norm_matched,6,final,502,0.0,0.0,0.0028550545684993267,0.043654173612594604,0.0043746610172092915,0.0,0.0,1.0,0.0,0.0,-0.0015196064487099648,-0.04079911904409528
test:771,Qwen3-8B,47,conflict,norm_matched,6,final,210,0.0,0.0,0.036101337522268295,0.04232069477438927,0.041723981499671936,0.0,0.0,1.0,0.0,0.0,-0.005622643977403641,-0.006219357252120972
test:660,Qwen3-8B,47,conflict,norm_matched,6,final,61,0.0,0.0,0.02729678899049759,0.019490843638777733,0.022974591702222824,0.0,0.0,0.0,0.0,1.0,0.004322197288274765,0.007805945351719856
test:888,Qwen3-8B,47,conflict,norm_matched,6,final,222,0.0,0.0,0.027530251070857048,0.026331555098295212,0.023746054619550705,0.0,0.0,1.0,0.0,1.0,0.003784196451306343,0.0011986959725618362
test:413,Qwen3-8B,47,conflict,norm_matched,6,final,439,0.0,0.0,0.029988976195454597,0.012767428532242775,0.03363896533846855,0.0,0.0,0.0,0.0,0.0,-0.003649989143013954,0.017221547663211823
test:130,Qwen3-8B,47,conflict,norm_matched,6,final,319,0.0,0.0,0.0687662810087204,0.06005735695362091,0.05849051475524902,0.0,0.0,1.0,0.0,1.0,0.010275766253471375,0.008708924055099487
test:1147,Qwen3-8B,47,conflict,norm_matched,6,final,277,0.0,0.0,0.07763684540987015,0.03004199080169201,0.032993052154779434,0.0,0.0,0.0,0.0,1.0,0.044643793255090714,0.04759485460817814
test:42,Qwen3-8B,47,conflict,norm_matched,6,final,31,0.0,0.0,0.036574698984622955,0.01894097402691841,0.033976659178733826,0.0,0.0,0.0,0.0,1.0,0.0025980398058891296,0.017633724957704544
test:1114,Qwen3-8B,47,conflict,norm_matched,6,final,386,0.0,0.0,0.08280722796916962,0.06101126968860626,0.07082756608724594,0.0,0.0,0.0,0.0,1.0,0.011979661881923676,0.021795958280563354
test:1302,Qwen3-8B,47,conflict,norm_matched,6,final,139,0.0,0.0,0.032180458307266235,0.030513236299157143,0.02575266733765602,0.0,0.0,1.0,0.0,1.0,0.006427790969610214,0.0016672220081090927
test:662,Qwen3-8B,47,conflict,norm_matched,6,final,427,0.0,0.0,0.03106752038002014,0.03395037725567818,0.03360557556152344,0.0,0.0,1.0,0.0,0.0,-0.002538055181503296,-0.0028828568756580353
test:705,Qwen3-8B,47,conflict,norm_matched,6,final,92,0.0,0.0,0.04100223258137703,0.0218490082770586,0.02958369441330433,0.0,0.0,0.0,0.0,1.0,0.0114185381680727,0.019153224304318428
test:1413,Qwen3-8B,47,conflict,norm_matched,6,final,238,0.0,0.0,0.030192386358976364,0.033864352852106094,0.028227176517248154,0.0,0.0,1.0,0.0,1.0,0.0019652098417282104,-0.0036719664931297302
test:940,Qwen3-8B,47,conflict,norm_matched,6,final,187,0.0,0.0,0.04841425642371178,0.046407997608184814,0.03615972399711609,0.0,0.0,1.0,0.0,1.0,0.012254532426595688,0.0020062588155269623
test:2162,Qwen3-8B,47,conflict,norm_matched,6,final,69,0.0,0.0,0.010918471962213516,0.012723518535494804,0.0001363348710583523,0.0,0.0,1.0,0.0,1.0,0.010782137091155164,-0.0018050465732812881
test:51,Qwen3-8B,47,conflict,norm_matched,6,final,99,0.0,0.0,0.09109678864479065,0.06707655638456345,0.08768194168806076,0.0,0.0,0.0,0.0,1.0,0.003414846956729889,0.024020232260227203
test:914,Qwen3-8B,47,conflict,norm_matched,6,final,120,0.0,0.0,0.033523596823215485,0.059278231114149094,-0.009016105905175209,0.0,0.0,1.0,0.0,1.0,0.042539702728390694,-0.02575463429093361
test:1558,Qwen3-8B,47,conflict,norm_matched,6,final,130,0.0,0.0,0.07584913820028305,0.059598345309495926,0.06346407532691956,0.0,0.0,0.0,0.0,1.0,0.012385062873363495,0.016250792890787125
test:351,Qwen3-8B,47,conflict,norm_matched,6,final,336,0.0,0.0,0.023201433941721916,0.020710501819849014,0.01681005023419857,0.0,0.0,1.0,0.0,1.0,0.006391383707523346,0.002490932121872902
test:1503,Qwen3-8B,47,conflict,norm_matched,6,final,45,0.0,0.0,0.04520631581544876,0.04475301131606102,0.032672520726919174,0.0,0.0,1.0,0.0,1.0,0.012533795088529587,0.0004533044993877411
test:1138,Qwen3-8B,47,conflict,norm_matched,6,final,50,0.0,0.0,0.023061729967594147,0.020270148292183876,0.011339778080582619,0.0,0.0,1.0,0.0,1.0,0.011721951887011528,0.0027915816754102707
test:1205,Qwen3-8B,47,conflict,norm_matched,6,final,87,0.0,0.0,0.0409427285194397,0.04802662879228592,-0.006557154934853315,0.0,0.0,1.0,0.0,1.0,0.04749988345429301,-0.007083900272846222
test:279,Qwen3-8B,47,conflict,norm_matched,6,final,213,0.0,0.0,0.0314730703830719,0.029480241239070892,0.020731862634420395,0.0,0.0,1.0,0.0,1.0,0.010741207748651505,0.001992829144001007
test:1783,Qwen3-8B,47,conflict,norm_matched,6,final,105,0.0,0.0,0.03352489322423935,0.03455617278814316,0.007660418748855591,0.0,0.0,1.0,0.0,1.0,0.02586447447538376,-0.0010312795639038086
test:684,Qwen3-8B,47,conflict,norm_matched,6,final,62,0.0,0.0,0.03296542912721634,0.02408626303076744,0.04044317454099655,0.0,0.0,0.0,0.0,0.0,-0.007477745413780212,0.008879166096448898
test:158,Qwen3-8B,47,conflict,norm_matched,6,final,386,0.0,0.0,0.03854621946811676,0.04516735300421715,0.04767586290836334,0.0,0.0,0.0,0.0,0.0,-0.009129643440246582,-0.006621133536100388
test:295,Qwen3-8B,47,conflict,norm_matched,6,final,163,0.0,0.0,0.04592191427946091,0.0335477776825428,0.01442804466933012,0.0,0.0,1.0,0.0,1.0,0.03149386961013079,0.012374136596918106
test:1988,Qwen3-8B,47,conflict,norm_matched,6,final,173,0.0,0.0,0.0320073738694191,0.027458572760224342,0.02487342618405819,0.0,0.0,1.0,0.0,1.0,0.0071339476853609085,0.0045488011091947556
test:1735,Qwen3-8B,47,conflict,norm_matched,6,final,614,0.0,0.0,0.029667023569345474,0.022884024307131767,0.015983950346708298,0.0,0.0,1.0,0.0,1.0,0.013683073222637177,0.006782999262213707
test:179,Qwen3-8B,47,conflict,norm_matched,6,final,33,0.0,0.0,0.06158393248915672,0.0593220479786396,0.0046952576376497746,0.0,0.0,1.0,0.0,1.0,0.05688867485150695,0.0022618845105171204
test:1458,Qwen3-8B,47,conflict,norm_matched,6,final,20,0.0,0.0,0.042924247682094574,0.03792406618595123,-0.013834042474627495,0.0,0.0,1.0,0.0,1.0,0.05675829015672207,0.005000181496143341
test:2202,Qwen3-8B,48,benign,norm_matched,6,final,5,0.0,0.0,0.018550893291831017,0.018550893291831017,0.023374482989311218,0.0,0.0,0.0,0.0,0.0,-0.004823589697480202,0.0
test:1068,Qwen3-8B,48,benign,norm_matched,6,final,15,0.0,0.0,0.04208176210522652,0.04208176210522652,0.04248104989528656,0.0,0.0,0.0,0.0,0.0,-0.00039928779006004333,0.0
test:913,Qwen3-8B,48,benign,norm_matched,6,final,27,0.0,0.0,0.009242363274097443,0.016749488189816475,0.016704345121979713,0.0,0.0,1.0,0.0,0.0,-0.007461981847882271,-0.007507124915719032
test:1076,Qwen3-8B,48,benign,norm_matched,6,final,29,0.0,0.0,0.02146611548960209,0.03724002093076706,0.025824004784226418,0.0,0.0,1.0,0.0,0.0,-0.004357889294624329,-0.01577390544116497
test:563,Qwen3-8B,48,benign,norm_matched,6,final,27,0.0,0.0,0.020562997087836266,0.016066424548625946,0.02636353112757206,0.0,0.0,0.0,0.0,0.0,-0.005800534039735794,0.0044965725392103195
test:463,Qwen3-8B,48,benign,norm_matched,6,final,29,0.0,0.0,0.009649215266108513,0.02182602882385254,0.01948607712984085,0.0,0.0,1.0,0.0,0.0,-0.009836861863732338,-0.012176813557744026
test:1684,Qwen3-8B,48,benign,norm_matched,6,final,22,0.0,0.0,0.04732184484601021,0.036126960068941116,0.03402604162693024,0.0,0.0,1.0,0.0,1.0,0.013295803219079971,0.011194884777069092
test:2243,Qwen3-8B,48,benign,norm_matched,6,final,22,0.0,0.0,0.057403821498155594,0.04976780340075493,0.0423014871776104,0.0,0.0,1.0,0.0,1.0,0.015102334320545197,0.007636018097400665
test:1507,Qwen3-8B,48,benign,norm_matched,6,final,29,0.0,0.0,0.03883954882621765,0.06190505251288414,0.046463336795568466,0.0,0.0,1.0,0.0,0.0,-0.007623787969350815,-0.02306550368666649
test:797,Qwen3-8B,48,benign,norm_matched,6,final,35,0.0,0.0,0.026276711374521255,0.029906777665019035,0.028807969763875008,0.0,0.0,1.0,0.0,0.0,-0.002531258389353752,-0.00363006629049778
test:991,Qwen3-8B,48,benign,norm_matched,6,final,20,0.0,0.0,0.03980504348874092,0.030911728739738464,0.03192680701613426,0.0,0.0,0.0,0.0,1.0,0.007878236472606659,0.008893314749002457
test:109,Qwen3-8B,48,benign,norm_matched,6,final,36,0.0,0.0,0.004721682984381914,0.029563112184405327,0.01732722669839859,0.0,0.0,1.0,0.0,0.0,-0.012605543714016676,-0.024841429200023413
test:1456,Qwen3-8B,48,benign,norm_matched,6,final,32,0.0,0.0,0.020368922501802444,0.0406775176525116,0.03568048030138016,0.0,0.0,1.0,0.0,0.0,-0.015311557799577713,-0.020308595150709152
test:1171,Qwen3-8B,48,benign,norm_matched,6,final,36,0.0,0.0,0.0161051694303751,0.02699217014014721,0.032836396247148514,0.0,0.0,0.0,0.0,0.0,-0.016731226816773415,-0.01088700070977211
test:1045,Qwen3-8B,48,benign,norm_matched,6,final,38,0.0,0.0,0.046980906277894974,0.04116295650601387,0.01616520620882511,0.0,0.0,1.0,0.0,1.0,0.030815700069069862,0.0058179497718811035
test:897,Qwen3-8B,48,benign,norm_matched,6,final,34,0.0,0.0,0.03335362672805786,0.03125502169132233,0.03049316257238388,0.0,0.0,1.0,0.0,1.0,0.0028604641556739807,0.0020986050367355347
test:427,Qwen3-8B,48,benign,norm_matched,6,final,29,0.0,0.0,0.03324897214770317,0.030951503664255142,0.03279354050755501,0.0,0.0,0.0,0.0,1.0,0.00045543164014816284,0.0022974684834480286
test:536,Qwen3-8B,48,benign,norm_matched,6,final,42,0.0,0.0,0.017231447622179985,0.04030132666230202,0.024125711992383003,0.0,0.0,1.0,0.0,0.0,-0.006894264370203018,-0.023069879040122032
test:1556,Qwen3-8B,48,benign,norm_matched,6,final,45,0.0,0.0,0.025685343891382217,0.021890928968787193,0.031628306955099106,0.0,0.0,0.0,0.0,0.0,-0.005942963063716888,0.003794414922595024
test:1638,Qwen3-8B,48,benign,norm_matched,6,final,47,0.0,0.0,0.025241345167160034,0.028568774461746216,0.025720244273543358,0.0,0.0,1.0,0.0,0.0,-0.00047889910638332367,-0.0033274292945861816
test:481,Qwen3-8B,48,benign,norm_matched,6,final,50,0.0,0.0,0.015491007827222347,0.030039548873901367,0.036054398864507675,0.0,0.0,0.0,0.0,0.0,-0.020563391037285328,-0.01454854104667902
test:640,Qwen3-8B,48,benign,norm_matched,6,final,27,0.0,0.0,0.015110797248780727,0.03218264877796173,0.02387271448969841,0.0,0.0,1.0,0.0,0.0,-0.008761917240917683,-0.017071851529181004
test:903,Qwen3-8B,48,benign,norm_matched,6,final,40,0.0,0.0,0.02602768875658512,0.026822740212082863,0.03154570981860161,0.0,0.0,0.0,0.0,0.0,-0.005518021062016487,-0.0007950514554977417
test:466,Qwen3-8B,48,benign,norm_matched,6,final,34,0.0,0.0,0.03193555772304535,0.03662761300802231,0.03060600347816944,0.0,0.0,1.0,0.0,1.0,0.001329554244875908,-0.004692055284976959
test:787,Qwen3-8B,48,benign,norm_matched,6,final,38,0.0,0.0,0.044221170246601105,0.03477362170815468,0.022873124107718468,0.0,0.0,1.0,0.0,1.0,0.021348046138882637,0.009447548538446426
test:63,Qwen3-8B,48,benign,norm_matched,6,final,48,0.0,0.0,0.008478151634335518,0.047407366335392,0.02268475852906704,0.0,0.0,1.0,0.0,0.0,-0.014206606894731522,-0.03892921470105648
test:1639,Qwen3-8B,48,benign,norm_matched,6,final,5,0.0,0.0,0.021606743335723877,0.012345847673714161,0.01274794526398182,0.0,0.0,0.0,0.0,1.0,0.008858798071742058,0.009260895662009716
test:2265,Qwen3-8B,48,benign,norm_matched,6,final,49,0.0,0.0,0.014162695035338402,0.018142802640795708,0.02050267904996872,0.0,0.0,0.0,0.0,0.0,-0.006339984014630318,-0.003980107605457306
test:1745,Qwen3-8B,48,benign,norm_matched,6,final,12,0.0,0.0,0.0345287062227726,0.036397114396095276,0.036690980195999146,0.0,0.0,0.0,0.0,0.0,-0.0021622739732265472,-0.0018684081733226776
test:9,Qwen3-8B,48,benign,norm_matched,6,final,38,0.0,0.0,0.03261266648769379,0.08137275278568268,0.06592001020908356,0.0,0.0,1.0,0.0,0.0,-0.03330734372138977,-0.04876008629798889
test:1279,Qwen3-8B,48,benign,norm_matched,6,final,17,0.0,0.0,0.02321050688624382,0.03613991662859917,0.03790043666958809,0.0,0.0,0.0,0.0,0.0,-0.014689929783344269,-0.012929409742355347
test:576,Qwen3-8B,48,benign,norm_matched,6,final,41,0.0,0.0,0.03480227664113045,0.057423077523708344,0.04822539538145065,0.0,0.0,1.0,0.0,0.0,-0.013423118740320206,-0.022620800882577896
test:2207,Qwen3-8B,48,benign,norm_matched,6,final,47,0.0,0.0,0.026416653767228127,0.04054011404514313,0.038929570466279984,0.0,0.0,1.0,0.0,0.0,-0.012512916699051857,-0.014123460277915001
test:2168,Qwen3-8B,48,benign,norm_matched,6,final,16,0.0,0.0,0.051522474735975266,0.049067962914705276,0.02239176258444786,0.0,0.0,1.0,0.0,1.0,0.029130712151527405,0.002454511821269989
test:805,Qwen3-8B,48,benign,norm_matched,6,final,31,0.0,0.0,0.06859027594327927,0.07015776634216309,0.03743727505207062,0.0,0.0,1.0,0.0,1.0,0.03115300089120865,-0.0015674903988838196
test:1197,Qwen3-8B,48,benign,norm_matched,6,final,40,0.0,0.0,0.023065440356731415,0.023731593042612076,0.021593812853097916,0.0,0.0,1.0,0.0,1.0,0.0014716275036334991,-0.000666152685880661
test:364,Qwen3-8B,48,benign,norm_matched,6,final,15,0.0,0.0,0.04936664178967476,0.031096089631319046,0.04715454950928688,0.0,0.0,0.0,0.0,1.0,0.0022120922803878784,0.018270552158355713
test:1644,Qwen3-8B,48,benign,norm_matched,6,final,62,0.0,0.0,0.02339942194521427,0.03148322552442551,0.03970971331000328,0.0,0.0,0.0,0.0,0.0,-0.01631029136478901,-0.008083803579211235
test:91,Qwen3-8B,48,benign,norm_matched,6,final,58,0.0,0.0,0.03880252689123154,0.04608168452978134,0.061679743230342865,0.0,0.0,0.0,0.0,0.0,-0.022877216339111328,-0.007279157638549805
test:328,Qwen3-8B,48,benign,norm_matched,6,final,55,0.0,0.0,0.021794937551021576,0.03176862373948097,0.02254372276365757,0.0,0.0,1.0,0.0,0.0,-0.000748785212635994,-0.009973686188459396
test:205,Qwen3-8B,48,benign,norm_matched,6,final,58,0.0,0.0,0.03618302196264267,0.045384448021650314,0.03670845180749893,0.0,0.0,1.0,0.0,0.0,-0.0005254298448562622,-0.009201426059007645
test:1797,Qwen3-8B,48,benign,norm_matched,6,final,47,0.0,0.0,0.016992909833788872,0.026317769661545753,0.02208745665848255,0.0,0.0,1.0,0.0,0.0,-0.00509454682469368,-0.009324859827756882
test:1072,Qwen3-8B,48,benign,norm_matched,6,final,63,0.0,0.0,0.03733270987868309,0.041201069951057434,0.01803530752658844,0.0,0.0,1.0,0.0,1.0,0.01929740235209465,-0.003868360072374344
test:1445,Qwen3-8B,48,benign,norm_matched,6,final,49,0.0,0.0,0.06581472605466843,0.07220671325922012,0.06581086665391922,0.0,0.0,1.0,0.0,1.0,3.859400749206543e-06,-0.006391987204551697
test:630,Qwen3-8B,48,benign,norm_matched,6,final,53,0.0,0.0,0.052483685314655304,0.04052482172846794,0.03396992012858391,0.0,0.0,1.0,0.0,1.0,0.018513765186071396,0.011958863586187363
test:1252,Qwen3-8B,48,benign,norm_matched,6,final,63,0.0,0.0,0.031854402273893356,0.024492505937814713,0.039362430572509766,0.0,0.0,0.0,0.0,0.0,-0.007508028298616409,0.007361896336078644
test:1721,Qwen3-8B,48,benign,norm_matched,6,final,38,0.0,0.0,0.024404481053352356,0.02210959792137146,0.020747873932123184,0.0,0.0,1.0,0.0,1.0,0.0036566071212291718,0.002294883131980896
test:236,Qwen3-8B,48,benign,norm_matched,6,final,42,0.0,0.0,0.052917104214429855,0.05651416257023811,0.05529411882162094,0.0,0.0,1.0,0.0,0.0,-0.002377014607191086,-0.003597058355808258
test:612,Qwen3-8B,48,benign,norm_matched,6,final,73,0.0,0.0,0.030741510912775993,0.023135440424084663,0.025180598720908165,0.0,0.0,0.0,0.0,1.0,0.005560912191867828,0.00760607048869133
test:354,Qwen3-8B,48,benign,norm_matched,6,final,60,0.0,0.0,0.05192405730485916,0.05962434783577919,0.04777444154024124,0.0,0.0,1.0,0.0,1.0,0.00414961576461792,-0.007700290530920029
test:2047,Qwen3-8B,48,benign,norm_matched,6,final,52,0.0,0.0,0.024648787453770638,0.03559940308332443,0.029182162135839462,0.0,0.0,1.0,0.0,0.0,-0.004533374682068825,-0.010950615629553795
test:1687,Qwen3-8B,48,benign,norm_matched,6,final,70,0.0,0.0,0.019001757726073265,0.02209591306746006,0.023016884922981262,0.0,0.0,0.0,0.0,0.0,-0.004015127196907997,-0.003094155341386795
test:1787,Qwen3-8B,48,benign,norm_matched,6,final,87,0.0,0.0,0.014712761156260967,0.03150687366724014,0.040028899908065796,0.0,0.0,0.0,0.0,0.0,-0.02531613875180483,-0.016794112510979176
test:896,Qwen3-8B,48,benign,norm_matched,6,final,62,0.0,0.0,0.0666704922914505,0.04505109041929245,0.07029420137405396,0.0,0.0,0.0,0.0,0.0,-0.0036237090826034546,0.02161940187215805
test:1282,Qwen3-8B,48,benign,norm_matched,6,final,66,0.0,0.0,0.027644535526633263,0.032222773879766464,0.027866756543517113,0.0,0.0,1.0,0.0,0.0,-0.0002222210168838501,-0.004578238353133202
test:1036,Qwen3-8B,48,benign,norm_matched,6,final,47,0.0,0.0,0.008195912465453148,0.017479710280895233,0.015866074711084366,0.0,0.0,1.0,0.0,0.0,-0.007670162245631218,-0.009283797815442085
test:2230,Qwen3-8B,48,benign,norm_matched,6,final,27,0.0,0.0,0.06481650471687317,0.041089288890361786,0.046100202947854996,0.0,0.0,0.0,0.0,1.0,0.018716301769018173,0.023727215826511383
test:376,Qwen3-8B,48,benign,norm_matched,6,final,70,0.0,0.0,0.02886698953807354,0.05307251587510109,0.04932393878698349,0.0,0.0,1.0,0.0,0.0,-0.02045694924890995,-0.02420552633702755
test:1544,Qwen3-8B,48,benign,norm_matched,6,final,35,0.0,0.0,0.02725021354854107,0.030310029163956642,0.027767017483711243,0.0,0.0,1.0,0.0,0.0,-0.0005168039351701736,-0.003059815615415573
test:863,Qwen3-8B,48,benign,norm_matched,6,final,71,0.0,0.0,0.042663197964429855,0.04058244824409485,0.039898648858070374,0.0,0.0,1.0,0.0,1.0,0.002764549106359482,0.0020807497203350067
test:2292,Qwen3-8B,48,benign,norm_matched,6,final,79,0.0,0.0,0.014108551666140556,0.010466779582202435,0.01677709072828293,0.0,0.0,0.0,0.0,0.0,-0.002668539062142372,0.003641772083938122
test:392,Qwen3-8B,48,benign,norm_matched,6,final,61,0.0,0.0,0.02564595267176628,0.02213100716471672,0.028466351330280304,0.0,0.0,0.0,0.0,0.0,-0.002820398658514023,0.0035149455070495605
test:1675,Qwen3-8B,48,benign,norm_matched,6,final,63,0.0,0.0,0.029891669750213623,0.023272579535841942,0.021734239533543587,0.0,0.0,1.0,0.0,1.0,0.008157430216670036,0.006619090214371681
test:1718,Qwen3-8B,48,benign,norm_matched,6,final,35,0.0,0.0,0.0438929982483387,0.042125359177589417,0.04166904091835022,0.0,0.0,1.0,0.0,1.0,0.0022239573299884796,0.0017676390707492828
test:1150,Qwen3-8B,48,benign,norm_matched,6,final,66,0.0,0.0,0.01200764998793602,0.014053578488528728,0.010610914789140224,0.0,0.0,1.0,0.0,1.0,0.0013967351987957954,-0.0020459285005927086
test:1659,Qwen3-8B,48,benign,norm_matched,6,final,81,0.0,0.0,0.016966402530670166,0.01894564926624298,0.018922319635748863,0.0,0.0,1.0,0.0,0.0,-0.001955917105078697,-0.001979246735572815
test:1213,Qwen3-8B,48,benign,norm_matched,6,final,23,0.0,0.0,0.05064686760306358,0.04359908401966095,0.02489594556391239,0.0,0.0,1.0,0.0,1.0,0.02575092203915119,0.007047783583402634
test:1037,Qwen3-8B,48,benign,norm_matched,6,final,55,0.0,0.0,0.0026491943281143904,0.02336476929485798,0.013749729841947556,0.0,0.0,1.0,0.0,0.0,-0.011100535513833165,-0.02071557496674359
test:1201,Qwen3-8B,48,benign,norm_matched,6,final,73,0.0,0.0,0.025541452690958977,0.04780704155564308,0.03591059148311615,0.0,0.0,1.0,0.0,0.0,-0.010369138792157173,-0.022265588864684105
test:1093,Qwen3-8B,48,benign,norm_matched,6,final,15,0.0,0.0,0.03657511621713638,0.04129748046398163,0.030604345723986626,0.0,0.0,1.0,0.0,1.0,0.005970770493149757,-0.004722364246845245
test:37,Qwen3-8B,48,benign,norm_matched,6,final,73,0.0,0.0,0.021241676062345505,0.07070042192935944,0.040690869092941284,0.0,0.0,1.0,0.0,0.0,-0.01944919303059578,-0.04945874586701393
test:785,Qwen3-8B,48,benign,norm_matched,6,final,68,0.0,0.0,0.05779048800468445,0.042697418481111526,0.04079759865999222,0.0,0.0,1.0,0.0,1.0,0.01699288934469223,0.015093069523572922
test:1842,Qwen3-8B,48,benign,norm_matched,6,final,92,0.0,0.0,0.023002726957201958,0.04115334525704384,0.03280927240848541,0.0,0.0,1.0,0.0,0.0,-0.009806545451283455,-0.01815061829984188
test:1860,Qwen3-8B,48,benign,norm_matched,6,final,68,0.0,0.0,0.007857589051127434,0.019270537421107292,0.009800916537642479,0.0,0.0,1.0,0.0,0.0,-0.0019433274865150452,-0.011412948369979858
test:963,Qwen3-8B,48,benign,norm_matched,6,final,77,0.0,0.0,0.021584345027804375,0.06303268671035767,0.025236312299966812,0.0,0.0,1.0,0.0,0.0,-0.0036519672721624374,-0.04144834168255329
test:827,Qwen3-8B,48,benign,norm_matched,6,final,68,0.0,0.0,0.02669508010149002,0.028239857405424118,0.02743643708527088,0.0,0.0,1.0,0.0,0.0,-0.0007413569837808609,-0.0015447773039340973
test:17,Qwen3-8B,48,benign,norm_matched,6,final,85,0.0,0.0,0.03374691680073738,0.031544994562864304,0.047630295157432556,0.0,0.0,0.0,0.0,0.0,-0.013883378356695175,0.0022019222378730774
test:1937,Qwen3-8B,48,benign,norm_matched,6,final,59,0.0,0.0,0.04136936739087105,0.03694571182131767,0.03979525342583656,0.0,0.0,0.0,0.0,1.0,0.0015741139650344849,0.004423655569553375
test:765,Qwen3-8B,48,benign,norm_matched,6,final,42,0.0,0.0,0.07193784415721893,0.05672203004360199,0.048937827348709106,0.0,0.0,1.0,0.0,1.0,0.023000016808509827,0.015215814113616943
test:2008,Qwen3-8B,48,benign,norm_matched,6,final,67,0.0,0.0,0.03407120332121849,0.036794260144233704,0.04102177545428276,0.0,0.0,0.0,0.0,0.0,-0.00695057213306427,-0.002723056823015213
test:520,Qwen3-8B,48,benign,norm_matched,6,final,38,0.0,0.0,0.042093876749277115,0.04351745918393135,0.03401812165975571,0.0,0.0,1.0,0.0,1.0,0.008075755089521408,-0.0014235824346542358
test:1124,Qwen3-8B,48,benign,norm_matched,6,final,36,0.0,0.0,0.033523328602313995,0.016539668664336205,0.015536499209702015,0.0,0.0,1.0,0.0,1.0,0.01798682939261198,0.01698365993797779
test:459,Qwen3-8B,48,benign,norm_matched,6,final,37,0.0,0.0,0.017092576250433922,0.030198542401194572,0.02923225238919258,0.0,0.0,1.0,0.0,0.0,-0.01213967613875866,-0.01310596615076065
test:177,Qwen3-8B,48,benign,norm_matched,6,final,49,0.0,0.0,0.0249207504093647,0.026380395516753197,0.024590233340859413,0.0,0.0,1.0,0.0,1.0,0.00033051706850528717,-0.0014596451073884964
test:192,Qwen3-8B,48,benign,norm_matched,6,final,44,0.0,0.0,0.056112151592969894,0.03440627083182335,0.04298889636993408,0.0,0.0,0.0,0.0,1.0,0.013123255223035812,0.021705880761146545
test:2160,Qwen3-8B,48,benign,norm_matched,6,final,91,0.0,0.0,0.025081895291805267,0.03798448294401169,0.031420327723026276,0.0,0.0,1.0,0.0,0.0,-0.006338432431221008,-0.012902587652206421
test:1617,Qwen3-8B,48,benign,norm_matched,6,final,49,0.0,0.0,0.01386563666164875,0.016930945217609406,0.012295149266719818,0.0,0.0,1.0,0.0,1.0,0.0015704873949289322,-0.003065308555960655
test:100,Qwen3-8B,48,benign,norm_matched,6,final,41,0.0,0.0,0.028261087834835052,0.042587798088788986,0.037534233182668686,0.0,0.0,1.0,0.0,0.0,-0.009273145347833633,-0.014326710253953934
test:693,Qwen3-8B,48,benign,norm_matched,6,final,110,0.0,0.0,0.03794312849640846,0.03292861953377724,0.030070835724473,0.0,0.0,1.0,0.0,1.0,0.007872292771935463,0.005014508962631226
test:195,Qwen3-8B,48,benign,norm_matched,6,final,33,0.0,0.0,0.018258346244692802,0.015635831281542778,0.01548827439546585,0.0,0.0,1.0,0.0,1.0,0.0027700718492269516,0.0026225149631500244
test:114,Qwen3-8B,48,benign,norm_matched,6,final,15,0.0,0.0,0.03801671415567398,0.03163721412420273,0.031230786815285683,0.0,0.0,1.0,0.0,1.0,0.006785927340388298,0.0063795000314712524
test:2205,Qwen3-8B,48,benign,norm_matched,6,final,15,0.0,0.0,0.03763136267662048,0.036767035722732544,0.040840502828359604,0.0,0.0,0.0,0.0,0.0,-0.0032091401517391205,0.0008643269538879395
test:1380,Qwen3-8B,48,benign,norm_matched,6,final,43,0.0,0.0,0.05331661179661751,0.04202079400420189,0.04231655225157738,0.0,0.0,0.0,0.0,1.0,0.01100005954504013,0.011295817792415619
test:668,Qwen3-8B,48,benign,norm_matched,6,final,72,0.0,0.0,0.005267839878797531,0.024495305493474007,0.015869541093707085,0.0,0.0,1.0,0.0,0.0,-0.010601701214909554,-0.019227465614676476
test:874,Qwen3-8B,48,benign,norm_matched,6,final,103,0.0,0.0,0.041855521500110626,0.05121135711669922,0.043307073414325714,0.0,0.0,1.0,0.0,0.0,-0.0014515519142150879,-0.009355835616588593
test:1824,Qwen3-8B,48,benign,norm_matched,6,final,34,0.0,0.0,0.03174082562327385,0.030458109453320503,0.01124571356922388,0.0,0.0,1.0,0.0,1.0,0.02049511205404997,0.0012827161699533463
test:1248,Qwen3-8B,48,benign,norm_matched,6,final,55,0.0,0.0,0.059861764311790466,0.045304179191589355,0.0015171492705121636,0.0,0.0,1.0,0.0,1.0,0.0583446150412783,0.01455758512020111
test:714,Qwen3-8B,48,benign,norm_matched,6,final,96,0.0,0.0,0.01966862380504608,0.04728521406650543,0.03592139109969139,0.0,0.0,1.0,0.0,0.0,-0.01625276729464531,-0.02761659026145935
test:133,Qwen3-8B,48,benign,norm_matched,6,final,21,0.0,0.0,0.00516435457393527,0.01749473065137863,0.013299395330250263,0.0,0.0,1.0,0.0,0.0,-0.008135040756314993,-0.012330376077443361
test:162,Qwen3-8B,48,benign,norm_matched,6,final,15,0.0,0.0,0.03512962907552719,0.038535457104444504,0.03981546312570572,0.0,0.0,0.0,0.0,0.0,-0.004685834050178528,-0.0034058280289173126
test:2079,Qwen3-8B,48,benign,norm_matched,6,final,93,0.0,0.0,0.014175280928611755,0.021732566878199577,0.019817078486084938,0.0,0.0,1.0,0.0,0.0,-0.005641797557473183,-0.007557285949587822
test:1795,Qwen3-8B,48,benign,norm_matched,6,final,63,0.0,0.0,0.06633061915636063,0.03709864988923073,0.026917263865470886,0.0,0.0,1.0,0.0,1.0,0.03941335529088974,0.029231969267129898
test:1760,Qwen3-8B,48,benign,norm_matched,6,final,78,0.0,0.0,0.02067629061639309,0.01980210654437542,0.02094239741563797,0.0,0.0,0.0,0.0,0.0,-0.0002661067992448807,0.0008741840720176697
test:1424,Qwen3-8B,48,benign,norm_matched,6,final,71,0.0,0.0,0.01947544887661934,0.03208855912089348,0.023851264268159866,0.0,0.0,1.0,0.0,0.0,-0.004375815391540527,-0.01261311024427414
test:62,Qwen3-8B,48,benign,norm_matched,6,final,85,0.0,0.0,0.03704189881682396,0.03568577021360397,0.018724555149674416,0.0,0.0,1.0,0.0,1.0,0.018317343667149544,0.001356128603219986
test:522,Qwen3-8B,48,benign,norm_matched,6,final,118,0.0,0.0,0.028135890141129494,0.05341830104589462,0.04647373780608177,0.0,0.0,1.0,0.0,0.0,-0.018337847664952278,-0.02528241090476513
test:1227,Qwen3-8B,48,benign,norm_matched,6,final,42,0.0,0.0,0.04438992589712143,0.04681151360273361,0.04481379687786102,0.0,0.0,1.0,0.0,0.0,-0.0004238709807395935,-0.0024215877056121826
test:397,Qwen3-8B,48,benign,norm_matched,6,final,103,0.0,0.0,0.016555896028876305,0.01863616146147251,0.015454663895070553,0.0,0.0,1.0,0.0,1.0,0.0011012321338057518,-0.0020802654325962067
test:374,Qwen3-8B,48,benign,norm_matched,6,final,99,0.0,0.0,0.03170556202530861,0.027998296543955803,0.03173096477985382,0.0,0.0,0.0,0.0,0.0,-2.5402754545211792e-05,0.003707265481352806
test:1078,Qwen3-8B,48,benign,norm_matched,6,final,42,0.0,0.0,0.0437958724796772,0.029466120526194572,0.03451651334762573,0.0,0.0,0.0,0.0,1.0,0.009279359132051468,0.014329751953482628
test:1664,Qwen3-8B,48,benign,norm_matched,6,final,44,0.0,0.0,0.037433844059705734,0.03640042245388031,0.029690224677324295,0.0,0.0,1.0,0.0,1.0,0.007743619382381439,0.0010334216058254242
test:1818,Qwen3-8B,48,benign,norm_matched,6,final,58,0.0,0.0,0.040730830281972885,0.039484765380620956,0.03346621245145798,0.0,0.0,1.0,0.0,1.0,0.007264617830514908,0.0012460649013519287
test:1246,Qwen3-8B,48,benign,norm_matched,6,final,24,0.0,0.0,0.06350944191217422,0.044632624834775925,0.050974033772945404,0.0,0.0,0.0,0.0,1.0,0.01253540813922882,0.0188768170773983
test:1887,Qwen3-8B,48,benign,norm_matched,6,final,89,0.0,0.0,0.005857376381754875,0.01646612584590912,0.019997280091047287,0.0,0.0,0.0,0.0,0.0,-0.014139903709292412,-0.010608749464154243
test:1623,Qwen3-8B,48,benign,norm_matched,6,final,27,0.0,0.0,0.04425754025578499,0.02869616448879242,0.031508032232522964,0.0,0.0,0.0,0.0,1.0,0.012749508023262024,0.015561375766992569
test:196,Qwen3-8B,48,benign,norm_matched,6,final,70,0.0,0.0,0.05447721853852272,0.04744129627943039,0.050325408577919006,0.0,0.0,0.0,0.0,1.0,0.004151809960603714,0.007035922259092331
test:1899,Qwen3-8B,48,benign,norm_matched,6,final,32,0.0,0.0,0.03154408559203148,0.022008487954735756,0.021332111209630966,0.0,0.0,1.0,0.0,1.0,0.010211974382400513,0.009535597637295723
test:1208,Qwen3-8B,48,benign,norm_matched,6,final,38,0.0,0.0,0.05455825477838516,0.033550016582012177,0.029105059802532196,0.0,0.0,1.0,0.0,1.0,0.025453194975852966,0.021008238196372986
test:1441,Qwen3-8B,48,benign,norm_matched,6,final,74,0.0,0.0,0.08029673248529434,0.05181339383125305,0.021747170016169548,0.0,0.0,1.0,0.0,1.0,0.058549562469124794,0.02848333865404129
test:1102,Qwen3-8B,48,benign,norm_matched,6,final,84,0.0,0.0,0.0692281424999237,0.04104384034872055,0.0398552305996418,0.0,0.0,1.0,0.0,1.0,0.029372911900281906,0.028184302151203156
test:76,Qwen3-8B,48,benign,norm_matched,6,final,127,0.0,0.0,0.02438562922179699,0.027228238061070442,0.016986127942800522,0.0,0.0,1.0,0.0,1.0,0.007399501278996468,-0.0028426088392734528
test:1855,Qwen3-8B,48,benign,norm_matched,6,final,35,0.0,0.0,0.05538608133792877,0.035768069326877594,0.04020359367132187,0.0,0.0,0.0,0.0,1.0,0.015182487666606903,0.019618012011051178
test:1652,Qwen3-8B,48,benign,norm_matched,6,final,38,0.0,0.0,0.06383255869150162,0.04584162309765816,0.049088094383478165,0.0,0.0,0.0,0.0,1.0,0.014744464308023453,0.01799093559384346
test:355,Qwen3-8B,48,benign,norm_matched,6,final,24,0.0,0.0,0.04128190502524376,0.020613476634025574,0.019033605232834816,0.0,0.0,1.0,0.0,1.0,0.022248299792408943,0.020668428391218185
test:2144,Qwen3-8B,48,benign,norm_matched,6,final,139,0.0,0.0,0.018774695694446564,0.031340133398771286,0.019333908334374428,0.0,0.0,1.0,0.0,0.0,-0.0005592126399278641,-0.012565437704324722
test:210,Qwen3-8B,48,benign,norm_matched,6,final,128,0.0,0.0,0.008579513058066368,0.02434711530804634,0.023544324561953545,0.0,0.0,1.0,0.0,0.0,-0.014964811503887177,-0.015767602249979973
test:1713,Qwen3-8B,48,benign,norm_matched,6,final,54,0.0,0.0,0.026787998154759407,0.02339143492281437,0.0362585186958313,0.0,0.0,0.0,0.0,0.0,-0.009470520541071892,0.003396563231945038
test:1574,Qwen3-8B,48,benign,norm_matched,6,final,139,0.0,0.0,0.031222380697727203,0.027601858600974083,0.04280906170606613,0.0,0.0,0.0,0.0,0.0,-0.011586681008338928,0.0036205220967531204
test:1488,Qwen3-8B,48,benign,norm_matched,6,final,82,0.0,0.0,0.023285025730729103,0.020287062972784042,0.02763660065829754,0.0,0.0,0.0,0.0,0.0,-0.004351574927568436,0.0029979627579450607
test:1868,Qwen3-8B,48,benign,norm_matched,6,final,69,0.0,0.0,0.02770460769534111,0.021604401990771294,0.02594667673110962,0.0,0.0,0.0,0.0,1.0,0.001757930964231491,0.006100205704569817
test:2233,Qwen3-8B,48,benign,norm_matched,6,final,94,0.0,0.0,0.039320722222328186,0.05528062582015991,0.07279399782419205,0.0,0.0,0.0,0.0,0.0,-0.03347327560186386,-0.015959903597831726
test:692,Qwen3-8B,48,benign,norm_matched,6,final,144,0.0,0.0,0.013118363916873932,0.03745220601558685,0.03848736733198166,0.0,0.0,0.0,0.0,0.0,-0.025369003415107727,-0.02433384209871292
test:1732,Qwen3-8B,48,benign,norm_matched,6,final,127,0.0,0.0,0.030477361753582954,0.060607343912124634,0.03425855562090874,0.0,0.0,1.0,0.0,0.0,-0.0037811938673257828,-0.03012998215854168
test:1002,Qwen3-8B,48,benign,norm_matched,6,final,51,0.0,0.0,0.018800491467118263,0.012768340297043324,0.03668024390935898,0.0,0.0,0.0,0.0,0.0,-0.017879752442240715,0.00603215117007494
test:1607,Qwen3-8B,48,benign,norm_matched,6,final,28,0.0,0.0,0.045057907700538635,0.010678359307348728,0.014076083898544312,0.0,0.0,0.0,0.0,1.0,0.030981823801994324,0.03437954839318991
test:1123,Qwen3-8B,48,benign,norm_matched,6,final,155,0.0,0.0,0.014348835684359074,0.026326632127165794,0.022154562175273895,0.0,0.0,1.0,0.0,0.0,-0.007805726490914822,-0.01197779644280672
test:120,Qwen3-8B,48,benign,norm_matched,6,final,142,0.0,0.0,0.05154450237751007,0.04425707831978798,0.0493888333439827,0.0,0.0,0.0,0.0,1.0,0.0021556690335273743,0.007287424057722092
test:652,Qwen3-8B,48,benign,norm_matched,6,final,55,0.0,0.0,0.033996425569057465,0.028437476605176926,0.03517518192529678,0.0,0.0,0.0,0.0,0.0,-0.0011787563562393188,0.005558948963880539
test:850,Qwen3-8B,48,benign,norm_matched,6,final,83,0.0,0.0,0.03296433389186859,0.031679730862379074,0.036088570952415466,0.0,0.0,0.0,0.0,0.0,-0.003124237060546875,0.0012846030294895172
test:1633,Qwen3-8B,48,benign,norm_matched,6,final,119,0.0,0.0,0.020350489765405655,0.030375860631465912,0.03204607963562012,0.0,0.0,0.0,0.0,0.0,-0.011695589870214462,-0.010025370866060257
test:1126,Qwen3-8B,48,benign,norm_matched,6,final,139,0.0,0.0,0.026811089366674423,0.06772703677415848,0.05800674483180046,0.0,0.0,1.0,0.0,0.0,-0.031195655465126038,-0.040915947407484055
test:2130,Qwen3-8B,48,benign,norm_matched,6,final,161,0.0,0.0,0.03994889557361603,0.02573155239224434,0.026581326499581337,0.0,0.0,0.0,0.0,1.0,0.01336756907403469,0.014217343181371689
test:1982,Qwen3-8B,48,benign,norm_matched,6,final,168,0.0,0.0,0.007983401417732239,0.015600311569869518,0.015360087156295776,0.0,0.0,1.0,0.0,0.0,-0.007376685738563538,-0.0076169101521372795
test:941,Qwen3-8B,48,benign,norm_matched,6,final,140,0.0,0.0,0.05248443782329559,0.02343733049929142,0.05888930708169937,0.0,0.0,0.0,0.0,0.0,-0.006404869258403778,0.029047107324004173
test:1038,Qwen3-8B,48,benign,norm_matched,6,final,147,0.0,0.0,0.014670069329440594,0.024641022086143494,0.02725192718207836,0.0,0.0,0.0,0.0,0.0,-0.012581857852637768,-0.0099709527567029
test:359,Qwen3-8B,48,benign,norm_matched,6,final,82,0.0,0.0,0.028480123728513718,0.03133486211299896,0.03780696541070938,0.0,0.0,0.0,0.0,0.0,-0.009326841682195663,-0.0028547383844852448
test:1015,Qwen3-8B,48,benign,norm_matched,6,final,29,0.0,0.0,0.03154194355010986,0.026449380442500114,0.029796099290251732,0.0,0.0,0.0,0.0,1.0,0.0017458442598581314,0.005092563107609749
test:680,Qwen3-8B,48,benign,norm_matched,6,final,15,0.0,0.0,0.024925455451011658,0.02218613773584366,0.0185347069054842,0.0,0.0,1.0,0.0,1.0,0.006390748545527458,0.0027393177151679993
test:1240,Qwen3-8B,48,benign,norm_matched,6,final,155,0.0,0.0,0.02420688048005104,0.043346717953681946,0.04200941324234009,0.0,0.0,1.0,0.0,0.0,-0.017802532762289047,-0.019139837473630905
test:1330,Qwen3-8B,48,benign,norm_matched,6,final,49,0.0,0.0,0.040560830384492874,0.03229430317878723,0.028479333966970444,0.0,0.0,1.0,0.0,1.0,0.01208149641752243,0.008266527205705643
test:544,Qwen3-8B,48,benign,norm_matched,6,final,167,0.0,0.0,0.02779308892786503,0.039825282990932465,0.03886754438281059,0.0,0.0,1.0,0.0,0.0,-0.011074455454945564,-0.012032194063067436
test:695,Qwen3-8B,48,benign,norm_matched,6,final,163,0.0,0.0,0.023160723969340324,0.03462814912199974,0.02871314063668251,0.0,0.0,1.0,0.0,0.0,-0.005552416667342186,-0.011467425152659416
test:1019,Qwen3-8B,48,benign,norm_matched,6,final,181,0.0,0.0,0.03268127143383026,0.030834488570690155,0.0304853692650795,0.0,0.0,1.0,0.0,1.0,0.002195902168750763,0.0018467828631401062
test:2172,Qwen3-8B,48,benign,norm_matched,6,final,147,0.0,0.0,0.0710938423871994,0.08633050322532654,0.06197468191385269,0.0,0.0,1.0,0.0,1.0,0.00911916047334671,-0.015236660838127136
test:446,Qwen3-8B,48,benign,norm_matched,6,final,41,0.0,0.0,0.051407985389232635,0.018311403691768646,0.0513102151453495,0.0,0.0,0.0,0.0,1.0,9.777024388313293e-05,0.03309658169746399
test:7,Qwen3-8B,48,benign,norm_matched,6,final,30,0.0,0.0,0.017580615356564522,0.014029642567038536,0.015029540285468102,0.0,0.0,0.0,0.0,1.0,0.0025510750710964203,0.0035509727895259857
test:1589,Qwen3-8B,48,benign,norm_matched,6,final,15,0.0,0.0,0.03211807832121849,0.03172814100980759,0.029096750542521477,0.0,0.0,1.0,0.0,1.0,0.003021327778697014,0.00038993731141090393
test:1087,Qwen3-8B,48,benign,norm_matched,6,final,65,0.0,0.0,0.048597320914268494,0.05046980828046799,0.0521598719060421,0.0,0.0,0.0,0.0,0.0,-0.0035625509917736053,-0.0018724873661994934
test:603,Qwen3-8B,48,benign,norm_matched,6,final,144,0.0,0.0,0.014598270878195763,0.017806386575102806,0.026213843375444412,0.0,0.0,0.0,0.0,0.0,-0.01161557249724865,-0.0032081156969070435
test:1608,Qwen3-8B,48,benign,norm_matched,6,final,174,0.0,0.0,0.027256136760115623,0.031852301210165024,0.02368340641260147,0.0,0.0,1.0,0.0,1.0,0.0035727303475141525,-0.0045961644500494
test:774,Qwen3-8B,48,benign,norm_matched,6,final,65,0.0,0.0,0.02303454466164112,0.02276451140642166,0.022209906950592995,0.0,0.0,1.0,0.0,1.0,0.0008246377110481262,0.00027003325521945953
test:1996,Qwen3-8B,48,benign,norm_matched,6,final,10,0.0,0.0,0.045532695949077606,0.035277266055345535,0.02914772927761078,0.0,0.0,1.0,0.0,1.0,0.016384966671466827,0.010255429893732071
test:2221,Qwen3-8B,48,benign,norm_matched,6,final,177,0.0,0.0,0.027986394241452217,0.034367885440588,0.04109180346131325,0.0,0.0,0.0,0.0,0.0,-0.01310540921986103,-0.00638149119913578
test:1313,Qwen3-8B,48,benign,norm_matched,6,final,119,0.0,0.0,0.03773169219493866,0.043404094874858856,0.0364898256957531,0.0,0.0,1.0,0.0,1.0,0.0012418664991855621,-0.0056724026799201965
test:1515,Qwen3-8B,48,benign,norm_matched,6,final,131,0.0,0.0,0.010803728364408016,0.030419640243053436,0.03410397842526436,0.0,0.0,0.0,0.0,0.0,-0.023300250060856342,-0.01961591187864542
test:1418,Qwen3-8B,48,benign,norm_matched,6,final,181,0.0,0.0,0.013635039329528809,0.03530656173825264,0.033098701387643814,0.0,0.0,1.0,0.0,0.0,-0.019463662058115005,-0.02167152240872383
test:999,Qwen3-8B,48,benign,norm_matched,6,final,164,0.0,0.0,0.019017135724425316,0.03660110756754875,0.01995086297392845,0.0,0.0,1.0,0.0,0.0,-0.0009337272495031357,-0.017583971843123436
test:1431,Qwen3-8B,48,benign,norm_matched,6,final,23,0.0,0.0,0.02697402611374855,0.024643322452902794,0.029579220339655876,0.0,0.0,0.0,0.0,0.0,-0.0026051942259073257,0.0023307036608457565
test:702,Qwen3-8B,48,benign,norm_matched,6,final,144,0.0,0.0,0.03428168222308159,0.031053630635142326,0.03446730971336365,0.0,0.0,0.0,0.0,0.0,-0.00018562749028205872,0.0032280515879392624
test:111,Qwen3-8B,48,benign,norm_matched,6,final,135,0.0,0.0,0.060335829854011536,0.06068383529782295,0.04446542263031006,0.0,0.0,1.0,0.0,1.0,0.015870407223701477,-0.0003480054438114166
test:1039,Qwen3-8B,48,benign,norm_matched,6,final,60,0.0,0.0,0.06370963901281357,0.025209501385688782,0.031210333108901978,0.0,0.0,0.0,0.0,1.0,0.03249930590391159,0.038500137627124786
test:586,Qwen3-8B,48,benign,norm_matched,6,final,159,0.0,0.0,0.017247304320335388,0.048097334802150726,0.011467620730400085,0.0,0.0,1.0,0.0,1.0,0.005779683589935303,-0.030850030481815338
test:733,Qwen3-8B,48,benign,norm_matched,6,final,15,0.0,0.0,0.035201095044612885,0.035845983773469925,0.03137714043259621,0.0,0.0,1.0,0.0,1.0,0.003823954612016678,-0.0006448887288570404
test:562,Qwen3-8B,48,benign,norm_matched,6,final,78,0.0,0.0,0.05263249948620796,0.03134762495756149,-0.00046938774175941944,0.0,0.0,1.0,0.0,1.0,0.05310188722796738,0.02128487452864647
test:367,Qwen3-8B,48,benign,norm_matched,6,final,28,0.0,0.0,0.021155795082449913,0.025999369099736214,0.01384661253541708,0.0,0.0,1.0,0.0,1.0,0.007309182547032833,-0.004843574017286301
test:2093,Qwen3-8B,48,benign,norm_matched,6,final,37,0.0,0.0,0.05737417936325073,0.044616714119911194,0.04153711348772049,0.0,0.0,1.0,0.0,1.0,0.015837065875530243,0.012757465243339539
test:298,Qwen3-8B,48,benign,norm_matched,6,final,75,0.0,0.0,0.05229317396879196,0.03160490095615387,0.03343015909194946,0.0,0.0,0.0,0.0,1.0,0.0188630148768425,0.020688273012638092
test:618,Qwen3-8B,48,benign,norm_matched,6,final,32,0.0,0.0,0.011795863509178162,0.020447954535484314,0.015347568318247795,0.0,0.0,1.0,0.0,0.0,-0.0035517048090696335,-0.008652091026306152
test:213,Qwen3-8B,48,benign,norm_matched,6,final,195,0.0,0.0,0.06289363652467728,0.05578002706170082,0.02882612682878971,0.0,0.0,1.0,0.0,1.0,0.034067509695887566,0.007113609462976456
test:1770,Qwen3-8B,48,benign,norm_matched,6,final,130,0.0,0.0,0.00836151372641325,0.021050570532679558,0.009758824482560158,0.0,0.0,1.0,0.0,0.0,-0.0013973107561469078,-0.012689056806266308
test:784,Qwen3-8B,48,benign,norm_matched,6,final,177,0.0,0.0,0.03541888669133186,0.051401518285274506,0.05152948200702667,0.0,0.0,0.0,0.0,0.0,-0.01611059531569481,-0.015982631593942642
test:748,Qwen3-8B,48,benign,norm_matched,6,final,195,0.0,0.0,0.004949933849275112,0.019002795219421387,0.01583894155919552,0.0,0.0,1.0,0.0,0.0,-0.010889007709920406,-0.014052861370146275
test:691,Qwen3-8B,48,benign,norm_matched,6,final,104,0.0,0.0,0.06250232458114624,0.07333496958017349,0.07758796215057373,0.0,0.0,0.0,0.0,0.0,-0.01508563756942749,-0.010832644999027252
test:1521,Qwen3-8B,48,benign,norm_matched,6,final,187,0.0,0.0,0.010056714527308941,0.024079149588942528,0.02293907105922699,0.0,0.0,1.0,0.0,0.0,-0.012882356531918049,-0.014022435061633587
test:153,Qwen3-8B,48,benign,norm_matched,6,final,58,0.0,0.0,0.031003333628177643,0.031286630779504776,0.040125772356987,0.0,0.0,0.0,0.0,0.0,-0.009122438728809357,-0.0002832971513271332
test:1145,Qwen3-8B,48,benign,norm_matched,6,final,205,0.0,0.0,0.02367124892771244,0.04901095852255821,0.04536941647529602,0.0,0.0,1.0,0.0,0.0,-0.02169816754758358,-0.025339709594845772
test:1941,Qwen3-8B,48,benign,norm_matched,6,final,200,0.0,0.0,0.030025767162442207,0.03575668856501579,0.03313988447189331,0.0,0.0,1.0,0.0,0.0,-0.003114117309451103,-0.0057309214025735855
test:128,Qwen3-8B,48,benign,norm_matched,6,final,230,0.0,0.0,0.019170410931110382,0.027504287660121918,0.03508080914616585,0.0,0.0,0.0,0.0,0.0,-0.015910398215055466,-0.008333876729011536
test:499,Qwen3-8B,48,benign,norm_matched,6,final,224,0.0,0.0,0.002643184270709753,0.018387366086244583,0.01722164824604988,0.0,0.0,1.0,0.0,0.0,-0.014578463975340128,-0.01574418181553483
test:869,Qwen3-8B,48,benign,norm_matched,6,final,25,0.0,0.0,0.03255734592676163,0.02983703278005123,0.01264268346130848,0.0,0.0,1.0,0.0,1.0,0.019914662465453148,0.002720313146710396
test:1236,Qwen3-8B,48,benign,norm_matched,6,final,98,0.0,0.0,0.026564525440335274,0.03589646518230438,0.029405152425169945,0.0,0.0,1.0,0.0,0.0,-0.002840626984834671,-0.009331939741969109
test:1870,Qwen3-8B,48,benign,norm_matched,6,final,233,0.0,0.0,0.021023519337177277,0.022617213428020477,0.0237162783741951,0.0,0.0,0.0,0.0,0.0,-0.0026927590370178223,-0.0015936940908432007
test:1310,Qwen3-8B,48,benign,norm_matched,6,final,259,0.0,0.0,0.04493791237473488,0.039855387061834335,0.04417217895388603,0.0,0.0,0.0,0.0,1.0,0.0007657334208488464,0.005082525312900543
test:1221,Qwen3-8B,48,benign,norm_matched,6,final,118,0.0,0.0,0.02581985481083393,0.02053280733525753,0.0224005039781332,0.0,0.0,0.0,0.0,1.0,0.0034193508327007294,0.005287047475576401
test:257,Qwen3-8B,48,benign,norm_matched,6,final,132,0.0,0.0,0.027419881895184517,0.02625417336821556,0.028815584257245064,0.0,0.0,0.0,0.0,0.0,-0.0013957023620605469,0.001165708526968956
test:1513,Qwen3-8B,48,benign,norm_matched,6,final,181,0.0,0.0,0.023958632722496986,0.019915973767638206,0.025100070983171463,0.0,0.0,0.0,0.0,0.0,-0.0011414382606744766,0.00404265895485878
test:553,Qwen3-8B,48,benign,norm_matched,6,final,202,0.0,0.0,0.04984528571367264,0.0492524690926075,0.004144221544265747,0.0,0.0,1.0,0.0,1.0,0.04570106416940689,0.0005928166210651398
test:1881,Qwen3-8B,48,benign,norm_matched,6,final,204,0.0,0.0,0.035508446395397186,0.05140937864780426,0.0469571016728878,0.0,0.0,1.0,0.0,0.0,-0.011448655277490616,-0.015900932252407074
test:2262,Qwen3-8B,48,benign,norm_matched,6,final,36,0.0,0.0,0.051075395196676254,0.032803162932395935,0.03239752724766731,0.0,0.0,1.0,0.0,1.0,0.01867786794900894,0.01827223226428032
test:911,Qwen3-8B,48,benign,norm_matched,6,final,102,0.0,0.0,0.043112438172101974,0.05438019707798958,0.035656969994306564,0.0,0.0,1.0,0.0,1.0,0.00745546817779541,-0.011267758905887604
test:1947,Qwen3-8B,48,benign,norm_matched,6,final,34,0.0,0.0,0.04332774132490158,0.042582765221595764,0.03969439119100571,0.0,0.0,1.0,0.0,1.0,0.003633350133895874,0.0007449761033058167
test:675,Qwen3-8B,48,benign,norm_matched,6,final,34,0.0,0.0,0.0649682879447937,0.04574866592884064,0.029057087376713753,0.0,0.0,1.0,0.0,1.0,0.03591120056807995,0.019219622015953064
test:979,Qwen3-8B,48,benign,norm_matched,6,final,235,0.0,0.0,0.030152127146720886,0.025272274389863014,0.03481375798583031,0.0,0.0,0.0,0.0,0.0,-0.004661630839109421,0.004879852756857872
test:783,Qwen3-8B,48,benign,norm_matched,6,final,10,0.0,0.0,0.06511864066123962,0.05469164624810219,0.05669013038277626,0.0,0.0,0.0,0.0,1.0,0.008428510278463364,0.010426994413137436
test:2149,Qwen3-8B,48,benign,norm_matched,6,final,20,0.0,0.0,0.041136663407087326,0.04798242449760437,0.030489496886730194,0.0,0.0,1.0,0.0,1.0,0.010647166520357132,-0.006845761090517044
test:1231,Qwen3-8B,48,benign,norm_matched,6,final,85,0.0,0.0,0.022428806871175766,0.028346046805381775,0.018615128472447395,0.0,0.0,1.0,0.0,1.0,0.0038136783987283707,-0.005917239934206009
test:68,Qwen3-8B,48,benign,norm_matched,6,final,31,0.0,0.0,0.03230404108762741,0.045228905975818634,0.04819967597723007,0.0,0.0,0.0,0.0,0.0,-0.01589563488960266,-0.012924864888191223
test:180,Qwen3-8B,48,benign,norm_matched,6,final,173,0.0,0.0,0.010084073059260845,0.01634923182427883,0.014757297933101654,0.0,0.0,1.0,0.0,0.0,-0.004673224873840809,-0.006265158765017986
test:2034,Qwen3-8B,48,benign,norm_matched,6,final,4,0.0,0.0,0.03607134521007538,0.035508617758750916,0.03852696344256401,0.0,0.0,0.0,0.0,0.0,-0.002455618232488632,0.0005627274513244629
test:1007,Qwen3-8B,48,benign,norm_matched,6,final,51,0.0,0.0,0.0396236777305603,0.046674471348524094,0.04536779224872589,0.0,0.0,1.0,0.0,0.0,-0.005744114518165588,-0.007050793617963791
test:1917,Qwen3-8B,48,benign,norm_matched,6,final,74,0.0,0.0,0.03499936684966087,0.02839893475174904,0.02954145520925522,0.0,0.0,0.0,0.0,1.0,0.005457911640405655,0.006600432097911835
test:1869,Qwen3-8B,48,benign,norm_matched,6,final,236,0.0,0.0,0.011597690172493458,0.05381469056010246,0.010453087277710438,0.0,0.0,1.0,0.0,1.0,0.00114460289478302,-0.042217000387609005
test:1819,Qwen3-8B,48,benign,norm_matched,6,final,55,0.0,0.0,0.028352990746498108,0.055540814995765686,0.029356610029935837,0.0,0.0,1.0,0.0,0.0,-0.0010036192834377289,-0.027187824249267578
test:225,Qwen3-8B,48,benign,norm_matched,6,final,156,0.0,0.0,0.029393715783953667,0.029606230556964874,0.025335364043712616,0.0,0.0,1.0,0.0,1.0,0.004058351740241051,-0.00021251477301120758
test:1978,Qwen3-8B,48,benign,norm_matched,6,final,165,0.0,0.0,0.1067555695772171,0.07490245997905731,0.08392030000686646,0.0,0.0,0.0,0.0,1.0,0.022835269570350647,0.03185310959815979
test:1849,Qwen3-8B,48,benign,norm_matched,6,final,35,0.0,0.0,0.03805233910679817,0.030934378504753113,0.029329700395464897,0.0,0.0,1.0,0.0,1.0,0.008722638711333275,0.007117960602045059
test:1267,Qwen3-8B,48,benign,norm_matched,6,final,241,0.0,0.0,0.017088573426008224,0.029304075986146927,0.025785543024539948,0.0,0.0,1.0,0.0,0.0,-0.008696969598531723,-0.012215502560138702
test:2014,Qwen3-8B,48,benign,norm_matched,6,final,10,0.0,0.0,0.05291870981454849,0.04973631724715233,0.042747434228658676,0.0,0.0,1.0,0.0,1.0,0.010171275585889816,0.003182392567396164
test:747,Qwen3-8B,48,benign,norm_matched,6,final,288,0.0,0.0,0.03819909691810608,0.05074356868863106,0.04634206369519234,0.0,0.0,1.0,0.0,0.0,-0.008142966777086258,-0.012544471770524979
test:1536,Qwen3-8B,48,benign,norm_matched,6,final,164,0.0,0.0,0.02474365383386612,0.010979469865560532,0.018688982352614403,0.0,0.0,0.0,0.0,1.0,0.006054671481251717,0.013764183968305588
test:495,Qwen3-8B,48,benign,norm_matched,6,final,35,0.0,0.0,0.05498282611370087,0.018087344244122505,0.04038495570421219,0.0,0.0,0.0,0.0,1.0,0.014597870409488678,0.03689548186957836
test:1218,Qwen3-8B,48,benign,norm_matched,6,final,79,0.0,0.0,0.059372395277023315,0.025992920622229576,0.03329797461628914,0.0,0.0,0.0,0.0,1.0,0.026074420660734177,0.03337947465479374
test:908,Qwen3-8B,48,benign,norm_matched,6,final,44,0.0,0.0,0.06419463455677032,0.046585507690906525,-0.02191799320280552,0.0,0.0,1.0,0.0,1.0,0.08611262775957584,0.0176091268658638
test:284,Qwen3-8B,48,benign,norm_matched,6,final,81,0.0,0.0,0.11505326628684998,0.11077263206243515,0.05875546485185623,0.0,0.0,1.0,0.0,1.0,0.056297801434993744,0.0042806342244148254
test:307,Qwen3-8B,48,benign,norm_matched,6,final,227,0.0,0.0,0.004351259209215641,0.010779356583952904,0.00804467685520649,0.0,0.0,1.0,0.0,0.0,-0.0036934176459908485,-0.006428097374737263
test:1101,Qwen3-8B,48,benign,norm_matched,6,final,29,0.0,0.0,0.030649689957499504,0.014568733982741833,0.018745293840765953,0.0,0.0,0.0,0.0,1.0,0.011904396116733551,0.01608095597475767
test:2091,Qwen3-8B,48,benign,norm_matched,6,final,202,0.0,0.0,0.030607735738158226,0.049485914409160614,0.04214392229914665,0.0,0.0,1.0,0.0,0.0,-0.011536186560988426,-0.018878178671002388
test:1343,Qwen3-8B,48,benign,norm_matched,6,final,258,0.0,0.0,0.027796223759651184,0.029759814962744713,0.0327637642621994,0.0,0.0,0.0,0.0,0.0,-0.004967540502548218,-0.0019635912030935287
test:312,Qwen3-8B,48,benign,norm_matched,6,final,73,0.0,0.0,0.06157504394650459,0.04614952579140663,0.03171948343515396,0.0,0.0,1.0,0.0,1.0,0.02985556051135063,0.015425518155097961
test:1853,Qwen3-8B,48,benign,norm_matched,6,final,266,0.0,0.0,0.024504125118255615,0.027209492400288582,0.024625375866889954,0.0,0.0,1.0,0.0,0.0,-0.00012125074863433838,-0.0027053672820329666
test:2161,Qwen3-8B,48,benign,norm_matched,6,final,168,0.0,0.0,0.022342195734381676,0.019019167870283127,0.016466880217194557,0.0,0.0,1.0,0.0,1.0,0.0058753155171871185,0.003323027864098549
test:993,Qwen3-8B,48,benign,norm_matched,6,final,38,0.0,0.0,0.057719141244888306,0.03171151876449585,0.016666028648614883,0.0,0.0,1.0,0.0,1.0,0.04105311259627342,0.026007622480392456
test:1764,Qwen3-8B,48,benign,norm_matched,6,final,54,0.0,0.0,0.05562927573919296,0.060684822499752045,0.03225678578019142,0.0,0.0,1.0,0.0,1.0,0.02337248995900154,-0.005055546760559082
test:1238,Qwen3-8B,48,benign,norm_matched,6,final,125,0.0,0.0,0.04269568994641304,0.025139382109045982,0.022436439990997314,0.0,0.0,1.0,0.0,1.0,0.020259249955415726,0.017556307837367058
test:2222,Qwen3-8B,48,benign,norm_matched,6,final,63,0.0,0.0,0.05965767800807953,0.06312812119722366,0.07751938700675964,0.0,0.0,0.0,0.0,0.0,-0.017861708998680115,-0.0034704431891441345
test:2007,Qwen3-8B,48,benign,norm_matched,6,final,115,0.0,0.0,0.0387185737490654,0.03491077944636345,0.042699601501226425,0.0,0.0,0.0,0.0,0.0,-0.003981027752161026,0.00380779430270195
test:1177,Qwen3-8B,48,benign,norm_matched,6,final,21,0.0,0.0,0.03118089586496353,0.030963841825723648,0.030335962772369385,0.0,0.0,1.0,0.0,1.0,0.0008449330925941467,0.00021705403923988342
test:378,Qwen3-8B,48,benign,norm_matched,6,final,305,0.0,0.0,0.0031027994118630886,0.026552844792604446,0.015539534389972687,0.0,0.0,1.0,0.0,0.0,-0.012436734978109598,-0.023450045380741358
test:1086,Qwen3-8B,48,benign,norm_matched,6,final,293,0.0,0.0,0.03207244351506233,0.040897186845541,0.037044648081064224,0.0,0.0,1.0,0.0,0.0,-0.004972204566001892,-0.008824743330478668
test:350,Qwen3-8B,48,benign,norm_matched,6,final,23,0.0,0.0,0.04893999546766281,0.013711749576032162,0.020310744643211365,0.0,0.0,0.0,0.0,1.0,0.028629250824451447,0.03522824589163065
test:2256,Qwen3-8B,48,benign,norm_matched,6,final,48,0.0,0.0,0.022956877946853638,0.0323498360812664,0.025482874363660812,0.0,0.0,1.0,0.0,0.0,-0.0025259964168071747,-0.009392958134412766
test:2064,Qwen3-8B,48,benign,norm_matched,6,final,256,0.0,0.0,0.02324032038450241,0.016910359263420105,0.023172518238425255,0.0,0.0,0.0,0.0,1.0,6.780214607715607e-05,0.006329961121082306
test:635,Qwen3-8B,48,benign,norm_matched,6,final,10,0.0,0.0,0.04045913368463516,0.03583819046616554,0.010334810242056847,0.0,0.0,1.0,0.0,1.0,0.030124323442578316,0.00462094321846962
test:2182,Qwen3-8B,48,benign,norm_matched,6,final,110,0.0,0.0,0.04582058638334274,0.050655607134103775,0.04830795153975487,0.0,0.0,1.0,0.0,0.0,-0.0024873651564121246,-0.004835020750761032
test:502,Qwen3-8B,48,benign,norm_matched,6,final,86,0.0,0.0,0.028308935463428497,0.024602718651294708,0.01959232985973358,0.0,0.0,1.0,0.0,1.0,0.008716605603694916,0.003706216812133789
test:434,Qwen3-8B,48,benign,norm_matched,6,final,128,0.0,0.0,0.03455588221549988,0.05270592123270035,0.04347672313451767,0.0,0.0,1.0,0.0,0.0,-0.008920840919017792,-0.01815003901720047
test:1225,Qwen3-8B,48,benign,norm_matched,6,final,110,0.0,0.0,0.02384224906563759,0.027426064014434814,0.02696390263736248,0.0,0.0,1.0,0.0,0.0,-0.0031216535717248917,-0.003583814948797226
test:1483,Qwen3-8B,48,benign,norm_matched,6,final,274,0.0,0.0,0.007270685862749815,0.027438048273324966,0.018812334164977074,0.0,0.0,1.0,0.0,0.0,-0.011541648302227259,-0.02016736241057515
test:327,Qwen3-8B,48,benign,norm_matched,6,final,283,0.0,0.0,0.03857848793268204,0.05113993585109711,0.04048901051282883,0.0,0.0,1.0,0.0,0.0,-0.0019105225801467896,-0.01256144791841507
test:646,Qwen3-8B,48,benign,norm_matched,6,final,43,0.0,0.0,0.059720177203416824,0.05817950516939163,0.00962922815233469,0.0,0.0,1.0,0.0,1.0,0.050090949051082134,0.0015406720340251923
test:1214,Qwen3-8B,48,benign,norm_matched,6,final,40,0.0,0.0,0.05912512168288231,0.03645496442914009,0.04094652459025383,0.0,0.0,0.0,0.0,1.0,0.01817859709262848,0.022670157253742218
test:1722,Qwen3-8B,48,benign,norm_matched,6,final,85,0.0,0.0,0.04877586290240288,0.045659251511096954,0.045163705945014954,0.0,0.0,1.0,0.0,1.0,0.003612156957387924,0.0031166113913059235
test:2062,Qwen3-8B,48,benign,norm_matched,6,final,274,0.0,0.0,0.045834340155124664,0.04958822950720787,0.041687577962875366,0.0,0.0,1.0,0.0,1.0,0.004146762192249298,-0.003753889352083206
test:1009,Qwen3-8B,48,benign,norm_matched,6,final,284,0.0,0.0,0.030613839626312256,0.02844565361738205,0.044213466346263885,0.0,0.0,0.0,0.0,0.0,-0.01359962671995163,0.0021681860089302063
test:92,Qwen3-8B,48,benign,norm_matched,6,final,70,0.0,0.0,0.02364456094801426,0.03312715142965317,0.02073904685676098,0.0,0.0,1.0,0.0,1.0,0.0029055140912532806,-0.009482590481638908
test:471,Qwen3-8B,48,benign,norm_matched,6,final,88,0.0,0.0,0.03176388144493103,0.023951532319188118,0.027040980756282806,0.0,0.0,0.0,0.0,1.0,0.004722900688648224,0.007812349125742912
test:1083,Qwen3-8B,48,benign,norm_matched,6,final,318,0.0,0.0,0.08289995789527893,0.09080483764410019,0.09474894404411316,0.0,0.0,0.0,0.0,0.0,-0.011848986148834229,-0.007904879748821259
test:2108,Qwen3-8B,48,benign,norm_matched,6,final,78,0.0,0.0,0.057053931057453156,0.05363290756940842,0.04778924584388733,0.0,0.0,1.0,0.0,1.0,0.009264685213565826,0.0034210234880447388
test:2227,Qwen3-8B,48,benign,norm_matched,6,final,3,0.0,0.0,0.019453344866633415,0.027278155088424683,0.021907862275838852,0.0,0.0,1.0,0.0,0.0,-0.0024545174092054367,-0.007824810221791267
test:1251,Qwen3-8B,48,benign,norm_matched,6,final,288,0.0,0.0,0.009225328452885151,0.016960326582193375,0.020999129861593246,0.0,0.0,0.0,0.0,0.0,-0.011773801408708096,-0.007734998129308224
test:498,Qwen3-8B,48,benign,norm_matched,6,final,38,0.0,0.0,0.048758648335933685,0.028557801619172096,0.03538614138960838,0.0,0.0,0.0,0.0,1.0,0.013372506946325302,0.02020084671676159
test:1920,Qwen3-8B,48,benign,norm_matched,6,final,208,0.0,0.0,0.03916439414024353,0.06104050204157829,0.048119883984327316,0.0,0.0,1.0,0.0,0.0,-0.008955489844083786,-0.021876107901334763
test:1845,Qwen3-8B,48,benign,norm_matched,6,final,117,0.0,0.0,0.03212045133113861,0.03943882882595062,0.036258019506931305,0.0,0.0,1.0,0.0,0.0,-0.004137568175792694,-0.007318377494812012
test:1790,Qwen3-8B,48,benign,norm_matched,6,final,156,0.0,0.0,0.0192507803440094,0.02344462275505066,0.01525814551860094,0.0,0.0,1.0,0.0,1.0,0.003992634825408459,-0.00419384241104126
test:1563,Qwen3-8B,48,benign,norm_matched,6,final,197,0.0,0.0,0.011704916134476662,0.027700457721948624,0.02881765179336071,0.0,0.0,0.0,0.0,0.0,-0.01711273565888405,-0.015995541587471962
test:1715,Qwen3-8B,48,benign,norm_matched,6,final,312,0.0,0.0,0.027032963931560516,0.038369737565517426,0.038708142936229706,0.0,0.0,0.0,0.0,0.0,-0.01167517900466919,-0.01133677363395691
test:1395,Qwen3-8B,48,benign,norm_matched,6,final,63,0.0,0.0,0.0500003881752491,0.052906136959791183,0.042692650109529495,0.0,0.0,1.0,0.0,1.0,0.0073077380657196045,-0.0029057487845420837
test:923,Qwen3-8B,48,benign,norm_matched,6,final,326,0.0,0.0,0.01860901527106762,0.02447693422436714,0.021411534398794174,0.0,0.0,1.0,0.0,0.0,-0.002802519127726555,-0.005867918953299522
test:800,Qwen3-8B,48,benign,norm_matched,6,final,154,0.0,0.0,0.06718353927135468,0.04440002143383026,0.05611683800816536,0.0,0.0,0.0,0.0,1.0,0.011066701263189316,0.022783517837524414
test:1525,Qwen3-8B,48,benign,norm_matched,6,final,293,0.0,0.0,0.027424637228250504,0.022072654217481613,0.02648376300930977,0.0,0.0,0.0,0.0,1.0,0.0009408742189407349,0.00535198301076889
test:617,Qwen3-8B,48,benign,norm_matched,6,final,281,0.0,0.0,0.017492014914751053,0.015448023565113544,0.024233145639300346,0.0,0.0,0.0,0.0,0.0,-0.0067411307245492935,0.0020439913496375084
test:2225,Qwen3-8B,48,benign,norm_matched,6,final,38,0.0,0.0,0.04984353482723236,0.03382427617907524,0.03418009355664253,0.0,0.0,0.0,0.0,1.0,0.01566344127058983,0.01601925864815712
test:125,Qwen3-8B,48,benign,norm_matched,6,final,51,0.0,0.0,0.02661319449543953,0.02136804535984993,0.019986532628536224,0.0,0.0,1.0,0.0,1.0,0.006626661866903305,0.0052451491355896
test:1316,Qwen3-8B,48,benign,norm_matched,6,final,247,0.0,0.0,0.015914492309093475,0.023766884580254555,0.013675548136234283,0.0,0.0,1.0,0.0,1.0,0.002238944172859192,-0.00785239227116108
test:1848,Qwen3-8B,48,benign,norm_matched,6,final,87,0.0,0.0,0.03673399239778519,0.039306383579969406,0.037506185472011566,0.0,0.0,1.0,0.0,0.0,-0.0007721930742263794,-0.0025723911821842194
test:1481,Qwen3-8B,48,benign,norm_matched,6,final,38,0.0,0.0,0.04446231946349144,0.01904454082250595,0.02078063413500786,0.0,0.0,0.0,0.0,1.0,0.02368168532848358,0.02541777864098549
test:1667,Qwen3-8B,48,benign,norm_matched,6,final,272,0.0,0.0,0.024478459730744362,0.026412777602672577,0.024482131004333496,0.0,0.0,1.0,0.0,0.0,-3.6712735891342163e-06,-0.001934317871928215
test:1901,Qwen3-8B,48,benign,norm_matched,6,final,309,0.0,0.0,0.03904100880026817,0.03465048223733902,0.034519877284765244,0.0,0.0,1.0,0.0,1.0,0.00452113151550293,0.0043905265629291534
test:1673,Qwen3-8B,48,benign,norm_matched,6,final,28,0.0,0.0,0.03190016746520996,0.038494523614645004,0.03712281212210655,0.0,0.0,1.0,0.0,0.0,-0.005222644656896591,-0.006594356149435043
test:2280,Qwen3-8B,48,benign,norm_matched,6,final,118,0.0,0.0,0.031067315489053726,0.037636566907167435,0.03847773000597954,0.0,0.0,0.0,0.0,0.0,-0.007410414516925812,-0.0065692514181137085
test:2251,Qwen3-8B,48,benign,norm_matched,6,final,319,0.0,0.0,0.010779972188174725,0.028710100799798965,0.02169742062687874,0.0,0.0,1.0,0.0,0.0,-0.010917448438704014,-0.01793012861162424
test:512,Qwen3-8B,48,benign,norm_matched,6,final,299,0.0,0.0,0.02491307631134987,0.03575548529624939,0.029462872073054314,0.0,0.0,1.0,0.0,0.0,-0.004549795761704445,-0.010842408984899521
test:220,Qwen3-8B,48,benign,norm_matched,6,final,397,0.0,0.0,0.023768359795212746,0.02969576045870781,0.026866592466831207,0.0,0.0,1.0,0.0,0.0,-0.0030982326716184616,-0.005927400663495064
test:997,Qwen3-8B,48,benign,norm_matched,6,final,57,0.0,0.0,0.05852039158344269,0.039102423936128616,0.0182343702763319,0.0,0.0,1.0,0.0,1.0,0.040286021307110786,0.01941796764731407
test:1553,Qwen3-8B,48,benign,norm_matched,6,final,91,0.0,0.0,0.05262609198689461,0.05189308524131775,0.036575548350811005,0.0,0.0,1.0,0.0,1.0,0.016050543636083603,0.0007330067455768585
test:731,Qwen3-8B,48,benign,norm_matched,6,final,24,0.0,0.0,0.019340965896844864,0.03701469302177429,0.0273133534938097,0.0,0.0,1.0,0.0,0.0,-0.007972387596964836,-0.017673727124929428
test:1433,Qwen3-8B,48,benign,norm_matched,6,final,28,0.0,0.0,0.04436943307518959,0.02725430577993393,0.016944510862231255,0.0,0.0,1.0,0.0,1.0,0.027424922212958336,0.01711512729525566
test:65,Qwen3-8B,48,benign,norm_matched,6,final,46,0.0,0.0,0.0461653396487236,0.0473291277885437,0.04762052372097969,0.0,0.0,0.0,0.0,0.0,-0.0014551840722560883,-0.0011637881398200989
test:1575,Qwen3-8B,48,benign,norm_matched,6,final,95,0.0,0.0,0.021626172587275505,0.033936403691768646,0.026178302243351936,0.0,0.0,1.0,0.0,0.0,-0.004552129656076431,-0.012310231104493141
test:1784,Qwen3-8B,48,benign,norm_matched,6,final,118,0.0,0.0,0.010870379395782948,0.019300537183880806,0.02228810079395771,0.0,0.0,0.0,0.0,0.0,-0.011417721398174763,-0.008430157788097858
test:1566,Qwen3-8B,48,benign,norm_matched,6,final,72,0.0,0.0,0.04183720052242279,0.0446927584707737,0.04029301181435585,0.0,0.0,1.0,0.0,1.0,0.0015441887080669403,-0.0028555579483509064
test:1807,Qwen3-8B,48,benign,norm_matched,6,final,62,0.0,0.0,0.030944878235459328,0.02630077861249447,0.030121836811304092,0.0,0.0,0.0,0.0,1.0,0.0008230414241552353,0.004644099622964859
test:1408,Qwen3-8B,48,benign,norm_matched,6,final,42,0.0,0.0,0.05455192178487778,0.05739288404583931,0.04834455996751785,0.0,0.0,1.0,0.0,1.0,0.006207361817359924,-0.0028409622609615326
test:621,Qwen3-8B,48,benign,norm_matched,6,final,105,0.0,0.0,0.027818752452731133,0.030074885115027428,0.02655061148107052,0.0,0.0,1.0,0.0,1.0,0.001268140971660614,-0.002256132662296295
test:531,Qwen3-8B,48,benign,norm_matched,6,final,52,0.0,0.0,0.08583246916532516,0.02410861849784851,0.03329966217279434,0.0,0.0,0.0,0.0,1.0,0.05253280699253082,0.061723850667476654
test:394,Qwen3-8B,48,benign,norm_matched,6,final,48,0.0,0.0,0.055285606533288956,0.026846107095479965,0.0019416104769334197,0.0,0.0,1.0,0.0,1.0,0.053343996056355536,0.02843949943780899
test:641,Qwen3-8B,48,benign,norm_matched,6,final,401,0.0,0.0,0.03587634488940239,0.10115951299667358,0.07151065021753311,0.0,0.0,1.0,0.0,0.0,-0.03563430532813072,-0.0652831681072712
test:2003,Qwen3-8B,48,benign,norm_matched,6,final,3,0.0,0.0,0.028785455971956253,0.023637790232896805,0.03277665376663208,0.0,0.0,0.0,0.0,0.0,-0.003991197794675827,0.005147665739059448
test:243,Qwen3-8B,48,benign,norm_matched,6,final,29,0.0,0.0,0.03275993466377258,0.023873627185821533,0.033241309225559235,0.0,0.0,0.0,0.0,0.0,-0.0004813745617866516,0.00888630747795105
test:85,Qwen3-8B,48,benign,norm_matched,6,final,148,0.0,0.0,0.050759561359882355,0.028989914804697037,0.04309558868408203,0.0,0.0,0.0,0.0,1.0,0.0076639726758003235,0.021769646555185318
test:847,Qwen3-8B,48,benign,norm_matched,6,final,57,0.0,0.0,0.06368478387594223,0.060160938650369644,0.012036568485200405,0.0,0.0,1.0,0.0,1.0,0.051648215390741825,0.003523845225572586
test:4,Qwen3-8B,48,benign,norm_matched,6,final,355,0.0,0.0,0.06267525255680084,0.06005191057920456,0.06422516703605652,0.0,0.0,0.0,0.0,0.0,-0.0015499144792556763,0.002623341977596283
test:468,Qwen3-8B,48,benign,norm_matched,6,final,315,0.0,0.0,0.015339609235525131,0.03339305520057678,0.021116528660058975,0.0,0.0,1.0,0.0,0.0,-0.005776919424533844,-0.01805344596505165
test:1928,Qwen3-8B,48,benign,norm_matched,6,final,314,0.0,0.0,0.07067812234163284,0.06216741353273392,0.0333951972424984,0.0,0.0,1.0,0.0,1.0,0.037282925099134445,0.008510708808898926
test:822,Qwen3-8B,48,benign,norm_matched,6,final,32,0.0,0.0,0.052103616297245026,0.025489656254649162,0.05338691920042038,0.0,0.0,0.0,0.0,0.0,-0.001283302903175354,0.026613960042595863
test:1805,Qwen3-8B,48,benign,norm_matched,6,final,5,0.0,0.0,0.033171772956848145,0.04515606537461281,0.022649627178907394,0.0,0.0,1.0,0.0,1.0,0.01052214577794075,-0.011984292417764664
test:879,Qwen3-8B,48,benign,norm_matched,6,final,250,0.0,0.0,0.03170087933540344,0.020371560007333755,0.02756805159151554,0.0,0.0,0.0,0.0,1.0,0.004132827743887901,0.011329319328069687
test:1902,Qwen3-8B,48,benign,norm_matched,6,final,338,0.0,0.0,0.02802361361682415,0.031550854444503784,0.03514090180397034,0.0,0.0,0.0,0.0,0.0,-0.007117288187146187,-0.003527240827679634
test:1933,Qwen3-8B,48,benign,norm_matched,6,final,336,0.0,0.0,0.00875082053244114,0.02644936367869377,0.011243571527302265,0.0,0.0,1.0,0.0,0.0,-0.002492750994861126,-0.017698543146252632
test:577,Qwen3-8B,48,benign,norm_matched,6,final,337,0.0,0.0,0.023773886263370514,0.0268204677850008,0.030932102352380753,0.0,0.0,0.0,0.0,0.0,-0.007158216089010239,-0.003046581521630287
test:1749,Qwen3-8B,48,benign,norm_matched,6,final,85,0.0,0.0,0.020140154287219048,0.028216378763318062,0.02505638264119625,0.0,0.0,1.0,0.0,0.0,-0.004916228353977203,-0.008076224476099014
test:15,Qwen3-8B,48,benign,norm_matched,6,final,377,0.0,0.0,0.08718729764223099,0.03373623266816139,0.06360441446304321,0.0,0.0,0.0,0.0,1.0,0.023582883179187775,0.053451064974069595
test:1753,Qwen3-8B,48,benign,norm_matched,6,final,477,0.0,0.0,0.031355179846286774,0.030989373102784157,0.03487527742981911,0.0,0.0,0.0,0.0,0.0,-0.0035200975835323334,0.0003658067435026169
test:665,Qwen3-8B,48,benign,norm_matched,6,final,424,0.0,0.0,0.02614564076066017,0.027163514867424965,0.025861887261271477,0.0,0.0,1.0,0.0,1.0,0.00028375349938869476,-0.0010178741067647934
test:569,Qwen3-8B,48,benign,norm_matched,6,final,213,0.0,0.0,0.03503619506955147,0.025261791422963142,0.019667865708470345,0.0,0.0,1.0,0.0,1.0,0.015368329361081123,0.009774403646588326
test:1203,Qwen3-8B,48,benign,norm_matched,6,final,164,0.0,0.0,0.03174125775694847,0.03814532235264778,0.024990171194076538,0.0,0.0,1.0,0.0,1.0,0.006751086562871933,-0.00640406459569931
test:2105,Qwen3-8B,48,benign,norm_matched,6,final,38,0.0,0.0,0.12163063883781433,0.09977655112743378,0.1140793189406395,0.0,0.0,0.0,0.0,1.0,0.007551319897174835,0.021854087710380554
test:426,Qwen3-8B,48,benign,norm_matched,6,final,309,0.0,0.0,0.02512265369296074,0.02580895461142063,0.022119326516985893,0.0,0.0,1.0,0.0,1.0,0.003003327175974846,-0.0006863009184598923
test:123,Qwen3-8B,48,benign,norm_matched,6,final,384,0.0,0.0,0.018298102542757988,0.02230161800980568,0.027108781039714813,0.0,0.0,0.0,0.0,0.0,-0.008810678496956825,-0.004003515467047691
test:1405,Qwen3-8B,48,benign,norm_matched,6,final,470,0.0,0.0,0.01823168434202671,0.03310133144259453,0.023163385689258575,0.0,0.0,1.0,0.0,0.0,-0.004931701347231865,-0.014869647100567818
test:796,Qwen3-8B,48,benign,norm_matched,6,final,10,0.0,0.0,0.04746334254741669,0.03309673070907593,0.052438121289014816,0.0,0.0,0.0,0.0,0.0,-0.004974778741598129,0.01436661183834076
test:2166,Qwen3-8B,48,benign,norm_matched,6,final,408,0.0,0.0,0.01922750659286976,0.0534508116543293,0.026006989181041718,0.0,0.0,1.0,0.0,0.0,-0.006779482588171959,-0.03422330506145954
test:1179,Qwen3-8B,48,benign,norm_matched,6,final,94,0.0,0.0,0.04149823635816574,0.028947843238711357,0.029099933803081512,0.0,0.0,0.0,0.0,1.0,0.012398302555084229,0.012550393119454384
test:375,Qwen3-8B,48,benign,norm_matched,6,final,421,0.0,0.0,0.01564669795334339,0.028721841052174568,0.015380015596747398,0.0,0.0,1.0,0.0,1.0,0.00026668235659599304,-0.013075143098831177
test:1143,Qwen3-8B,48,benign,norm_matched,6,final,87,0.0,0.0,0.06818585842847824,0.04428232088685036,0.04516950622200966,0.0,0.0,0.0,0.0,1.0,0.023016352206468582,0.023903537541627884
test:1882,Qwen3-8B,48,benign,norm_matched,6,final,80,0.0,0.0,0.06237087398767471,0.03148554265499115,0.046210676431655884,0.0,0.0,0.0,0.0,1.0,0.01616019755601883,0.030885331332683563
test:404,Qwen3-8B,48,benign,norm_matched,6,final,95,0.0,0.0,0.02452196553349495,0.02251308038830757,0.01676805689930916,0.0,0.0,1.0,0.0,1.0,0.007753908634185791,0.002008885145187378
test:2056,Qwen3-8B,48,benign,norm_matched,6,final,487,0.0,0.0,0.02738170325756073,0.04749255254864693,0.040522560477256775,0.0,0.0,1.0,0.0,0.0,-0.013140857219696045,-0.020110849291086197
test:1331,Qwen3-8B,48,benign,norm_matched,6,final,10,0.0,0.0,0.058475375175476074,0.04757033288478851,0.03740161657333374,0.0,0.0,1.0,0.0,1.0,0.021073758602142334,0.010905042290687561
test:2255,Qwen3-8B,48,benign,norm_matched,6,final,38,0.0,0.0,0.07619589567184448,0.05686546117067337,0.01667095348238945,0.0,0.0,1.0,0.0,1.0,0.05952494218945503,0.019330434501171112
test:1122,Qwen3-8B,48,benign,norm_matched,6,final,27,0.0,0.0,0.02066200226545334,0.03966135531663895,0.0426052063703537,0.0,0.0,0.0,0.0,0.0,-0.02194320410490036,-0.018999353051185608
test:1063,Qwen3-8B,48,benign,norm_matched,6,final,23,0.0,0.0,0.07220309972763062,-0.0016113753663375974,0.04708203673362732,0.0,0.0,0.0,0.0,1.0,0.025121062994003296,0.07381447509396821
test:1994,Qwen3-8B,48,benign,norm_matched,6,final,142,0.0,0.0,0.023568157106637955,0.04459434747695923,0.04025927931070328,0.0,0.0,1.0,0.0,0.0,-0.016691122204065323,-0.021026190370321274
test:2291,Qwen3-8B,48,benign,norm_matched,6,final,24,0.0,0.0,0.019450120627880096,0.034346360713243484,0.020998036488890648,0.0,0.0,1.0,0.0,0.0,-0.0015479158610105515,-0.014896240085363388
test:287,Qwen3-8B,48,benign,norm_matched,6,final,548,0.0,0.0,0.025464212521910667,0.03991534188389778,0.020921975374221802,0.0,0.0,1.0,0.0,1.0,0.004542237147688866,-0.014451129361987114
test:1257,Qwen3-8B,48,benign,norm_matched,6,final,153,0.0,0.0,0.050108395516872406,0.01725025475025177,0.01969827339053154,0.0,0.0,0.0,0.0,1.0,0.030410122126340866,0.032858140766620636
test:564,Qwen3-8B,48,benign,norm_matched,6,final,246,0.0,0.0,0.025682741776108742,0.023504801094532013,0.02388399839401245,0.0,0.0,0.0,0.0,1.0,0.0017987433820962906,0.002177940681576729
test:1836,Qwen3-8B,48,benign,norm_matched,6,final,125,0.0,0.0,0.046354956924915314,0.04550032690167427,0.05053986236453056,0.0,0.0,0.0,0.0,0.0,-0.00418490543961525,0.0008546300232410431
test:1915,Qwen3-8B,48,benign,norm_matched,6,final,576,0.0,0.0,0.04437880963087082,0.07186120748519897,0.003955898340791464,0.0,0.0,1.0,0.0,1.0,0.040422911290079355,-0.027482397854328156
test:444,Qwen3-8B,48,benign,norm_matched,6,final,476,0.0,0.0,0.023091549053788185,0.03306221589446068,0.028683586046099663,0.0,0.0,1.0,0.0,0.0,-0.005592036992311478,-0.009970666840672493
test:2176,Qwen3-8B,48,benign,norm_matched,6,final,84,0.0,0.0,0.021619679406285286,0.01974206231534481,0.0195716954767704,0.0,0.0,1.0,0.0,1.0,0.002047983929514885,0.0018776170909404755
test:2145,Qwen3-8B,48,benign,norm_matched,6,final,38,0.0,0.0,0.05044727399945259,0.04416481405496597,0.011256142519414425,0.0,0.0,1.0,0.0,1.0,0.039191131480038166,0.006282459944486618
test:1174,Qwen3-8B,48,benign,norm_matched,6,final,357,0.0,0.0,0.024939365684986115,0.025878768414258957,0.026852566748857498,0.0,0.0,0.0,0.0,0.0,-0.0019132010638713837,-0.0009394027292728424
test:1230,Qwen3-8B,48,benign,norm_matched,6,final,220,0.0,0.0,0.03274369239807129,0.03193465247750282,0.02369409054517746,0.0,0.0,1.0,0.0,1.0,0.00904960185289383,0.0008090399205684662
test:1244,Qwen3-8B,48,benign,norm_matched,6,final,460,0.0,0.0,0.023461246863007545,0.03441997617483139,0.013231064192950726,0.0,0.0,1.0,0.0,1.0,0.01023018267005682,-0.010958729311823845
test:606,Qwen3-8B,48,benign,norm_matched,6,final,135,0.0,0.0,0.029616517946124077,0.01397697813808918,0.026154667139053345,0.0,0.0,0.0,0.0,1.0,0.003461850807070732,0.015639539808034897
test:304,Qwen3-8B,48,benign,norm_matched,6,final,113,0.0,0.0,0.021270228549838066,0.02007032372057438,0.024206064641475677,0.0,0.0,0.0,0.0,0.0,-0.0029358360916376114,0.0011999048292636871
test:1390,Qwen3-8B,48,benign,norm_matched,6,final,543,0.0,0.0,0.03250142186880112,0.030279211699962616,0.028438780456781387,0.0,0.0,1.0,0.0,1.0,0.00406264141201973,0.002222210168838501
test:1729,Qwen3-8B,48,benign,norm_matched,6,final,110,0.0,0.0,0.039246413856744766,0.040913715958595276,0.029674947261810303,0.0,0.0,1.0,0.0,1.0,0.009571466594934464,-0.0016673021018505096
test:1454,Qwen3-8B,48,benign,norm_matched,6,final,80,0.0,0.0,0.06775666773319244,0.05050847679376602,0.06514164805412292,0.0,0.0,0.0,0.0,1.0,0.002615019679069519,0.017248190939426422
test:858,Qwen3-8B,48,benign,norm_matched,6,final,38,0.0,0.0,0.06379678100347519,0.043654173612594604,0.0043746610172092915,0.0,0.0,1.0,0.0,1.0,0.0594221199862659,0.020142607390880585
test:771,Qwen3-8B,48,benign,norm_matched,6,final,316,0.0,0.0,0.04452858492732048,0.04232069477438927,0.041723981499671936,0.0,0.0,1.0,0.0,1.0,0.0028046034276485443,0.0022078901529312134
test:660,Qwen3-8B,48,benign,norm_matched,6,final,447,0.0,0.0,0.027191339060664177,0.019490843638777733,0.022974591702222824,0.0,0.0,0.0,0.0,1.0,0.004216747358441353,0.007700495421886444
test:888,Qwen3-8B,48,benign,norm_matched,6,final,255,0.0,0.0,0.02792000025510788,0.026331555098295212,0.023746054619550705,0.0,0.0,1.0,0.0,1.0,0.004173945635557175,0.0015884451568126678
test:413,Qwen3-8B,48,benign,norm_matched,6,final,240,0.0,0.0,0.03453878313302994,0.012767428532242775,0.03363896533846855,0.0,0.0,0.0,0.0,1.0,0.0008998177945613861,0.021771354600787163
test:130,Qwen3-8B,48,benign,norm_matched,6,final,99,0.0,0.0,0.03141845762729645,0.06005735695362091,0.05849051475524902,0.0,0.0,1.0,0.0,0.0,-0.027072057127952576,-0.028638899326324463
test:1147,Qwen3-8B,48,benign,norm_matched,6,final,617,0.0,0.0,0.05974966287612915,0.03004199080169201,0.032993052154779434,0.0,0.0,0.0,0.0,1.0,0.026756610721349716,0.02970767207443714
test:42,Qwen3-8B,48,benign,norm_matched,6,final,678,0.0,0.0,0.01959161087870598,0.01894097402691841,0.033976659178733826,0.0,0.0,0.0,0.0,0.0,-0.014385048300027847,0.0006506368517875671
test:1114,Qwen3-8B,48,benign,norm_matched,6,final,721,0.0,0.0,0.061098627746105194,0.06101126968860626,0.07082756608724594,0.0,0.0,0.0,0.0,0.0,-0.009728938341140747,8.735805749893188e-05
test:1302,Qwen3-8B,48,benign,norm_matched,6,final,825,0.0,0.0,0.01971547305583954,0.030513236299157143,0.02575266733765602,0.0,0.0,1.0,0.0,0.0,-0.0060371942818164825,-0.010797763243317604
test:662,Qwen3-8B,48,benign,norm_matched,6,final,64,0.0,0.0,0.03947949409484863,0.03395037725567818,0.03360557556152344,0.0,0.0,1.0,0.0,1.0,0.005873918533325195,0.005529116839170456
test:705,Qwen3-8B,48,benign,norm_matched,6,final,10,0.0,0.0,0.057412419468164444,0.0218490082770586,0.02958369441330433,0.0,0.0,0.0,0.0,1.0,0.027828725054860115,0.03556341119110584
test:1413,Qwen3-8B,48,benign,norm_matched,6,final,275,0.0,0.0,0.03805628418922424,0.033864352852106094,0.028227176517248154,0.0,0.0,1.0,0.0,1.0,0.00982910767197609,0.004191931337118149
test:940,Qwen3-8B,48,benign,norm_matched,6,final,31,0.0,0.0,0.04569379985332489,0.046407997608184814,0.03615972399711609,0.0,0.0,1.0,0.0,1.0,0.009534075856208801,-0.0007141977548599243
test:2162,Qwen3-8B,48,benign,norm_matched,6,final,287,0.0,0.0,0.008783492259681225,0.012723518535494804,0.0001363348710583523,0.0,0.0,1.0,0.0,1.0,0.008647157388622873,-0.0039400262758135796
test:51,Qwen3-8B,48,benign,norm_matched,6,final,239,0.0,0.0,0.06572089344263077,0.06707655638456345,0.08768194168806076,0.0,0.0,0.0,0.0,0.0,-0.021961048245429993,-0.0013556629419326782
test:914,Qwen3-8B,48,benign,norm_matched,6,final,81,0.0,0.0,0.052898723632097244,0.059278231114149094,-0.009016105905175209,0.0,0.0,1.0,0.0,1.0,0.06191482953727245,-0.006379507482051849
test:1558,Qwen3-8B,48,benign,norm_matched,6,final,391,0.0,0.0,0.07606199383735657,0.059598345309495926,0.06346407532691956,0.0,0.0,0.0,0.0,1.0,0.012597918510437012,0.01646364852786064
test:351,Qwen3-8B,48,benign,norm_matched,6,final,1034,0.0,0.0,0.0235461313277483,0.020710501819849014,0.01681005023419857,0.0,0.0,1.0,0.0,1.0,0.006736081093549728,0.0028356295078992844
test:1503,Qwen3-8B,48,benign,norm_matched,6,final,105,0.0,0.0,0.04016986861824989,0.04475301131606102,0.032672520726919174,0.0,0.0,1.0,0.0,1.0,0.007497347891330719,-0.004583142697811127
test:1138,Qwen3-8B,48,benign,norm_matched,6,final,1115,0.0,0.0,0.002242740709334612,0.020270148292183876,0.011339778080582619,0.0,0.0,1.0,0.0,0.0,-0.009097037371248007,-0.018027407582849264
test:1205,Qwen3-8B,48,benign,norm_matched,6,final,38,0.0,0.0,0.05774699151515961,0.04802662879228592,-0.006557154934853315,0.0,0.0,1.0,0.0,1.0,0.06430414645001292,0.009720362722873688
test:279,Qwen3-8B,48,benign,norm_matched,6,final,161,0.0,0.0,0.02601773478090763,0.029480241239070892,0.020731862634420395,0.0,0.0,1.0,0.0,1.0,0.005285872146487236,-0.0034625064581632614
test:1783,Qwen3-8B,48,benign,norm_matched,6,final,1047,0.0,0.0,0.013312865979969501,0.03455617278814316,0.007660418748855591,0.0,0.0,1.0,0.0,1.0,0.005652447231113911,-0.021243306808173656
test:684,Qwen3-8B,48,benign,norm_matched,6,final,42,0.0,0.0,0.06067540496587753,0.02408626303076744,0.04044317454099655,0.0,0.0,0.0,0.0,1.0,0.02023223042488098,0.03658914193511009
test:158,Qwen3-8B,48,benign,norm_matched,6,final,1086,0.0,0.0,0.04767969995737076,0.04516735300421715,0.04767586290836334,0.0,0.0,0.0,0.0,1.0,3.8370490074157715e-06,0.0025123469531536102
test:295,Qwen3-8B,48,benign,norm_matched,6,final,36,0.0,0.0,0.050607334822416306,0.0335477776825428,0.01442804466933012,0.0,0.0,1.0,0.0,1.0,0.036179290153086185,0.017059557139873505
test:1988,Qwen3-8B,48,benign,norm_matched,6,final,1769,0.0,0.0,0.014341123402118683,0.027458572760224342,0.02487342618405819,0.0,0.0,1.0,0.0,0.0,-0.010532302781939507,-0.01311744935810566
test:1735,Qwen3-8B,48,benign,norm_matched,6,final,2196,0.0,0.0,0.013965431600809097,0.022884024307131767,0.015983950346708298,0.0,0.0,1.0,0.0,0.0,-0.0020185187458992004,-0.00891859270632267
test:179,Qwen3-8B,48,benign,norm_matched,6,final,42,0.0,0.0,0.07611995190382004,0.0593220479786396,0.0046952576376497746,0.0,0.0,1.0,0.0,1.0,0.07142469426617026,0.016797903925180435
test:1458,Qwen3-8B,48,benign,norm_matched,6,final,28,0.0,0.0,0.03826983645558357,0.03792406618595123,-0.013834042474627495,0.0,0.0,1.0,0.0,1.0,0.05210387893021107,0.0003457702696323395
test:2202,Qwen3-8B,48,conflict,norm_matched,6,final,5,0.0,0.0,0.018550893291831017,0.018550893291831017,0.023374482989311218,0.0,0.0,0.0,0.0,0.0,-0.004823589697480202,0.0
test:1068,Qwen3-8B,48,conflict,norm_matched,6,final,15,0.0,0.0,0.04248104989528656,0.04208176210522652,0.04248104989528656,0.0,0.0,0.0,0.0,0.0,0.0,0.00039928779006004333
test:913,Qwen3-8B,48,conflict,norm_matched,6,final,28,0.0,0.0,0.014723566360771656,0.016749488189816475,0.016704345121979713,0.0,0.0,1.0,0.0,0.0,-0.0019807787612080574,-0.002025921829044819
test:1076,Qwen3-8B,48,conflict,norm_matched,6,final,30,0.0,0.0,0.011803104542195797,0.03724002093076706,0.025824004784226418,0.0,0.0,1.0,0.0,0.0,-0.01402090024203062,-0.025436916388571262
test:563,Qwen3-8B,48,conflict,norm_matched,6,final,27,0.0,0.0,0.010270765982568264,0.016066424548625946,0.02636353112757206,0.0,0.0,0.0,0.0,0.0,-0.016092765145003796,-0.005795658566057682
test:463,Qwen3-8B,48,conflict,norm_matched,6,final,27,0.0,0.0,0.02278357930481434,0.02182602882385254,0.01948607712984085,0.0,0.0,1.0,0.0,1.0,0.003297502174973488,0.0009575504809617996
test:1684,Qwen3-8B,48,conflict,norm_matched,6,final,29,0.0,0.0,0.04188639298081398,0.036126960068941116,0.03402604162693024,0.0,0.0,1.0,0.0,1.0,0.007860351353883743,0.005759432911872864
test:2243,Qwen3-8B,48,conflict,norm_matched,6,final,22,0.0,0.0,0.03176037594676018,0.04976780340075493,0.0423014871776104,0.0,0.0,1.0,0.0,0.0,-0.01054111123085022,-0.01800742745399475
test:1507,Qwen3-8B,48,conflict,norm_matched,6,final,18,0.0,0.0,0.04968269541859627,0.06190505251288414,0.046463336795568466,0.0,0.0,1.0,0.0,1.0,0.0032193586230278015,-0.012222357094287872
test:797,Qwen3-8B,48,conflict,norm_matched,6,final,20,0.0,0.0,0.04518056660890579,0.029906777665019035,0.028807969763875008,0.0,0.0,1.0,0.0,1.0,0.016372596845030785,0.015273788943886757
test:991,Qwen3-8B,48,conflict,norm_matched,6,final,22,0.0,0.0,0.019857678562402725,0.030911728739738464,0.03192680701613426,0.0,0.0,0.0,0.0,0.0,-0.012069128453731537,-0.01105405017733574
test:109,Qwen3-8B,48,conflict,norm_matched,6,final,21,0.0,0.0,0.025481784716248512,0.029563112184405327,0.01732722669839859,0.0,0.0,1.0,0.0,1.0,0.008154558017849922,-0.004081327468156815
test:1456,Qwen3-8B,48,conflict,norm_matched,6,final,15,0.0,0.0,0.0406775176525116,0.0406775176525116,0.03568048030138016,0.0,0.0,1.0,0.0,1.0,0.004997037351131439,0.0
test:1171,Qwen3-8B,48,conflict,norm_matched,6,final,29,0.0,0.0,0.03942711651325226,0.02699217014014721,0.032836396247148514,0.0,0.0,0.0,0.0,1.0,0.0065907202661037445,0.01243494637310505
test:1045,Qwen3-8B,48,conflict,norm_matched,6,final,38,0.0,0.0,0.02127118594944477,0.04116295650601387,0.01616520620882511,0.0,0.0,1.0,0.0,1.0,0.005105979740619659,-0.0198917705565691
test:897,Qwen3-8B,48,conflict,norm_matched,6,final,30,0.0,0.0,0.014702034182846546,0.03125502169132233,0.03049316257238388,0.0,0.0,1.0,0.0,0.0,-0.015791128389537334,-0.01655298750847578
test:427,Qwen3-8B,48,conflict,norm_matched,6,final,29,0.0,0.0,0.03324897214770317,0.030951503664255142,0.03279354050755501,0.0,0.0,0.0,0.0,1.0,0.00045543164014816284,0.0022974684834480286
test:536,Qwen3-8B,48,conflict,norm_matched,6,final,43,0.0,0.0,0.011146888136863708,0.04030132666230202,0.024125711992383003,0.0,0.0,1.0,0.0,0.0,-0.012978823855519295,-0.02915443852543831
test:1556,Qwen3-8B,48,conflict,norm_matched,6,final,45,0.0,0.0,0.025685343891382217,0.021890928968787193,0.031628306955099106,0.0,0.0,0.0,0.0,0.0,-0.005942963063716888,0.003794414922595024
test:1638,Qwen3-8B,48,conflict,norm_matched,6,final,40,0.0,0.0,0.022977491840720177,0.028568774461746216,0.025720244273543358,0.0,0.0,1.0,0.0,0.0,-0.002742752432823181,-0.005591282621026039
test:481,Qwen3-8B,48,conflict,norm_matched,6,final,47,0.0,0.0,0.013726034201681614,0.030039548873901367,0.036054398864507675,0.0,0.0,0.0,0.0,0.0,-0.02232836466282606,-0.016313514672219753
test:640,Qwen3-8B,48,conflict,norm_matched,6,final,45,0.0,0.0,0.016521943733096123,0.03218264877796173,0.02387271448969841,0.0,0.0,1.0,0.0,0.0,-0.007350770756602287,-0.015660705044865608
test:903,Qwen3-8B,48,conflict,norm_matched,6,final,22,0.0,0.0,0.02790626510977745,0.026822740212082863,0.03154570981860161,0.0,0.0,0.0,0.0,0.0,-0.0036394447088241577,0.0010835248976945877
test:466,Qwen3-8B,48,conflict,norm_matched,6,final,34,0.0,0.0,0.03193555772304535,0.03662761300802231,0.03060600347816944,0.0,0.0,1.0,0.0,1.0,0.001329554244875908,-0.004692055284976959
test:787,Qwen3-8B,48,conflict,norm_matched,6,final,19,0.0,0.0,0.0085054412484169,0.03477362170815468,0.022873124107718468,0.0,0.0,1.0,0.0,0.0,-0.014367682859301567,-0.026268180459737778
test:63,Qwen3-8B,48,conflict,norm_matched,6,final,52,0.0,0.0,0.01608506590127945,0.047407366335392,0.02268475852906704,0.0,0.0,1.0,0.0,0.0,-0.00659969262778759,-0.03132230043411255
test:1639,Qwen3-8B,48,conflict,norm_matched,6,final,45,0.0,0.0,0.0046173888258636,0.012345847673714161,0.01274794526398182,0.0,0.0,0.0,0.0,0.0,-0.00813055643811822,-0.007728458847850561
test:2265,Qwen3-8B,48,conflict,norm_matched,6,final,34,0.0,0.0,0.016599221155047417,0.018142802640795708,0.02050267904996872,0.0,0.0,0.0,0.0,0.0,-0.003903457894921303,-0.001543581485748291
test:1745,Qwen3-8B,48,conflict,norm_matched,6,final,48,0.0,0.0,0.04030121490359306,0.036397114396095276,0.036690980195999146,0.0,0.0,0.0,0.0,1.0,0.003610234707593918,0.0039041005074977875
test:9,Qwen3-8B,48,conflict,norm_matched,6,final,40,0.0,0.0,0.019662776961922646,0.08137275278568268,0.06592001020908356,0.0,0.0,1.0,0.0,0.0,-0.04625723324716091,-0.06170997582376003
test:1279,Qwen3-8B,48,conflict,norm_matched,6,final,33,0.0,0.0,0.0343792550265789,0.03613991662859917,0.03790043666958809,0.0,0.0,0.0,0.0,0.0,-0.003521181643009186,-0.0017606616020202637
test:576,Qwen3-8B,48,conflict,norm_matched,6,final,55,0.0,0.0,0.026976434513926506,0.057423077523708344,0.04822539538145065,0.0,0.0,1.0,0.0,0.0,-0.021248960867524147,-0.030446643009781837
test:2207,Qwen3-8B,48,conflict,norm_matched,6,final,54,0.0,0.0,0.024566736072301865,0.04054011404514313,0.038929570466279984,0.0,0.0,1.0,0.0,0.0,-0.014362834393978119,-0.015973377972841263
test:2168,Qwen3-8B,48,conflict,norm_matched,6,final,11,0.0,0.0,0.0495983250439167,0.049067962914705276,0.02239176258444786,0.0,0.0,1.0,0.0,1.0,0.02720656245946884,0.0005303621292114258
test:805,Qwen3-8B,48,conflict,norm_matched,6,final,34,0.0,0.0,0.06962259858846664,0.07015776634216309,0.03743727505207062,0.0,0.0,1.0,0.0,1.0,0.03218532353639603,-0.0005351677536964417
test:1197,Qwen3-8B,48,conflict,norm_matched,6,final,52,0.0,0.0,0.017092160880565643,0.023731593042612076,0.021593812853097916,0.0,0.0,1.0,0.0,0.0,-0.004501651972532272,-0.0066394321620464325
test:364,Qwen3-8B,48,conflict,norm_matched,6,final,15,0.0,0.0,0.04962901026010513,0.031096089631319046,0.04715454950928688,0.0,0.0,0.0,0.0,1.0,0.0024744607508182526,0.018532920628786087
test:1644,Qwen3-8B,48,conflict,norm_matched,6,final,61,0.0,0.0,0.026822926476597786,0.03148322552442551,0.03970971331000328,0.0,0.0,0.0,0.0,0.0,-0.012886786833405495,-0.004660299047827721
test:91,Qwen3-8B,48,conflict,norm_matched,6,final,47,0.0,0.0,0.06515895575284958,0.04608168452978134,0.061679743230342865,0.0,0.0,0.0,0.0,1.0,0.003479212522506714,0.019077271223068237
test:328,Qwen3-8B,48,conflict,norm_matched,6,final,39,0.0,0.0,0.03425402194261551,0.03176862373948097,0.02254372276365757,0.0,0.0,1.0,0.0,1.0,0.01171029917895794,0.0024853982031345367
test:205,Qwen3-8B,48,conflict,norm_matched,6,final,42,0.0,0.0,0.05359461531043053,0.045384448021650314,0.03670845180749893,0.0,0.0,1.0,0.0,1.0,0.016886163502931595,0.008210167288780212
test:1797,Qwen3-8B,48,conflict,norm_matched,6,final,49,0.0,0.0,0.013917206786572933,0.026317769661545753,0.02208745665848255,0.0,0.0,1.0,0.0,0.0,-0.008170249871909618,-0.01240056287497282
test:1072,Qwen3-8B,48,conflict,norm_matched,6,final,46,0.0,0.0,0.027001503854990005,0.041201069951057434,0.01803530752658844,0.0,0.0,1.0,0.0,1.0,0.008966196328401566,-0.014199566096067429
test:1445,Qwen3-8B,48,conflict,norm_matched,6,final,63,0.0,0.0,0.048736054450273514,0.07220671325922012,0.06581086665391922,0.0,0.0,1.0,0.0,0.0,-0.017074812203645706,-0.02347065880894661
test:630,Qwen3-8B,48,conflict,norm_matched,6,final,66,0.0,0.0,0.025874732062220573,0.04052482172846794,0.03396992012858391,0.0,0.0,1.0,0.0,0.0,-0.008095188066363335,-0.014650089666247368
test:1252,Qwen3-8B,48,conflict,norm_matched,6,final,55,0.0,0.0,0.03138463571667671,0.024492505937814713,0.039362430572509766,0.0,0.0,0.0,0.0,0.0,-0.007977794855833054,0.0068921297788619995
test:1721,Qwen3-8B,48,conflict,norm_matched,6,final,14,0.0,0.0,0.02629530057311058,0.02210959792137146,0.020747873932123184,0.0,0.0,1.0,0.0,1.0,0.005547426640987396,0.0041857026517391205
test:236,Qwen3-8B,48,conflict,norm_matched,6,final,49,0.0,0.0,0.02314012497663498,0.05651416257023811,0.05529411882162094,0.0,0.0,1.0,0.0,0.0,-0.03215399384498596,-0.033374037593603134
test:612,Qwen3-8B,48,conflict,norm_matched,6,final,37,0.0,0.0,0.02822413109242916,0.023135440424084663,0.025180598720908165,0.0,0.0,0.0,0.0,1.0,0.003043532371520996,0.005088690668344498
test:354,Qwen3-8B,48,conflict,norm_matched,6,final,73,0.0,0.0,0.031033342704176903,0.05962434783577919,0.04777444154024124,0.0,0.0,1.0,0.0,0.0,-0.01674109883606434,-0.028591005131602287
test:2047,Qwen3-8B,48,conflict,norm_matched,6,final,59,0.0,0.0,0.024054866284132004,0.03559940308332443,0.029182162135839462,0.0,0.0,1.0,0.0,0.0,-0.0051272958517074585,-0.011544536799192429
test:1687,Qwen3-8B,48,conflict,norm_matched,6,final,75,0.0,0.0,0.019733482971787453,0.02209591306746006,0.023016884922981262,0.0,0.0,0.0,0.0,0.0,-0.0032834019511938095,-0.0023624300956726074
test:1787,Qwen3-8B,48,conflict,norm_matched,6,final,57,0.0,0.0,0.028983892872929573,0.03150687366724014,0.040028899908065796,0.0,0.0,0.0,0.0,0.0,-0.011045007035136223,-0.0025229807943105698
test:896,Qwen3-8B,48,conflict,norm_matched,6,final,42,0.0,0.0,0.06420855969190598,0.04505109041929245,0.07029420137405396,0.0,0.0,0.0,0.0,0.0,-0.00608564168214798,0.019157469272613525
test:1282,Qwen3-8B,48,conflict,norm_matched,6,final,66,0.0,0.0,0.027644535526633263,0.032222773879766464,0.027866756543517113,0.0,0.0,1.0,0.0,0.0,-0.0002222210168838501,-0.004578238353133202
test:1036,Qwen3-8B,48,conflict,norm_matched,6,final,51,0.0,0.0,0.011637263000011444,0.017479710280895233,0.015866074711084366,0.0,0.0,1.0,0.0,0.0,-0.004228811711072922,-0.005842447280883789
test:2230,Qwen3-8B,48,conflict,norm_matched,6,final,70,0.0,0.0,0.025646641850471497,0.041089288890361786,0.046100202947854996,0.0,0.0,0.0,0.0,0.0,-0.0204535610973835,-0.01544264703989029
test:376,Qwen3-8B,48,conflict,norm_matched,6,final,69,0.0,0.0,0.04010510817170143,0.05307251587510109,0.04932393878698349,0.0,0.0,1.0,0.0,0.0,-0.009218830615282059,-0.012967407703399658
test:1544,Qwen3-8B,48,conflict,norm_matched,6,final,42,0.0,0.0,0.03615007549524307,0.030310029163956642,0.027767017483711243,0.0,0.0,1.0,0.0,1.0,0.00838305801153183,0.00584004633128643
test:863,Qwen3-8B,48,conflict,norm_matched,6,final,38,0.0,0.0,0.04008137807250023,0.04058244824409485,0.039898648858070374,0.0,0.0,1.0,0.0,1.0,0.00018272921442985535,-0.0005010701715946198
test:2292,Qwen3-8B,48,conflict,norm_matched,6,final,51,0.0,0.0,0.021477118134498596,0.010466779582202435,0.01677709072828293,0.0,0.0,0.0,0.0,1.0,0.004700027406215668,0.011010338552296162
test:392,Qwen3-8B,48,conflict,norm_matched,6,final,38,0.0,0.0,0.035385195165872574,0.02213100716471672,0.028466351330280304,0.0,0.0,0.0,0.0,1.0,0.00691884383559227,0.013254188001155853
test:1675,Qwen3-8B,48,conflict,norm_matched,6,final,55,0.0,0.0,0.026079198345541954,0.023272579535841942,0.021734239533543587,0.0,0.0,1.0,0.0,1.0,0.004344958811998367,0.002806618809700012
test:1718,Qwen3-8B,48,conflict,norm_matched,6,final,83,0.0,0.0,0.03246939554810524,0.042125359177589417,0.04166904091835022,0.0,0.0,1.0,0.0,0.0,-0.00919964537024498,-0.009655963629484177
test:1150,Qwen3-8B,48,conflict,norm_matched,6,final,56,0.0,0.0,0.00650552986189723,0.014053578488528728,0.010610914789140224,0.0,0.0,1.0,0.0,0.0,-0.004105384927242994,-0.007548048626631498
test:1659,Qwen3-8B,48,conflict,norm_matched,6,final,79,0.0,0.0,0.012731349095702171,0.01894564926624298,0.018922319635748863,0.0,0.0,1.0,0.0,0.0,-0.006190970540046692,-0.00621430017054081
test:1213,Qwen3-8B,48,conflict,norm_matched,6,final,12,0.0,0.0,0.025727197527885437,0.04359908401966095,0.02489594556391239,0.0,0.0,1.0,0.0,1.0,0.0008312519639730453,-0.017871886491775513
test:1037,Qwen3-8B,48,conflict,norm_matched,6,final,53,0.0,0.0,0.0038846430834382772,0.02336476929485798,0.013749729841947556,0.0,0.0,1.0,0.0,0.0,-0.009865086758509278,-0.0194801262114197
test:1201,Qwen3-8B,48,conflict,norm_matched,6,final,82,0.0,0.0,0.033259328454732895,0.04780704155564308,0.03591059148311615,0.0,0.0,1.0,0.0,0.0,-0.002651263028383255,-0.014547713100910187
test:1093,Qwen3-8B,48,conflict,norm_matched,6,final,15,0.0,0.0,0.03657511621713638,0.04129748046398163,0.030604345723986626,0.0,0.0,1.0,0.0,1.0,0.005970770493149757,-0.004722364246845245
test:37,Qwen3-8B,48,conflict,norm_matched,6,final,35,0.0,0.0,0.04819834604859352,0.07070042192935944,0.040690869092941284,0.0,0.0,1.0,0.0,1.0,0.007507476955652237,-0.022502075880765915
test:785,Qwen3-8B,48,conflict,norm_matched,6,final,62,0.0,0.0,0.022031281143426895,0.042697418481111526,0.04079759865999222,0.0,0.0,1.0,0.0,0.0,-0.018766317516565323,-0.02066613733768463
test:1842,Qwen3-8B,48,conflict,norm_matched,6,final,32,0.0,0.0,0.03255337104201317,0.04115334525704384,0.03280927240848541,0.0,0.0,1.0,0.0,0.0,-0.00025590136647224426,-0.00859997421503067
test:1860,Qwen3-8B,48,conflict,norm_matched,6,final,57,0.0,0.0,0.023917414247989655,0.019270537421107292,0.009800916537642479,0.0,0.0,1.0,0.0,1.0,0.014116497710347176,0.004646876826882362
test:963,Qwen3-8B,48,conflict,norm_matched,6,final,67,0.0,0.0,0.041757285594940186,0.06303268671035767,0.025236312299966812,0.0,0.0,1.0,0.0,1.0,0.016520973294973373,-0.02127540111541748
test:827,Qwen3-8B,48,conflict,norm_matched,6,final,77,0.0,0.0,0.022550972178578377,0.028239857405424118,0.02743643708527088,0.0,0.0,1.0,0.0,0.0,-0.004885464906692505,-0.005688885226845741
test:17,Qwen3-8B,48,conflict,norm_matched,6,final,94,0.0,0.0,0.02492142841219902,0.031544994562864304,0.047630295157432556,0.0,0.0,0.0,0.0,0.0,-0.022708866745233536,-0.006623566150665283
test:1937,Qwen3-8B,48,conflict,norm_matched,6,final,59,0.0,0.0,0.04136936739087105,0.03694571182131767,0.03979525342583656,0.0,0.0,0.0,0.0,1.0,0.0015741139650344849,0.004423655569553375
test:765,Qwen3-8B,48,conflict,norm_matched,6,final,66,0.0,0.0,0.04643282666802406,0.05672203004360199,0.048937827348709106,0.0,0.0,1.0,0.0,0.0,-0.0025050006806850433,-0.010289203375577927
test:2008,Qwen3-8B,48,conflict,norm_matched,6,final,85,0.0,0.0,0.037734661251306534,0.036794260144233704,0.04102177545428276,0.0,0.0,0.0,0.0,0.0,-0.003287114202976227,0.0009404011070728302
test:520,Qwen3-8B,48,conflict,norm_matched,6,final,93,0.0,0.0,0.02448980323970318,0.04351745918393135,0.03401812165975571,0.0,0.0,1.0,0.0,0.0,-0.009528318420052528,-0.019027655944228172
test:1124,Qwen3-8B,48,conflict,norm_matched,6,final,76,0.0,0.0,0.018502652645111084,0.016539668664336205,0.015536499209702015,0.0,0.0,1.0,0.0,1.0,0.002966153435409069,0.0019629839807748795
test:459,Qwen3-8B,48,conflict,norm_matched,6,final,67,0.0,0.0,0.03247688338160515,0.030198542401194572,0.02923225238919258,0.0,0.0,1.0,0.0,1.0,0.003244630992412567,0.002278340980410576
test:177,Qwen3-8B,48,conflict,norm_matched,6,final,43,0.0,0.0,0.030002908781170845,0.026380395516753197,0.024590233340859413,0.0,0.0,1.0,0.0,1.0,0.005412675440311432,0.0036225132644176483
test:192,Qwen3-8B,48,conflict,norm_matched,6,final,102,0.0,0.0,0.021105481311678886,0.03440627083182335,0.04298889636993408,0.0,0.0,0.0,0.0,0.0,-0.021883415058255196,-0.013300789520144463
test:2160,Qwen3-8B,48,conflict,norm_matched,6,final,74,0.0,0.0,0.022353846579790115,0.03798448294401169,0.031420327723026276,0.0,0.0,1.0,0.0,0.0,-0.00906648114323616,-0.015630636364221573
test:1617,Qwen3-8B,48,conflict,norm_matched,6,final,74,0.0,0.0,0.011857998557388783,0.016930945217609406,0.012295149266719818,0.0,0.0,1.0,0.0,0.0,-0.0004371507093310356,-0.005072946660220623
test:100,Qwen3-8B,48,conflict,norm_matched,6,final,21,0.0,0.0,0.025209764018654823,0.042587798088788986,0.037534233182668686,0.0,0.0,1.0,0.0,0.0,-0.012324469164013863,-0.017378034070134163
test:693,Qwen3-8B,48,conflict,norm_matched,6,final,91,0.0,0.0,0.019229643046855927,0.03292861953377724,0.030070835724473,0.0,0.0,1.0,0.0,0.0,-0.010841192677617073,-0.01369897648692131
test:195,Qwen3-8B,48,conflict,norm_matched,6,final,65,0.0,0.0,0.018579047173261642,0.015635831281542778,0.01548827439546585,0.0,0.0,1.0,0.0,1.0,0.0030907727777957916,0.0029432158917188644
test:114,Qwen3-8B,48,conflict,norm_matched,6,final,15,0.0,0.0,0.03801671415567398,0.03163721412420273,0.031230786815285683,0.0,0.0,1.0,0.0,1.0,0.006785927340388298,0.0063795000314712524
test:2205,Qwen3-8B,48,conflict,norm_matched,6,final,15,0.0,0.0,0.03763136267662048,0.036767035722732544,0.040840502828359604,0.0,0.0,0.0,0.0,0.0,-0.0032091401517391205,0.0008643269538879395
test:1380,Qwen3-8B,48,conflict,norm_matched,6,final,92,0.0,0.0,0.03595537692308426,0.04202079400420189,0.04231655225157738,0.0,0.0,0.0,0.0,0.0,-0.006361175328493118,-0.00606541708111763
test:668,Qwen3-8B,48,conflict,norm_matched,6,final,67,0.0,0.0,0.023861097171902657,0.024495305493474007,0.015869541093707085,0.0,0.0,1.0,0.0,1.0,0.007991556078195572,-0.0006342083215713501
test:874,Qwen3-8B,48,conflict,norm_matched,6,final,99,0.0,0.0,0.030051279813051224,0.05121135711669922,0.043307073414325714,0.0,0.0,1.0,0.0,0.0,-0.01325579360127449,-0.021160077303647995
test:1824,Qwen3-8B,48,conflict,norm_matched,6,final,46,0.0,0.0,0.031919319182634354,0.030458109453320503,0.01124571356922388,0.0,0.0,1.0,0.0,1.0,0.020673605613410473,0.0014612097293138504
test:1248,Qwen3-8B,48,conflict,norm_matched,6,final,58,0.0,0.0,0.0011238197330385447,0.045304179191589355,0.0015171492705121636,0.0,0.0,1.0,0.0,0.0,-0.000393329537473619,-0.04418035945855081
test:714,Qwen3-8B,48,conflict,norm_matched,6,final,36,0.0,0.0,0.021165112033486366,0.04728521406650543,0.03592139109969139,0.0,0.0,1.0,0.0,0.0,-0.014756279066205025,-0.026120102033019066
test:133,Qwen3-8B,48,conflict,norm_matched,6,final,54,0.0,0.0,0.016478532925248146,0.01749473065137863,0.013299395330250263,0.0,0.0,1.0,0.0,1.0,0.003179137594997883,-0.0010161977261304855
test:162,Qwen3-8B,48,conflict,norm_matched,6,final,29,0.0,0.0,0.03704695403575897,0.038535457104444504,0.03981546312570572,0.0,0.0,0.0,0.0,0.0,-0.002768509089946747,-0.0014885030686855316
test:2079,Qwen3-8B,48,conflict,norm_matched,6,final,98,0.0,0.0,0.016040489077568054,0.021732566878199577,0.019817078486084938,0.0,0.0,1.0,0.0,0.0,-0.003776589408516884,-0.005692077800631523
test:1795,Qwen3-8B,48,conflict,norm_matched,6,final,31,0.0,0.0,0.027481816709041595,0.03709864988923073,0.026917263865470886,0.0,0.0,1.0,0.0,1.0,0.0005645528435707092,-0.009616833180189133
test:1760,Qwen3-8B,48,conflict,norm_matched,6,final,63,0.0,0.0,0.02467282861471176,0.01980210654437542,0.02094239741563797,0.0,0.0,0.0,0.0,1.0,0.0037304311990737915,0.004870722070336342
test:1424,Qwen3-8B,48,conflict,norm_matched,6,final,45,0.0,0.0,0.022664304822683334,0.03208855912089348,0.023851264268159866,0.0,0.0,1.0,0.0,0.0,-0.001186959445476532,-0.009424254298210144
test:62,Qwen3-8B,48,conflict,norm_matched,6,final,109,0.0,0.0,0.03540734946727753,0.03568577021360397,0.018724555149674416,0.0,0.0,1.0,0.0,1.0,0.01668279431760311,-0.00027842074632644653
test:522,Qwen3-8B,48,conflict,norm_matched,6,final,77,0.0,0.0,0.04306958615779877,0.05341830104589462,0.04647373780608177,0.0,0.0,1.0,0.0,0.0,-0.0034041516482830048,-0.010348714888095856
test:1227,Qwen3-8B,48,conflict,norm_matched,6,final,36,0.0,0.0,0.012245533987879753,0.04681151360273361,0.04481379687786102,0.0,0.0,1.0,0.0,0.0,-0.03256826288998127,-0.03456597961485386
test:397,Qwen3-8B,48,conflict,norm_matched,6,final,98,0.0,0.0,0.017048045992851257,0.01863616146147251,0.015454663895070553,0.0,0.0,1.0,0.0,1.0,0.0015933820977807045,-0.001588115468621254
test:374,Qwen3-8B,48,conflict,norm_matched,6,final,108,0.0,0.0,0.021105527877807617,0.027998296543955803,0.03173096477985382,0.0,0.0,0.0,0.0,0.0,-0.010625436902046204,-0.006892768666148186
test:1078,Qwen3-8B,48,conflict,norm_matched,6,final,39,0.0,0.0,0.035420145839452744,0.029466120526194572,0.03451651334762573,0.0,0.0,0.0,0.0,1.0,0.0009036324918270111,0.005954025313258171
test:1664,Qwen3-8B,48,conflict,norm_matched,6,final,62,0.0,0.0,0.03907720372080803,0.03640042245388031,0.029690224677324295,0.0,0.0,1.0,0.0,1.0,0.009386979043483734,0.002676781266927719
test:1818,Qwen3-8B,48,conflict,norm_matched,6,final,43,0.0,0.0,0.04671511426568031,0.039484765380620956,0.03346621245145798,0.0,0.0,1.0,0.0,1.0,0.013248901814222336,0.007230348885059357
test:1246,Qwen3-8B,48,conflict,norm_matched,6,final,76,0.0,0.0,0.04485473781824112,0.044632624834775925,0.050974033772945404,0.0,0.0,0.0,0.0,0.0,-0.006119295954704285,0.0002221129834651947
test:1887,Qwen3-8B,48,conflict,norm_matched,6,final,52,0.0,0.0,0.030269423499703407,0.01646612584590912,0.019997280091047287,0.0,0.0,0.0,0.0,1.0,0.01027214340865612,0.013803297653794289
test:1623,Qwen3-8B,48,conflict,norm_matched,6,final,106,0.0,0.0,0.029903244227170944,0.02869616448879242,0.031508032232522964,0.0,0.0,0.0,0.0,0.0,-0.0016047880053520203,0.0012070797383785248
test:196,Qwen3-8B,48,conflict,norm_matched,6,final,131,0.0,0.0,0.009576086886227131,0.04744129627943039,0.050325408577919006,0.0,0.0,0.0,0.0,0.0,-0.040749321691691875,-0.03786520939320326
test:1899,Qwen3-8B,48,conflict,norm_matched,6,final,45,0.0,0.0,0.03565814718604088,0.022008487954735756,0.021332111209630966,0.0,0.0,1.0,0.0,1.0,0.014326035976409912,0.013649659231305122
test:1208,Qwen3-8B,48,conflict,norm_matched,6,final,111,0.0,0.0,0.030076313763856888,0.033550016582012177,0.029105059802532196,0.0,0.0,1.0,0.0,1.0,0.0009712539613246918,-0.0034737028181552887
test:1441,Qwen3-8B,48,conflict,norm_matched,6,final,26,0.0,0.0,0.04809395968914032,0.05181339383125305,0.021747170016169548,0.0,0.0,1.0,0.0,1.0,0.026346789672970772,-0.003719434142112732
test:1102,Qwen3-8B,48,conflict,norm_matched,6,final,117,0.0,0.0,0.05256437137722969,0.04104384034872055,0.0398552305996418,0.0,0.0,1.0,0.0,1.0,0.01270914077758789,0.01152053102850914
test:76,Qwen3-8B,48,conflict,norm_matched,6,final,90,0.0,0.0,0.031177641823887825,0.027228238061070442,0.016986127942800522,0.0,0.0,1.0,0.0,1.0,0.014191513881087303,0.003949403762817383
test:1855,Qwen3-8B,48,conflict,norm_matched,6,final,112,0.0,0.0,0.014790681190788746,0.035768069326877594,0.04020359367132187,0.0,0.0,0.0,0.0,0.0,-0.025412912480533123,-0.020977388136088848
test:1652,Qwen3-8B,48,conflict,norm_matched,6,final,110,0.0,0.0,0.033983226865530014,0.04584162309765816,0.049088094383478165,0.0,0.0,0.0,0.0,0.0,-0.01510486751794815,-0.011858396232128143
test:355,Qwen3-8B,48,conflict,norm_matched,6,final,22,0.0,0.0,0.019033605232834816,0.020613476634025574,0.019033605232834816,0.0,0.0,1.0,0.0,0.0,0.0,-0.0015798714011907578
test:2144,Qwen3-8B,48,conflict,norm_matched,6,final,130,0.0,0.0,0.016806989908218384,0.031340133398771286,0.019333908334374428,0.0,0.0,1.0,0.0,0.0,-0.002526918426156044,-0.014533143490552902
test:210,Qwen3-8B,48,conflict,norm_matched,6,final,70,0.0,0.0,0.02310386300086975,0.02434711530804634,0.023544324561953545,0.0,0.0,1.0,0.0,0.0,-0.00044046156108379364,-0.00124325230717659
test:1713,Qwen3-8B,48,conflict,norm_matched,6,final,80,0.0,0.0,0.02495379000902176,0.02339143492281437,0.0362585186958313,0.0,0.0,0.0,0.0,0.0,-0.01130472868680954,0.0015623550862073898
test:1574,Qwen3-8B,48,conflict,norm_matched,6,final,113,0.0,0.0,0.04826340079307556,0.027601858600974083,0.04280906170606613,0.0,0.0,0.0,0.0,1.0,0.00545433908700943,0.02066154219210148
test:1488,Qwen3-8B,48,conflict,norm_matched,6,final,137,0.0,0.0,0.014658499509096146,0.020287062972784042,0.02763660065829754,0.0,0.0,0.0,0.0,0.0,-0.012978101149201393,-0.005628563463687897
test:1868,Qwen3-8B,48,conflict,norm_matched,6,final,40,0.0,0.0,0.021601062268018723,0.021604401990771294,0.02594667673110962,0.0,0.0,0.0,0.0,0.0,-0.004345614463090897,-3.339722752571106e-06
test:2233,Qwen3-8B,48,conflict,norm_matched,6,final,86,0.0,0.0,0.06647907197475433,0.05528062582015991,0.07279399782419205,0.0,0.0,0.0,0.0,0.0,-0.006314925849437714,0.011198446154594421
test:692,Qwen3-8B,48,conflict,norm_matched,6,final,126,0.0,0.0,0.010689153335988522,0.03745220601558685,0.03848736733198166,0.0,0.0,0.0,0.0,0.0,-0.027798213995993137,-0.02676305267959833
test:1732,Qwen3-8B,48,conflict,norm_matched,6,final,70,0.0,0.0,0.04979127645492554,0.060607343912124634,0.03425855562090874,0.0,0.0,1.0,0.0,1.0,0.0155327208340168,-0.010816067457199097
test:1002,Qwen3-8B,48,conflict,norm_matched,6,final,58,0.0,0.0,0.033153485506772995,0.012768340297043324,0.03668024390935898,0.0,0.0,0.0,0.0,0.0,-0.0035267584025859833,0.02038514520972967
test:1607,Qwen3-8B,48,conflict,norm_matched,6,final,69,0.0,0.0,0.03815694525837898,0.010678359307348728,0.014076083898544312,0.0,0.0,0.0,0.0,1.0,0.02408086135983467,0.027478585951030254
test:1123,Qwen3-8B,48,conflict,norm_matched,6,final,51,0.0,0.0,0.014459913596510887,0.026326632127165794,0.022154562175273895,0.0,0.0,1.0,0.0,0.0,-0.007694648578763008,-0.011866718530654907
test:120,Qwen3-8B,48,conflict,norm_matched,6,final,158,0.0,0.0,0.037900712341070175,0.04425707831978798,0.0493888333439827,0.0,0.0,0.0,0.0,0.0,-0.011488121002912521,-0.006356365978717804
test:652,Qwen3-8B,48,conflict,norm_matched,6,final,10,0.0,0.0,0.03252720460295677,0.028437476605176926,0.03517518192529678,0.0,0.0,0.0,0.0,0.0,-0.0026479773223400116,0.004089727997779846
test:850,Qwen3-8B,48,conflict,norm_matched,6,final,111,0.0,0.0,0.02332264557480812,0.031679730862379074,0.036088570952415466,0.0,0.0,0.0,0.0,0.0,-0.012765925377607346,-0.008357085287570953
test:1633,Qwen3-8B,48,conflict,norm_matched,6,final,165,0.0,0.0,0.020371168851852417,0.030375860631465912,0.03204607963562012,0.0,0.0,0.0,0.0,0.0,-0.0116749107837677,-0.010004691779613495
test:1126,Qwen3-8B,48,conflict,norm_matched,6,final,69,0.0,0.0,0.06481832265853882,0.06772703677415848,0.05800674483180046,0.0,0.0,1.0,0.0,1.0,0.0068115778267383575,-0.0029087141156196594
test:2130,Qwen3-8B,48,conflict,norm_matched,6,final,127,0.0,0.0,0.05416567996144295,0.02573155239224434,0.026581326499581337,0.0,0.0,0.0,0.0,1.0,0.02758435346186161,0.02843412756919861
test:1982,Qwen3-8B,48,conflict,norm_matched,6,final,96,0.0,0.0,0.017329467460513115,0.015600311569869518,0.015360087156295776,0.0,0.0,1.0,0.0,1.0,0.0019693803042173386,0.0017291558906435966
test:941,Qwen3-8B,48,conflict,norm_matched,6,final,104,0.0,0.0,0.048881784081459045,0.02343733049929142,0.05888930708169937,0.0,0.0,0.0,0.0,0.0,-0.010007523000240326,0.025444453582167625
test:1038,Qwen3-8B,48,conflict,norm_matched,6,final,132,0.0,0.0,0.02809564210474491,0.024641022086143494,0.02725192718207836,0.0,0.0,0.0,0.0,1.0,0.0008437149226665497,0.0034546200186014175
test:359,Qwen3-8B,48,conflict,norm_matched,6,final,64,0.0,0.0,0.057780347764492035,0.03133486211299896,0.03780696541070938,0.0,0.0,0.0,0.0,1.0,0.019973382353782654,0.026445485651493073
test:1015,Qwen3-8B,48,conflict,norm_matched,6,final,39,0.0,0.0,0.025648001581430435,0.026449380442500114,0.029796099290251732,0.0,0.0,0.0,0.0,0.0,-0.004148097708821297,-0.0008013788610696793
test:680,Qwen3-8B,48,conflict,norm_matched,6,final,15,0.0,0.0,0.025259295478463173,0.02218613773584366,0.0185347069054842,0.0,0.0,1.0,0.0,1.0,0.006724588572978973,0.0030731577426195145
test:1240,Qwen3-8B,48,conflict,norm_matched,6,final,189,0.0,0.0,0.029519040137529373,0.043346717953681946,0.04200941324234009,0.0,0.0,1.0,0.0,0.0,-0.012490373104810715,-0.013827677816152573
test:1330,Qwen3-8B,48,conflict,norm_matched,6,final,35,0.0,0.0,0.03846586123108864,0.03229430317878723,0.028479333966970444,0.0,0.0,1.0,0.0,1.0,0.009986527264118195,0.006171558052301407
test:544,Qwen3-8B,48,conflict,norm_matched,6,final,154,0.0,0.0,0.03273984417319298,0.039825282990932465,0.03886754438281059,0.0,0.0,1.0,0.0,0.0,-0.006127700209617615,-0.007085438817739487
test:695,Qwen3-8B,48,conflict,norm_matched,6,final,168,0.0,0.0,0.020372774451971054,0.03462814912199974,0.02871314063668251,0.0,0.0,1.0,0.0,0.0,-0.008340366184711456,-0.014255374670028687
test:1019,Qwen3-8B,48,conflict,norm_matched,6,final,127,0.0,0.0,0.025722675025463104,0.030834488570690155,0.0304853692650795,0.0,0.0,1.0,0.0,0.0,-0.004762694239616394,-0.005111813545227051
test:2172,Qwen3-8B,48,conflict,norm_matched,6,final,74,0.0,0.0,0.0626760721206665,0.08633050322532654,0.06197468191385269,0.0,0.0,1.0,0.0,1.0,0.0007013902068138123,-0.023654431104660034
test:446,Qwen3-8B,48,conflict,norm_matched,6,final,92,0.0,0.0,0.03799372538924217,0.018311403691768646,0.0513102151453495,0.0,0.0,0.0,0.0,0.0,-0.01331648975610733,0.019682321697473526
test:7,Qwen3-8B,48,conflict,norm_matched,6,final,41,0.0,0.0,0.018136419355869293,0.014029642567038536,0.015029540285468102,0.0,0.0,0.0,0.0,1.0,0.0031068790704011917,0.004106776788830757
test:1589,Qwen3-8B,48,conflict,norm_matched,6,final,15,0.0,0.0,0.032139718532562256,0.03172814100980759,0.029096750542521477,0.0,0.0,1.0,0.0,1.0,0.003042967990040779,0.0004115775227546692
test:1087,Qwen3-8B,48,conflict,norm_matched,6,final,63,0.0,0.0,0.047667115926742554,0.05046980828046799,0.0521598719060421,0.0,0.0,0.0,0.0,0.0,-0.004492755979299545,-0.0028026923537254333
test:603,Qwen3-8B,48,conflict,norm_matched,6,final,66,0.0,0.0,0.024971535429358482,0.017806386575102806,0.026213843375444412,0.0,0.0,0.0,0.0,0.0,-0.0012423079460859299,0.007165148854255676
test:1608,Qwen3-8B,48,conflict,norm_matched,6,final,55,0.0,0.0,0.033368565142154694,0.031852301210165024,0.02368340641260147,0.0,0.0,1.0,0.0,1.0,0.009685158729553223,0.0015162639319896698
test:774,Qwen3-8B,48,conflict,norm_matched,6,final,58,0.0,0.0,0.012802942655980587,0.02276451140642166,0.022209906950592995,0.0,0.0,1.0,0.0,0.0,-0.009406964294612408,-0.009961568750441074
test:1996,Qwen3-8B,48,conflict,norm_matched,6,final,24,0.0,0.0,0.03687964752316475,0.035277266055345535,0.02914772927761078,0.0,0.0,1.0,0.0,1.0,0.00773191824555397,0.0016023814678192139
test:2221,Qwen3-8B,48,conflict,norm_matched,6,final,68,0.0,0.0,0.04584953561425209,0.034367885440588,0.04109180346131325,0.0,0.0,0.0,0.0,1.0,0.004757732152938843,0.011481650173664093
test:1313,Qwen3-8B,48,conflict,norm_matched,6,final,161,0.0,0.0,0.04167158156633377,0.043404094874858856,0.0364898256957531,0.0,0.0,1.0,0.0,1.0,0.005181755870580673,-0.0017325133085250854
test:1515,Qwen3-8B,48,conflict,norm_matched,6,final,150,0.0,0.0,0.02705227956175804,0.030419640243053436,0.03410397842526436,0.0,0.0,0.0,0.0,0.0,-0.007051698863506317,-0.003367360681295395
test:1418,Qwen3-8B,48,conflict,norm_matched,6,final,153,0.0,0.0,0.03542086482048035,0.03530656173825264,0.033098701387643814,0.0,0.0,1.0,0.0,1.0,0.0023221634328365326,0.00011430308222770691
test:999,Qwen3-8B,48,conflict,norm_matched,6,final,123,0.0,0.0,0.02783382497727871,0.03660110756754875,0.01995086297392845,0.0,0.0,1.0,0.0,1.0,0.007882962003350258,-0.008767282590270042
test:1431,Qwen3-8B,48,conflict,norm_matched,6,final,108,0.0,0.0,0.023499324917793274,0.024643322452902794,0.029579220339655876,0.0,0.0,0.0,0.0,0.0,-0.006079895421862602,-0.00114399753510952
test:702,Qwen3-8B,48,conflict,norm_matched,6,final,27,0.0,0.0,0.03262785077095032,0.031053630635142326,0.03446730971336365,0.0,0.0,0.0,0.0,0.0,-0.00183945894241333,0.001574220135807991
test:111,Qwen3-8B,48,conflict,norm_matched,6,final,101,0.0,0.0,0.059403520077466965,0.06068383529782295,0.04446542263031006,0.0,0.0,1.0,0.0,1.0,0.014938097447156906,-0.0012803152203559875
test:1039,Qwen3-8B,48,conflict,norm_matched,6,final,23,0.0,0.0,0.040925756096839905,0.025209501385688782,0.031210333108901978,0.0,0.0,0.0,0.0,1.0,0.009715422987937927,0.015716254711151123
test:586,Qwen3-8B,48,conflict,norm_matched,6,final,190,0.0,0.0,0.008098307065665722,0.048097334802150726,0.011467620730400085,0.0,0.0,1.0,0.0,0.0,-0.0033693136647343636,-0.039999027736485004
test:733,Qwen3-8B,48,conflict,norm_matched,6,final,15,0.0,0.0,0.03563612699508667,0.035845983773469925,0.03137714043259621,0.0,0.0,1.0,0.0,1.0,0.004258986562490463,-0.000209856778383255
test:562,Qwen3-8B,48,conflict,norm_matched,6,final,57,0.0,0.0,0.0027953514363616705,0.03134762495756149,-0.00046938774175941944,0.0,0.0,1.0,0.0,1.0,0.00326473917812109,-0.028552273521199822
test:367,Qwen3-8B,48,conflict,norm_matched,6,final,108,0.0,0.0,0.02071365900337696,0.025999369099736214,0.01384661253541708,0.0,0.0,1.0,0.0,1.0,0.006867046467959881,-0.005285710096359253
test:2093,Qwen3-8B,48,conflict,norm_matched,6,final,97,0.0,0.0,0.03991777077317238,0.044616714119911194,0.04153711348772049,0.0,0.0,1.0,0.0,0.0,-0.001619342714548111,-0.004698943346738815
test:298,Qwen3-8B,48,conflict,norm_matched,6,final,43,0.0,0.0,0.07183323800563812,0.03160490095615387,0.03343015909194946,0.0,0.0,0.0,0.0,1.0,0.03840307891368866,0.04022833704948425
test:618,Qwen3-8B,48,conflict,norm_matched,6,final,4,0.0,0.0,0.014111380092799664,0.020447954535484314,0.015347568318247795,0.0,0.0,1.0,0.0,0.0,-0.0012361882254481316,-0.00633657444268465
test:213,Qwen3-8B,48,conflict,norm_matched,6,final,101,0.0,0.0,0.02517145499587059,0.05578002706170082,0.02882612682878971,0.0,0.0,1.0,0.0,0.0,-0.003654671832919121,-0.03060857206583023
test:1770,Qwen3-8B,48,conflict,norm_matched,6,final,33,0.0,0.0,0.021214937791228294,0.021050570532679558,0.009758824482560158,0.0,0.0,1.0,0.0,1.0,0.011456113308668137,0.00016436725854873657
test:784,Qwen3-8B,48,conflict,norm_matched,6,final,174,0.0,0.0,0.030791454017162323,0.051401518285274506,0.05152948200702667,0.0,0.0,0.0,0.0,0.0,-0.02073802798986435,-0.020610064268112183
test:748,Qwen3-8B,48,conflict,norm_matched,6,final,193,0.0,0.0,0.013279330916702747,0.019002795219421387,0.01583894155919552,0.0,0.0,1.0,0.0,0.0,-0.002559610642492771,-0.005723464302718639
test:691,Qwen3-8B,48,conflict,norm_matched,6,final,20,0.0,0.0,0.062252677977085114,0.07333496958017349,0.07758796215057373,0.0,0.0,0.0,0.0,0.0,-0.015335284173488617,-0.011082291603088379
test:1521,Qwen3-8B,48,conflict,norm_matched,6,final,37,0.0,0.0,0.020860107615590096,0.024079149588942528,0.02293907105922699,0.0,0.0,1.0,0.0,0.0,-0.0020789634436368942,-0.0032190419733524323
test:153,Qwen3-8B,48,conflict,norm_matched,6,final,120,0.0,0.0,0.03639659658074379,0.031286630779504776,0.040125772356987,0.0,0.0,0.0,0.0,0.0,-0.00372917577624321,0.005109965801239014
test:1145,Qwen3-8B,48,conflict,norm_matched,6,final,149,0.0,0.0,0.044577207416296005,0.04901095852255821,0.04536941647529602,0.0,0.0,1.0,0.0,0.0,-0.0007922090590000153,-0.004433751106262207
test:1941,Qwen3-8B,48,conflict,norm_matched,6,final,154,0.0,0.0,0.03483554720878601,0.03575668856501579,0.03313988447189331,0.0,0.0,1.0,0.0,1.0,0.0016956627368927002,-0.0009211413562297821
test:128,Qwen3-8B,48,conflict,norm_matched,6,final,104,0.0,0.0,0.034267526119947433,0.027504287660121918,0.03508080914616585,0.0,0.0,0.0,0.0,0.0,-0.0008132830262184143,0.006763238459825516
test:499,Qwen3-8B,48,conflict,norm_matched,6,final,167,0.0,0.0,0.00042110064532607794,0.018387366086244583,0.01722164824604988,0.0,0.0,1.0,0.0,0.0,-0.016800547600723803,-0.017966265440918505
test:869,Qwen3-8B,48,conflict,norm_matched,6,final,12,0.0,0.0,0.03250100463628769,0.02983703278005123,0.01264268346130848,0.0,0.0,1.0,0.0,1.0,0.01985832117497921,0.002663971856236458
test:1236,Qwen3-8B,48,conflict,norm_matched,6,final,37,0.0,0.0,0.03080650232732296,0.03589646518230438,0.029405152425169945,0.0,0.0,1.0,0.0,1.0,0.0014013499021530151,-0.005089962854981422
test:1870,Qwen3-8B,48,conflict,norm_matched,6,final,201,0.0,0.0,0.029449334368109703,0.022617213428020477,0.0237162783741951,0.0,0.0,0.0,0.0,1.0,0.005733055993914604,0.006832120940089226
test:1310,Qwen3-8B,48,conflict,norm_matched,6,final,29,0.0,0.0,0.04331597685813904,0.039855387061834335,0.04417217895388603,0.0,0.0,0.0,0.0,0.0,-0.000856202095746994,0.0034605897963047028
test:1221,Qwen3-8B,48,conflict,norm_matched,6,final,141,0.0,0.0,0.03307932987809181,0.02053280733525753,0.0224005039781332,0.0,0.0,0.0,0.0,1.0,0.01067882589995861,0.012546522542834282
test:257,Qwen3-8B,48,conflict,norm_matched,6,final,194,0.0,0.0,0.03059041127562523,0.02625417336821556,0.028815584257245064,0.0,0.0,0.0,0.0,1.0,0.001774827018380165,0.004336237907409668
test:1513,Qwen3-8B,48,conflict,norm_matched,6,final,40,0.0,0.0,0.02319709211587906,0.019915973767638206,0.025100070983171463,0.0,0.0,0.0,0.0,0.0,-0.0019029788672924042,0.0032811183482408524
test:553,Qwen3-8B,48,conflict,norm_matched,6,final,93,0.0,0.0,0.03819732740521431,0.0492524690926075,0.004144221544265747,0.0,0.0,1.0,0.0,1.0,0.03405310586094856,-0.011055141687393188
test:1881,Qwen3-8B,48,conflict,norm_matched,6,final,187,0.0,0.0,0.026587773114442825,0.05140937864780426,0.0469571016728878,0.0,0.0,1.0,0.0,0.0,-0.020369328558444977,-0.024821605533361435
test:2262,Qwen3-8B,48,conflict,norm_matched,6,final,48,0.0,0.0,0.02966659888625145,0.032803162932395935,0.03239752724766731,0.0,0.0,1.0,0.0,0.0,-0.002730928361415863,-0.0031365640461444855
test:911,Qwen3-8B,48,conflict,norm_matched,6,final,136,0.0,0.0,0.037187933921813965,0.05438019707798958,0.035656969994306564,0.0,0.0,1.0,0.0,1.0,0.0015309639275074005,-0.017192263156175613
test:1947,Qwen3-8B,48,conflict,norm_matched,6,final,64,0.0,0.0,0.04933817684650421,0.042582765221595764,0.03969439119100571,0.0,0.0,1.0,0.0,1.0,0.009643785655498505,0.006755411624908447
test:675,Qwen3-8B,48,conflict,norm_matched,6,final,113,0.0,0.0,0.055317286401987076,0.04574866592884064,0.029057087376713753,0.0,0.0,1.0,0.0,1.0,0.026260199025273323,0.009568620473146439
test:979,Qwen3-8B,48,conflict,norm_matched,6,final,215,0.0,0.0,0.02540988102555275,0.025272274389863014,0.03481375798583031,0.0,0.0,0.0,0.0,0.0,-0.009403876960277557,0.0001376066356897354
test:783,Qwen3-8B,48,conflict,norm_matched,6,final,18,0.0,0.0,0.03483107313513756,0.05469164624810219,0.05669013038277626,0.0,0.0,0.0,0.0,0.0,-0.021859057247638702,-0.01986057311296463
test:2149,Qwen3-8B,48,conflict,norm_matched,6,final,186,0.0,0.0,0.010916855186223984,0.04798242449760437,0.030489496886730194,0.0,0.0,1.0,0.0,0.0,-0.01957264170050621,-0.037065569311380386
test:1231,Qwen3-8B,48,conflict,norm_matched,6,final,217,0.0,0.0,0.036564458161592484,0.028346046805381775,0.018615128472447395,0.0,0.0,1.0,0.0,1.0,0.017949329689145088,0.008218411356210709
test:68,Qwen3-8B,48,conflict,norm_matched,6,final,33,0.0,0.0,0.0495157353579998,0.045228905975818634,0.04819967597723007,0.0,0.0,0.0,0.0,1.0,0.0013160593807697296,0.004286829382181168
test:180,Qwen3-8B,48,conflict,norm_matched,6,final,153,0.0,0.0,0.019090726971626282,0.01634923182427883,0.014757297933101654,0.0,0.0,1.0,0.0,1.0,0.004333429038524628,0.0027414951473474503
test:2034,Qwen3-8B,48,conflict,norm_matched,6,final,4,0.0,0.0,0.03607134521007538,0.035508617758750916,0.03852696344256401,0.0,0.0,0.0,0.0,0.0,-0.002455618232488632,0.0005627274513244629
test:1007,Qwen3-8B,48,conflict,norm_matched,6,final,51,0.0,0.0,0.0396236777305603,0.046674471348524094,0.04536779224872589,0.0,0.0,1.0,0.0,0.0,-0.005744114518165588,-0.007050793617963791
test:1917,Qwen3-8B,48,conflict,norm_matched,6,final,109,0.0,0.0,0.03933317959308624,0.02839893475174904,0.02954145520925522,0.0,0.0,0.0,0.0,1.0,0.009791724383831024,0.010934244841337204
test:1869,Qwen3-8B,48,conflict,norm_matched,6,final,43,0.0,0.0,0.016943810507655144,0.05381469056010246,0.010453087277710438,0.0,0.0,1.0,0.0,1.0,0.006490723229944706,-0.03687088005244732
test:1819,Qwen3-8B,48,conflict,norm_matched,6,final,60,0.0,0.0,0.016885219141840935,0.055540814995765686,0.029356610029935837,0.0,0.0,1.0,0.0,0.0,-0.012471390888094902,-0.03865559585392475
test:225,Qwen3-8B,48,conflict,norm_matched,6,final,217,0.0,0.0,0.023080313578248024,0.029606230556964874,0.025335364043712616,0.0,0.0,1.0,0.0,0.0,-0.002255050465464592,-0.00652591697871685
test:1978,Qwen3-8B,48,conflict,norm_matched,6,final,261,0.0,0.0,0.06370890140533447,0.07490245997905731,0.08392030000686646,0.0,0.0,0.0,0.0,0.0,-0.020211398601531982,-0.01119355857372284
test:1849,Qwen3-8B,48,conflict,norm_matched,6,final,74,0.0,0.0,0.036300696432590485,0.030934378504753113,0.029329700395464897,0.0,0.0,1.0,0.0,1.0,0.0069709960371255875,0.005366317927837372
test:1267,Qwen3-8B,48,conflict,norm_matched,6,final,80,0.0,0.0,0.025012865662574768,0.029304075986146927,0.025785543024539948,0.0,0.0,1.0,0.0,0.0,-0.0007726773619651794,-0.004291210323572159
test:2014,Qwen3-8B,48,conflict,norm_matched,6,final,90,0.0,0.0,0.04889544099569321,0.04973631724715233,0.042747434228658676,0.0,0.0,1.0,0.0,1.0,0.006148006767034531,-0.0008408762514591217
test:747,Qwen3-8B,48,conflict,norm_matched,6,final,159,0.0,0.0,0.049321334809064865,0.05074356868863106,0.04634206369519234,0.0,0.0,1.0,0.0,1.0,0.002979271113872528,-0.0014222338795661926
test:1536,Qwen3-8B,48,conflict,norm_matched,6,final,117,0.0,0.0,0.01779780164361,0.010979469865560532,0.018688982352614403,0.0,0.0,0.0,0.0,0.0,-0.0008911807090044022,0.006818331778049469
test:495,Qwen3-8B,48,conflict,norm_matched,6,final,217,0.0,0.0,0.015113193541765213,0.018087344244122505,0.04038495570421219,0.0,0.0,0.0,0.0,0.0,-0.025271762162446976,-0.002974150702357292
test:1218,Qwen3-8B,48,conflict,norm_matched,6,final,38,0.0,0.0,0.013114274479448795,0.025992920622229576,0.03329797461628914,0.0,0.0,0.0,0.0,0.0,-0.020183700136840343,-0.01287864614278078
test:908,Qwen3-8B,48,conflict,norm_matched,6,final,49,0.0,0.0,0.05115335062146187,0.046585507690906525,-0.02191799320280552,0.0,0.0,1.0,0.0,1.0,0.07307134382426739,0.004567842930555344
test:284,Qwen3-8B,48,conflict,norm_matched,6,final,181,0.0,0.0,0.10157715529203415,0.11077263206243515,0.05875546485185623,0.0,0.0,1.0,0.0,1.0,0.04282169044017792,-0.009195476770401001
test:307,Qwen3-8B,48,conflict,norm_matched,6,final,145,0.0,0.0,0.01458127424120903,0.010779356583952904,0.00804467685520649,0.0,0.0,1.0,0.0,1.0,0.006536597386002541,0.0038019176572561264
test:1101,Qwen3-8B,48,conflict,norm_matched,6,final,91,0.0,0.0,0.03187134489417076,0.014568733982741833,0.018745293840765953,0.0,0.0,0.0,0.0,1.0,0.013126051053404808,0.01730261091142893
test:2091,Qwen3-8B,48,conflict,norm_matched,6,final,64,0.0,0.0,0.06584742665290833,0.049485914409160614,0.04214392229914665,0.0,0.0,1.0,0.0,1.0,0.023703504353761673,0.01636151224374771
test:1343,Qwen3-8B,48,conflict,norm_matched,6,final,170,0.0,0.0,0.027128655463457108,0.029759814962744713,0.0327637642621994,0.0,0.0,0.0,0.0,0.0,-0.005635108798742294,-0.0026311594992876053
test:312,Qwen3-8B,48,conflict,norm_matched,6,final,81,0.0,0.0,0.039146728813648224,0.04614952579140663,0.03171948343515396,0.0,0.0,1.0,0.0,1.0,0.007427245378494263,-0.007002796977758408
test:1853,Qwen3-8B,48,conflict,norm_matched,6,final,66,0.0,0.0,0.02865973860025406,0.027209492400288582,0.024625375866889954,0.0,0.0,1.0,0.0,1.0,0.004034362733364105,0.001450246199965477
test:2161,Qwen3-8B,48,conflict,norm_matched,6,final,10,0.0,0.0,0.025387851521372795,0.019019167870283127,0.016466880217194557,0.0,0.0,1.0,0.0,1.0,0.008920971304178238,0.006368683651089668
test:993,Qwen3-8B,48,conflict,norm_matched,6,final,41,0.0,0.0,0.05222916603088379,0.03171151876449585,0.016666028648614883,0.0,0.0,1.0,0.0,1.0,0.035563137382268906,0.02051764726638794
test:1764,Qwen3-8B,48,conflict,norm_matched,6,final,98,0.0,0.0,0.05685127153992653,0.060684822499752045,0.03225678578019142,0.0,0.0,1.0,0.0,1.0,0.024594485759735107,-0.0038335509598255157
test:1238,Qwen3-8B,48,conflict,norm_matched,6,final,132,0.0,0.0,0.030490219593048096,0.025139382109045982,0.022436439990997314,0.0,0.0,1.0,0.0,1.0,0.008053779602050781,0.005350837484002113
test:2222,Qwen3-8B,48,conflict,norm_matched,6,final,60,0.0,0.0,0.04991302266716957,0.06312812119722366,0.07751938700675964,0.0,0.0,0.0,0.0,0.0,-0.027606364339590073,-0.013215098530054092
test:2007,Qwen3-8B,48,conflict,norm_matched,6,final,72,0.0,0.0,0.0408172570168972,0.03491077944636345,0.042699601501226425,0.0,0.0,0.0,0.0,0.0,-0.0018823444843292236,0.0059064775705337524
test:1177,Qwen3-8B,48,conflict,norm_matched,6,final,199,0.0,0.0,0.03537054732441902,0.030963841825723648,0.030335962772369385,0.0,0.0,1.0,0.0,1.0,0.005034584552049637,0.0044067054986953735
test:378,Qwen3-8B,48,conflict,norm_matched,6,final,287,0.0,0.0,-0.003932853229343891,0.026552844792604446,0.015539534389972687,0.0,0.0,1.0,0.0,0.0,-0.019472387619316578,-0.030485698021948338
test:1086,Qwen3-8B,48,conflict,norm_matched,6,final,146,0.0,0.0,0.03978180140256882,0.040897186845541,0.037044648081064224,0.0,0.0,1.0,0.0,1.0,0.002737153321504593,-0.0011153854429721832
test:350,Qwen3-8B,48,conflict,norm_matched,6,final,51,0.0,0.0,0.040998805314302444,0.013711749576032162,0.020310744643211365,0.0,0.0,0.0,0.0,1.0,0.02068806067109108,0.027287055738270283
test:2256,Qwen3-8B,48,conflict,norm_matched,6,final,161,0.0,0.0,0.02940894290804863,0.0323498360812664,0.025482874363660812,0.0,0.0,1.0,0.0,1.0,0.003926068544387817,-0.0029408931732177734
test:2064,Qwen3-8B,48,conflict,norm_matched,6,final,290,0.0,0.0,0.01767212152481079,0.016910359263420105,0.023172518238425255,0.0,0.0,0.0,0.0,0.0,-0.005500396713614464,0.000761762261390686
test:635,Qwen3-8B,48,conflict,norm_matched,6,final,62,0.0,0.0,0.00842258706688881,0.03583819046616554,0.010334810242056847,0.0,0.0,1.0,0.0,0.0,-0.0019122231751680374,-0.027415603399276733
test:2182,Qwen3-8B,48,conflict,norm_matched,6,final,167,0.0,0.0,0.056460920721292496,0.050655607134103775,0.04830795153975487,0.0,0.0,1.0,0.0,1.0,0.008152969181537628,0.005805313587188721
test:502,Qwen3-8B,48,conflict,norm_matched,6,final,187,0.0,0.0,0.03218274191021919,0.024602718651294708,0.01959232985973358,0.0,0.0,1.0,0.0,1.0,0.012590412050485611,0.007580023258924484
test:434,Qwen3-8B,48,conflict,norm_matched,6,final,171,0.0,0.0,0.03304464742541313,0.05270592123270035,0.04347672313451767,0.0,0.0,1.0,0.0,0.0,-0.010432075709104538,-0.019661273807287216
test:1225,Qwen3-8B,48,conflict,norm_matched,6,final,131,0.0,0.0,0.036210574209690094,0.027426064014434814,0.02696390263736248,0.0,0.0,1.0,0.0,1.0,0.009246671572327614,0.00878451019525528
test:1483,Qwen3-8B,48,conflict,norm_matched,6,final,92,0.0,0.0,0.035860661417245865,0.027438048273324966,0.018812334164977074,0.0,0.0,1.0,0.0,1.0,0.01704832725226879,0.008422613143920898
test:327,Qwen3-8B,48,conflict,norm_matched,6,final,297,0.0,0.0,0.048720091581344604,0.05113993585109711,0.04048901051282883,0.0,0.0,1.0,0.0,1.0,0.008231081068515778,-0.0024198442697525024
test:646,Qwen3-8B,48,conflict,norm_matched,6,final,242,0.0,0.0,0.006873601116240025,0.05817950516939163,0.00962922815233469,0.0,0.0,1.0,0.0,0.0,-0.0027556270360946655,-0.05130590405315161
test:1214,Qwen3-8B,48,conflict,norm_matched,6,final,40,0.0,0.0,0.05671798065304756,0.03645496442914009,0.04094652459025383,0.0,0.0,0.0,0.0,1.0,0.01577145606279373,0.02026301622390747
test:1722,Qwen3-8B,48,conflict,norm_matched,6,final,227,0.0,0.0,0.04225676506757736,0.045659251511096954,0.045163705945014954,0.0,0.0,1.0,0.0,0.0,-0.0029069408774375916,-0.0034024864435195923
test:2062,Qwen3-8B,48,conflict,norm_matched,6,final,227,0.0,0.0,0.044599875807762146,0.04958822950720787,0.041687577962875366,0.0,0.0,1.0,0.0,1.0,0.00291229784488678,-0.0049883536994457245
test:1009,Qwen3-8B,48,conflict,norm_matched,6,final,129,0.0,0.0,0.05780588835477829,0.02844565361738205,0.044213466346263885,0.0,0.0,0.0,0.0,1.0,0.013592422008514404,0.02936023473739624
test:92,Qwen3-8B,48,conflict,norm_matched,6,final,37,0.0,0.0,0.02763766050338745,0.03312715142965317,0.02073904685676098,0.0,0.0,1.0,0.0,1.0,0.0068986136466264725,-0.0054894909262657166
test:471,Qwen3-8B,48,conflict,norm_matched,6,final,157,0.0,0.0,0.03907916694879532,0.023951532319188118,0.027040980756282806,0.0,0.0,0.0,0.0,1.0,0.012038186192512512,0.0151276346296072
test:1083,Qwen3-8B,48,conflict,norm_matched,6,final,290,0.0,0.0,0.08685910701751709,0.09080483764410019,0.09474894404411316,0.0,0.0,0.0,0.0,0.0,-0.00788983702659607,-0.003945730626583099
test:2108,Qwen3-8B,48,conflict,norm_matched,6,final,161,0.0,0.0,0.05865340679883957,0.05363290756940842,0.04778924584388733,0.0,0.0,1.0,0.0,1.0,0.01086416095495224,0.005020499229431152
test:2227,Qwen3-8B,48,conflict,norm_matched,6,final,152,0.0,0.0,0.025141550227999687,0.027278155088424683,0.021907862275838852,0.0,0.0,1.0,0.0,1.0,0.0032336879521608353,-0.0021366048604249954
test:1251,Qwen3-8B,48,conflict,norm_matched,6,final,145,0.0,0.0,0.015333306044340134,0.016960326582193375,0.020999129861593246,0.0,0.0,0.0,0.0,0.0,-0.005665823817253113,-0.001627020537853241
test:498,Qwen3-8B,48,conflict,norm_matched,6,final,196,0.0,0.0,0.03190706670284271,0.028557801619172096,0.03538614138960838,0.0,0.0,0.0,0.0,0.0,-0.0034790746867656708,0.003349265083670616
test:1920,Qwen3-8B,48,conflict,norm_matched,6,final,263,0.0,0.0,0.05184032768011093,0.06104050204157829,0.048119883984327316,0.0,0.0,1.0,0.0,1.0,0.003720443695783615,-0.009200174361467361
test:1845,Qwen3-8B,48,conflict,norm_matched,6,final,105,0.0,0.0,0.038057841360569,0.03943882882595062,0.036258019506931305,0.0,0.0,1.0,0.0,1.0,0.0017998218536376953,-0.0013809874653816223
test:1790,Qwen3-8B,48,conflict,norm_matched,6,final,57,0.0,0.0,0.025307156145572662,0.02344462275505066,0.01525814551860094,0.0,0.0,1.0,0.0,1.0,0.010049010626971722,0.0018625333905220032
test:1563,Qwen3-8B,48,conflict,norm_matched,6,final,109,0.0,0.0,0.02370274066925049,0.027700457721948624,0.02881765179336071,0.0,0.0,0.0,0.0,0.0,-0.005114911124110222,-0.003997717052698135
test:1715,Qwen3-8B,48,conflict,norm_matched,6,final,306,0.0,0.0,0.0437844917178154,0.038369737565517426,0.038708142936229706,0.0,0.0,0.0,0.0,1.0,0.005076348781585693,0.005414754152297974
test:1395,Qwen3-8B,48,conflict,norm_matched,6,final,245,0.0,0.0,0.053245920687913895,0.052906136959791183,0.042692650109529495,0.0,0.0,1.0,0.0,1.0,0.0105532705783844,0.0003397837281227112
test:923,Qwen3-8B,48,conflict,norm_matched,6,final,308,0.0,0.0,0.024923790246248245,0.02447693422436714,0.021411534398794174,0.0,0.0,1.0,0.0,1.0,0.003512255847454071,0.0004468560218811035
test:800,Qwen3-8B,48,conflict,norm_matched,6,final,76,0.0,0.0,0.05731254816055298,0.04440002143383026,0.05611683800816536,0.0,0.0,0.0,0.0,1.0,0.001195710152387619,0.012912526726722717
test:1525,Qwen3-8B,48,conflict,norm_matched,6,final,137,0.0,0.0,0.030782539397478104,0.022072654217481613,0.02648376300930977,0.0,0.0,0.0,0.0,1.0,0.004298776388168335,0.00870988517999649
test:617,Qwen3-8B,48,conflict,norm_matched,6,final,123,0.0,0.0,0.03046858124434948,0.015448023565113544,0.024233145639300346,0.0,0.0,0.0,0.0,1.0,0.006235435605049133,0.015020557679235935
test:2225,Qwen3-8B,48,conflict,norm_matched,6,final,38,0.0,0.0,0.041390545666217804,0.03382427617907524,0.03418009355664253,0.0,0.0,0.0,0.0,1.0,0.007210452109575272,0.007566269487142563
test:125,Qwen3-8B,48,conflict,norm_matched,6,final,23,0.0,0.0,0.034654829651117325,0.02136804535984993,0.019986532628536224,0.0,0.0,1.0,0.0,1.0,0.0146682970225811,0.013286784291267395
test:1316,Qwen3-8B,48,conflict,norm_matched,6,final,114,0.0,0.0,0.01867716759443283,0.023766884580254555,0.013675548136234283,0.0,0.0,1.0,0.0,1.0,0.005001619458198547,-0.005089716985821724
test:1848,Qwen3-8B,48,conflict,norm_matched,6,final,330,0.0,0.0,0.0384969599545002,0.039306383579969406,0.037506185472011566,0.0,0.0,1.0,0.0,1.0,0.0009907744824886322,-0.0008094236254692078
test:1481,Qwen3-8B,48,conflict,norm_matched,6,final,69,0.0,0.0,0.030547045171260834,0.01904454082250595,0.02078063413500786,0.0,0.0,0.0,0.0,1.0,0.009766411036252975,0.011502504348754883
test:1667,Qwen3-8B,48,conflict,norm_matched,6,final,304,0.0,0.0,0.020244944840669632,0.026412777602672577,0.024482131004333496,0.0,0.0,1.0,0.0,0.0,-0.004237186163663864,-0.006167832762002945
test:1901,Qwen3-8B,48,conflict,norm_matched,6,final,274,0.0,0.0,0.0331830233335495,0.03465048223733902,0.034519877284765244,0.0,0.0,1.0,0.0,0.0,-0.001336853951215744,-0.0014674589037895203
test:1673,Qwen3-8B,48,conflict,norm_matched,6,final,133,0.0,0.0,0.03618479520082474,0.038494523614645004,0.03712281212210655,0.0,0.0,1.0,0.0,0.0,-0.0009380169212818146,-0.0023097284138202667
test:2280,Qwen3-8B,48,conflict,norm_matched,6,final,22,0.0,0.0,0.03235097974538803,0.037636566907167435,0.03847773000597954,0.0,0.0,0.0,0.0,0.0,-0.006126750260591507,-0.005285587161779404
test:2251,Qwen3-8B,48,conflict,norm_matched,6,final,313,0.0,0.0,0.0249005276709795,0.028710100799798965,0.02169742062687874,0.0,0.0,1.0,0.0,1.0,0.0032031070441007614,-0.0038095731288194656
test:512,Qwen3-8B,48,conflict,norm_matched,6,final,145,0.0,0.0,0.03692440688610077,0.03575548529624939,0.029462872073054314,0.0,0.0,1.0,0.0,1.0,0.007461534813046455,0.0011689215898513794
test:220,Qwen3-8B,48,conflict,norm_matched,6,final,56,0.0,0.0,0.025388434529304504,0.02969576045870781,0.026866592466831207,0.0,0.0,1.0,0.0,0.0,-0.0014781579375267029,-0.004307325929403305
test:997,Qwen3-8B,48,conflict,norm_matched,6,final,309,0.0,0.0,0.014511694200336933,0.039102423936128616,0.0182343702763319,0.0,0.0,1.0,0.0,0.0,-0.0037226760759949684,-0.024590729735791683
test:1553,Qwen3-8B,48,conflict,norm_matched,6,final,160,0.0,0.0,0.0373074896633625,0.05189308524131775,0.036575548350811005,0.0,0.0,1.0,0.0,1.0,0.0007319413125514984,-0.014585595577955246
test:731,Qwen3-8B,48,conflict,norm_matched,6,final,114,0.0,0.0,0.031374137848615646,0.03701469302177429,0.0273133534938097,0.0,0.0,1.0,0.0,1.0,0.004060784354805946,-0.005640555173158646
test:1433,Qwen3-8B,48,conflict,norm_matched,6,final,117,0.0,0.0,0.04411829635500908,0.02725430577993393,0.016944510862231255,0.0,0.0,1.0,0.0,1.0,0.027173785492777824,0.01686399057507515
test:65,Qwen3-8B,48,conflict,norm_matched,6,final,184,0.0,0.0,0.04694844037294388,0.0473291277885437,0.04762052372097969,0.0,0.0,0.0,0.0,0.0,-0.0006720833480358124,-0.000380687415599823
test:1575,Qwen3-8B,48,conflict,norm_matched,6,final,92,0.0,0.0,0.024264145642518997,0.033936403691768646,0.026178302243351936,0.0,0.0,1.0,0.0,0.0,-0.0019141566008329391,-0.009672258049249649
test:1784,Qwen3-8B,48,conflict,norm_matched,6,final,209,0.0,0.0,0.015150134451687336,0.019300537183880806,0.02228810079395771,0.0,0.0,0.0,0.0,0.0,-0.007137966342270374,-0.00415040273219347
test:1566,Qwen3-8B,48,conflict,norm_matched,6,final,152,0.0,0.0,0.04577692598104477,0.0446927584707737,0.04029301181435585,0.0,0.0,1.0,0.0,1.0,0.005483914166688919,0.0010841675102710724
test:1807,Qwen3-8B,48,conflict,norm_matched,6,final,164,0.0,0.0,0.03642400726675987,0.02630077861249447,0.030121836811304092,0.0,0.0,0.0,0.0,1.0,0.00630217045545578,0.010123228654265404
test:1408,Qwen3-8B,48,conflict,norm_matched,6,final,66,0.0,0.0,0.052901241928339005,0.05739288404583931,0.04834455996751785,0.0,0.0,1.0,0.0,1.0,0.004556681960821152,-0.004491642117500305
test:621,Qwen3-8B,48,conflict,norm_matched,6,final,54,0.0,0.0,0.03475728631019592,0.030074885115027428,0.02655061148107052,0.0,0.0,1.0,0.0,1.0,0.008206674829125404,0.004682401195168495
test:531,Qwen3-8B,48,conflict,norm_matched,6,final,243,0.0,0.0,0.05492282658815384,0.02410861849784851,0.03329966217279434,0.0,0.0,0.0,0.0,1.0,0.021623164415359497,0.03081420809030533
test:394,Qwen3-8B,48,conflict,norm_matched,6,final,81,0.0,0.0,0.04069036990404129,0.026846107095479965,0.0019416104769334197,0.0,0.0,1.0,0.0,1.0,0.03874875942710787,0.013844262808561325
test:641,Qwen3-8B,48,conflict,norm_matched,6,final,64,0.0,0.0,0.04960308223962784,0.10115951299667358,0.07151065021753311,0.0,0.0,1.0,0.0,0.0,-0.021907567977905273,-0.051556430757045746
test:2003,Qwen3-8B,48,conflict,norm_matched,6,final,30,0.0,0.0,0.03790760040283203,0.023637790232896805,0.03277665376663208,0.0,0.0,0.0,0.0,1.0,0.005130946636199951,0.014269810169935226
test:243,Qwen3-8B,48,conflict,norm_matched,6,final,128,0.0,0.0,0.03676176816225052,0.023873627185821533,0.033241309225559235,0.0,0.0,0.0,0.0,1.0,0.003520458936691284,0.012888140976428986
test:85,Qwen3-8B,48,conflict,norm_matched,6,final,247,0.0,0.0,0.019470157101750374,0.028989914804697037,0.04309558868408203,0.0,0.0,0.0,0.0,0.0,-0.023625431582331657,-0.009519757702946663
test:847,Qwen3-8B,48,conflict,norm_matched,6,final,46,0.0,0.0,0.007526603527367115,0.060160938650369644,0.012036568485200405,0.0,0.0,1.0,0.0,0.0,-0.00450996495783329,-0.05263433512300253
test:4,Qwen3-8B,48,conflict,norm_matched,6,final,15,0.0,0.0,0.037413306534290314,0.06005191057920456,0.06422516703605652,0.0,0.0,0.0,0.0,0.0,-0.026811860501766205,-0.022638604044914246
test:468,Qwen3-8B,48,conflict,norm_matched,6,final,99,0.0,0.0,0.043132275342941284,0.03339305520057678,0.021116528660058975,0.0,0.0,1.0,0.0,1.0,0.02201574668288231,0.009739220142364502
test:1928,Qwen3-8B,48,conflict,norm_matched,6,final,62,0.0,0.0,0.0613212063908577,0.06216741353273392,0.0333951972424984,0.0,0.0,1.0,0.0,1.0,0.0279260091483593,-0.0008462071418762207
test:822,Qwen3-8B,48,conflict,norm_matched,6,final,60,0.0,0.0,0.0446498729288578,0.025489656254649162,0.05338691920042038,0.0,0.0,0.0,0.0,0.0,-0.008737046271562576,0.01916021667420864
test:1805,Qwen3-8B,48,conflict,norm_matched,6,final,269,0.0,0.0,0.027018101885914803,0.04515606537461281,0.022649627178907394,0.0,0.0,1.0,0.0,1.0,0.004368474707007408,-0.018137963488698006
test:879,Qwen3-8B,48,conflict,norm_matched,6,final,49,0.0,0.0,0.031902629882097244,0.020371560007333755,0.02756805159151554,0.0,0.0,0.0,0.0,1.0,0.004334578290581703,0.011531069874763489
test:1902,Qwen3-8B,48,conflict,norm_matched,6,final,307,0.0,0.0,0.0288920346647501,0.031550854444503784,0.03514090180397034,0.0,0.0,0.0,0.0,0.0,-0.006248867139220238,-0.002658819779753685
test:1933,Qwen3-8B,48,conflict,norm_matched,6,final,133,0.0,0.0,0.027904633432626724,0.02644936367869377,0.011243571527302265,0.0,0.0,1.0,0.0,1.0,0.01666106190532446,0.0014552697539329529
test:577,Qwen3-8B,48,conflict,norm_matched,6,final,181,0.0,0.0,0.031341198831796646,0.0268204677850008,0.030932102352380753,0.0,0.0,0.0,0.0,1.0,0.00040909647941589355,0.004520731046795845
test:1749,Qwen3-8B,48,conflict,norm_matched,6,final,40,0.0,0.0,0.031161008402705193,0.028216378763318062,0.02505638264119625,0.0,0.0,1.0,0.0,1.0,0.006104625761508942,0.0029446296393871307
test:15,Qwen3-8B,48,conflict,norm_matched,6,final,358,0.0,0.0,0.05328574404120445,0.03373623266816139,0.06360441446304321,0.0,0.0,0.0,0.0,0.0,-0.01031867042183876,0.01954951137304306
test:1753,Qwen3-8B,48,conflict,norm_matched,6,final,149,0.0,0.0,0.04287952557206154,0.030989373102784157,0.03487527742981911,0.0,0.0,0.0,0.0,1.0,0.008004248142242432,0.011890152469277382
test:665,Qwen3-8B,48,conflict,norm_matched,6,final,133,0.0,0.0,0.03569229692220688,0.027163514867424965,0.025861887261271477,0.0,0.0,1.0,0.0,1.0,0.009830409660935402,0.008528782054781914
test:569,Qwen3-8B,48,conflict,norm_matched,6,final,103,0.0,0.0,0.035496316850185394,0.025261791422963142,0.019667865708470345,0.0,0.0,1.0,0.0,1.0,0.01582845114171505,0.010234525427222252
test:1203,Qwen3-8B,48,conflict,norm_matched,6,final,106,0.0,0.0,0.037282343953847885,0.03814532235264778,0.024990171194076538,0.0,0.0,1.0,0.0,1.0,0.012292172759771347,-0.0008629783987998962
test:2105,Qwen3-8B,48,conflict,norm_matched,6,final,38,0.0,0.0,0.12163063883781433,0.09977655112743378,0.1140793189406395,0.0,0.0,0.0,0.0,1.0,0.007551319897174835,0.021854087710380554
test:426,Qwen3-8B,48,conflict,norm_matched,6,final,46,0.0,0.0,0.027706962078809738,0.02580895461142063,0.022119326516985893,0.0,0.0,1.0,0.0,1.0,0.005587635561823845,0.0018980074673891068
test:123,Qwen3-8B,48,conflict,norm_matched,6,final,343,0.0,0.0,0.03325514495372772,0.02230161800980568,0.027108781039714813,0.0,0.0,0.0,0.0,1.0,0.006146363914012909,0.010953526943922043
test:1405,Qwen3-8B,48,conflict,norm_matched,6,final,166,0.0,0.0,0.035299524664878845,0.03310133144259453,0.023163385689258575,0.0,0.0,1.0,0.0,1.0,0.01213613897562027,0.002198193222284317
test:796,Qwen3-8B,48,conflict,norm_matched,6,final,322,0.0,0.0,0.022857900708913803,0.03309673070907593,0.052438121289014816,0.0,0.0,0.0,0.0,0.0,-0.029580220580101013,-0.010238830000162125
test:2166,Qwen3-8B,48,conflict,norm_matched,6,final,325,0.0,0.0,0.021858692169189453,0.0534508116543293,0.026006989181041718,0.0,0.0,1.0,0.0,0.0,-0.004148297011852264,-0.03159211948513985
test:1179,Qwen3-8B,48,conflict,norm_matched,6,final,112,0.0,0.0,0.03885214775800705,0.028947843238711357,0.029099933803081512,0.0,0.0,0.0,0.0,1.0,0.009752213954925537,0.009904304519295692
test:375,Qwen3-8B,48,conflict,norm_matched,6,final,236,0.0,0.0,0.027072163298726082,0.028721841052174568,0.015380015596747398,0.0,0.0,1.0,0.0,1.0,0.011692147701978683,-0.0016496777534484863
test:1143,Qwen3-8B,48,conflict,norm_matched,6,final,77,0.0,0.0,0.06398375332355499,0.04428232088685036,0.04516950622200966,0.0,0.0,0.0,0.0,1.0,0.018814247101545334,0.019701432436704636
test:1882,Qwen3-8B,48,conflict,norm_matched,6,final,18,0.0,0.0,0.03424914926290512,0.03148554265499115,0.046210676431655884,0.0,0.0,0.0,0.0,0.0,-0.011961527168750763,0.002763606607913971
test:404,Qwen3-8B,48,conflict,norm_matched,6,final,32,0.0,0.0,0.037891604006290436,0.02251308038830757,0.01676805689930916,0.0,0.0,1.0,0.0,1.0,0.021123547106981277,0.015378523617982864
test:2056,Qwen3-8B,48,conflict,norm_matched,6,final,254,0.0,0.0,0.04807690903544426,0.04749255254864693,0.040522560477256775,0.0,0.0,1.0,0.0,1.0,0.007554348558187485,0.0005843564867973328
test:1331,Qwen3-8B,48,conflict,norm_matched,6,final,464,0.0,0.0,0.008515510708093643,0.04757033288478851,0.03740161657333374,0.0,0.0,1.0,0.0,0.0,-0.028886105865240097,-0.03905482217669487
test:2255,Qwen3-8B,48,conflict,norm_matched,6,final,33,0.0,0.0,0.07127939909696579,0.05686546117067337,0.01667095348238945,0.0,0.0,1.0,0.0,1.0,0.05460844561457634,0.01441393792629242
test:1122,Qwen3-8B,48,conflict,norm_matched,6,final,227,0.0,0.0,0.03481665626168251,0.03966135531663895,0.0426052063703537,0.0,0.0,0.0,0.0,0.0,-0.007788550108671188,-0.004844699054956436
test:1063,Qwen3-8B,48,conflict,norm_matched,6,final,90,0.0,0.0,0.028396781533956528,-0.0016113753663375974,0.04708203673362732,0.0,0.0,0.0,0.0,0.0,-0.01868525519967079,0.030008156900294125
test:1994,Qwen3-8B,48,conflict,norm_matched,6,final,147,0.0,0.0,0.03255277872085571,0.04459434747695923,0.04025927931070328,0.0,0.0,1.0,0.0,0.0,-0.007706500589847565,-0.012041568756103516
test:2291,Qwen3-8B,48,conflict,norm_matched,6,final,55,0.0,0.0,0.020372362807393074,0.034346360713243484,0.020998036488890648,0.0,0.0,1.0,0.0,0.0,-0.0006256736814975739,-0.01397399790585041
test:287,Qwen3-8B,48,conflict,norm_matched,6,final,322,0.0,0.0,0.02412382699549198,0.03991534188389778,0.020921975374221802,0.0,0.0,1.0,0.0,1.0,0.0032018516212701797,-0.0157915148884058
test:1257,Qwen3-8B,48,conflict,norm_matched,6,final,230,0.0,0.0,0.03222332149744034,0.01725025475025177,0.01969827339053154,0.0,0.0,0.0,0.0,1.0,0.012525048106908798,0.014973066747188568
test:564,Qwen3-8B,48,conflict,norm_matched,6,final,136,0.0,0.0,0.02441236563026905,0.023504801094532013,0.02388399839401245,0.0,0.0,0.0,0.0,1.0,0.0005283672362565994,0.0009075645357370377
test:1836,Qwen3-8B,48,conflict,norm_matched,6,final,173,0.0,0.0,0.033001579344272614,0.04550032690167427,0.05053986236453056,0.0,0.0,0.0,0.0,0.0,-0.01753828302025795,-0.012498747557401657
test:1915,Qwen3-8B,48,conflict,norm_matched,6,final,97,0.0,0.0,0.019253777340054512,0.07186120748519897,0.003955898340791464,0.0,0.0,1.0,0.0,1.0,0.015297878999263048,-0.05260743014514446
test:444,Qwen3-8B,48,conflict,norm_matched,6,final,98,0.0,0.0,0.0328216515481472,0.03306221589446068,0.028683586046099663,0.0,0.0,1.0,0.0,1.0,0.004138065502047539,-0.00024056434631347656
test:2176,Qwen3-8B,48,conflict,norm_matched,6,final,141,0.0,0.0,0.021269598975777626,0.01974206231534481,0.0195716954767704,0.0,0.0,1.0,0.0,1.0,0.001697903499007225,0.0015275366604328156
test:2145,Qwen3-8B,48,conflict,norm_matched,6,final,329,0.0,0.0,0.010786367580294609,0.04416481405496597,0.011256142519414425,0.0,0.0,1.0,0.0,0.0,-0.0004697749391198158,-0.033378446474671364
test:1174,Qwen3-8B,48,conflict,norm_matched,6,final,115,0.0,0.0,0.027697663754224777,0.025878768414258957,0.026852566748857498,0.0,0.0,0.0,0.0,1.0,0.000845097005367279,0.0018188953399658203
test:1230,Qwen3-8B,48,conflict,norm_matched,6,final,275,0.0,0.0,0.031998682767152786,0.03193465247750282,0.02369409054517746,0.0,0.0,1.0,0.0,1.0,0.008304592221975327,6.403028964996338e-05
test:1244,Qwen3-8B,48,conflict,norm_matched,6,final,317,0.0,0.0,0.027744263410568237,0.03441997617483139,0.013231064192950726,0.0,0.0,1.0,0.0,1.0,0.014513199217617512,-0.006675712764263153
test:606,Qwen3-8B,48,conflict,norm_matched,6,final,52,0.0,0.0,0.04322333633899689,0.01397697813808918,0.026154667139053345,0.0,0.0,0.0,0.0,1.0,0.017068669199943542,0.029246358200907707
test:304,Qwen3-8B,48,conflict,norm_matched,6,final,126,0.0,0.0,0.021960992366075516,0.02007032372057438,0.024206064641475677,0.0,0.0,0.0,0.0,0.0,-0.0022450722754001617,0.0018906686455011368
test:1390,Qwen3-8B,48,conflict,norm_matched,6,final,447,0.0,0.0,0.03935064747929573,0.030279211699962616,0.028438780456781387,0.0,0.0,1.0,0.0,1.0,0.010911867022514343,0.009071435779333115
test:1729,Qwen3-8B,48,conflict,norm_matched,6,final,109,0.0,0.0,0.04395277425646782,0.040913715958595276,0.029674947261810303,0.0,0.0,1.0,0.0,1.0,0.014277826994657516,0.0030390582978725433
test:1454,Qwen3-8B,48,conflict,norm_matched,6,final,39,0.0,0.0,0.03761822730302811,0.05050847679376602,0.06514164805412292,0.0,0.0,0.0,0.0,0.0,-0.027523420751094818,-0.012890249490737915
test:858,Qwen3-8B,48,conflict,norm_matched,6,final,92,0.0,0.0,0.03819590061903,0.043654173612594604,0.0043746610172092915,0.0,0.0,1.0,0.0,1.0,0.03382123960182071,-0.005458272993564606
test:771,Qwen3-8B,48,conflict,norm_matched,6,final,160,0.0,0.0,0.04430903121829033,0.04232069477438927,0.041723981499671936,0.0,0.0,1.0,0.0,1.0,0.002585049718618393,0.001988336443901062
test:660,Qwen3-8B,48,conflict,norm_matched,6,final,148,0.0,0.0,0.026993846520781517,0.019490843638777733,0.022974591702222824,0.0,0.0,0.0,0.0,1.0,0.004019254818558693,0.007503002882003784
test:888,Qwen3-8B,48,conflict,norm_matched,6,final,190,0.0,0.0,0.024171607568860054,0.026331555098295212,0.023746054619550705,0.0,0.0,1.0,0.0,1.0,0.00042555294930934906,-0.0021599475294351578
test:413,Qwen3-8B,48,conflict,norm_matched,6,final,271,0.0,0.0,0.03170902281999588,0.012767428532242775,0.03363896533846855,0.0,0.0,0.0,0.0,0.0,-0.0019299425184726715,0.018941594287753105
test:130,Qwen3-8B,48,conflict,norm_matched,6,final,195,0.0,0.0,0.06693525612354279,0.06005735695362091,0.05849051475524902,0.0,0.0,1.0,0.0,1.0,0.008444741368293762,0.006877899169921875
test:1147,Qwen3-8B,48,conflict,norm_matched,6,final,52,0.0,0.0,0.07103206217288971,0.03004199080169201,0.032993052154779434,0.0,0.0,0.0,0.0,1.0,0.038039010018110275,0.0409900713711977
test:42,Qwen3-8B,48,conflict,norm_matched,6,final,102,0.0,0.0,0.03345730900764465,0.01894097402691841,0.033976659178733826,0.0,0.0,0.0,0.0,0.0,-0.0005193501710891724,0.014516334980726242
test:1114,Qwen3-8B,48,conflict,norm_matched,6,final,275,0.0,0.0,0.06707360595464706,0.06101126968860626,0.07082756608724594,0.0,0.0,0.0,0.0,0.0,-0.003753960132598877,0.006062336266040802
test:1302,Qwen3-8B,48,conflict,norm_matched,6,final,34,0.0,0.0,0.029646627604961395,0.030513236299157143,0.02575266733765602,0.0,0.0,1.0,0.0,1.0,0.003893960267305374,-0.0008666086941957474
test:662,Qwen3-8B,48,conflict,norm_matched,6,final,341,0.0,0.0,0.042186494916677475,0.03395037725567818,0.03360557556152344,0.0,0.0,1.0,0.0,1.0,0.008580919355154037,0.008236117660999298
test:705,Qwen3-8B,48,conflict,norm_matched,6,final,185,0.0,0.0,0.04579024389386177,0.0218490082770586,0.02958369441330433,0.0,0.0,0.0,0.0,1.0,0.01620654948055744,0.02394123561680317
test:1413,Qwen3-8B,48,conflict,norm_matched,6,final,243,0.0,0.0,0.033956706523895264,0.033864352852106094,0.028227176517248154,0.0,0.0,1.0,0.0,1.0,0.00572953000664711,9.235367178916931e-05
test:940,Qwen3-8B,48,conflict,norm_matched,6,final,226,0.0,0.0,0.04386153072118759,0.046407997608184814,0.03615972399711609,0.0,0.0,1.0,0.0,1.0,0.007701806724071503,-0.002546466886997223
test:2162,Qwen3-8B,48,conflict,norm_matched,6,final,536,0.0,0.0,0.0049760001711547375,0.012723518535494804,0.0001363348710583523,0.0,0.0,1.0,0.0,1.0,0.004839665300096385,-0.007747518364340067
test:51,Qwen3-8B,48,conflict,norm_matched,6,final,83,0.0,0.0,0.09851022064685822,0.06707655638456345,0.08768194168806076,0.0,0.0,0.0,0.0,1.0,0.010828278958797455,0.03143366426229477
test:914,Qwen3-8B,48,conflict,norm_matched,6,final,443,0.0,0.0,0.0025977115146815777,0.059278231114149094,-0.009016105905175209,0.0,0.0,1.0,0.0,1.0,0.011613817419856787,-0.056680519599467516
test:1558,Qwen3-8B,48,conflict,norm_matched,6,final,111,0.0,0.0,0.0542902797460556,0.059598345309495926,0.06346407532691956,0.0,0.0,0.0,0.0,0.0,-0.009173795580863953,-0.005308065563440323
test:351,Qwen3-8B,48,conflict,norm_matched,6,final,360,0.0,0.0,0.027251947671175003,0.020710501819849014,0.01681005023419857,0.0,0.0,1.0,0.0,1.0,0.010441897436976433,0.006541445851325989
test:1503,Qwen3-8B,48,conflict,norm_matched,6,final,64,0.0,0.0,0.04422876611351967,0.04475301131606102,0.032672520726919174,0.0,0.0,1.0,0.0,1.0,0.011556245386600494,-0.0005242452025413513
test:1138,Qwen3-8B,48,conflict,norm_matched,6,final,83,0.0,0.0,0.022369101643562317,0.020270148292183876,0.011339778080582619,0.0,0.0,1.0,0.0,1.0,0.011029323562979698,0.002098953351378441
test:1205,Qwen3-8B,48,conflict,norm_matched,6,final,176,0.0,0.0,0.026245241984725,0.04802662879228592,-0.006557154934853315,0.0,0.0,1.0,0.0,1.0,0.032802396919578314,-0.02178138680756092
test:279,Qwen3-8B,48,conflict,norm_matched,6,final,92,0.0,0.0,0.035582371056079865,0.029480241239070892,0.020731862634420395,0.0,0.0,1.0,0.0,1.0,0.01485050842165947,0.006102129817008972
test:1783,Qwen3-8B,48,conflict,norm_matched,6,final,418,0.0,0.0,0.012132920324802399,0.03455617278814316,0.007660418748855591,0.0,0.0,1.0,0.0,1.0,0.004472501575946808,-0.02242325246334076
test:684,Qwen3-8B,48,conflict,norm_matched,6,final,220,0.0,0.0,0.01849757321178913,0.02408626303076744,0.04044317454099655,0.0,0.0,0.0,0.0,0.0,-0.02194560132920742,-0.00558868981897831
test:158,Qwen3-8B,48,conflict,norm_matched,6,final,439,0.0,0.0,0.03218252956867218,0.04516735300421715,0.04767586290836334,0.0,0.0,0.0,0.0,0.0,-0.015493333339691162,-0.012984823435544968
test:295,Qwen3-8B,48,conflict,norm_matched,6,final,13,0.0,0.0,0.050879452377557755,0.0335477776825428,0.01442804466933012,0.0,0.0,1.0,0.0,1.0,0.036451407708227634,0.017331674695014954
test:1988,Qwen3-8B,48,conflict,norm_matched,6,final,44,0.0,0.0,0.028209540992975235,0.027458572760224342,0.02487342618405819,0.0,0.0,1.0,0.0,1.0,0.0033361148089170456,0.0007509682327508926
test:1735,Qwen3-8B,48,conflict,norm_matched,6,final,643,0.0,0.0,0.021750302985310555,0.022884024307131767,0.015983950346708298,0.0,0.0,1.0,0.0,1.0,0.005766352638602257,-0.0011337213218212128
test:179,Qwen3-8B,48,conflict,norm_matched,6,final,189,0.0,0.0,0.057936783879995346,0.0593220479786396,0.0046952576376497746,0.0,0.0,1.0,0.0,1.0,0.05324152624234557,-0.0013852640986442566
test:1458,Qwen3-8B,48,conflict,norm_matched,6,final,12,0.0,0.0,0.03262394666671753,0.03792406618595123,-0.013834042474627495,0.0,0.0,1.0,0.0,1.0,0.046457989141345024,-0.005300119519233704
