model,seed,regime,condition,phase,cumulative_target_tokens,alignment_accuracy,alignment_margin_mean,alignment_margin_median,chosen_mean_logp,rejected_mean_logp,alignment_pairs,shift_nll,shift_perplexity,shift_eval_tokens,l2_drift,relative_l2_drift,control_alignment_loss_pre,phase_train_loss,phase_target_tokens_actual,raw_first_order_alignment_change,constructed_first_order_alignment_change,post_first_order_alignment_change,raw_update_alignment_descent_cosine,post_update_alignment_descent_cosine,raw_update_norm,post_update_norm,retained_update_norm_ratio,intervention_norm,coordinate_killed_fraction,positive_coordinate_risk_fraction,positive_coordinate_risk_sum,global_projection_activated,bf16_quantization_bound,constraint_tolerance
Qwen3-14B,42,benign,coordinate_mortality,0,0,0.4971775710582733,-0.017942901700735092,-0.005354046821594238,-2.3270668983459473,-2.309124231338501,2303,2.5986095455555107,13.44503032973152,577662,0.0,0.0,,,,,,,,,,,,,,,,,,
Qwen3-14B,42,benign,coordinate_mortality,1,819200,0.4971775710582733,-0.011857407167553902,-0.008173465728759766,-2.340280532836914,-2.328423023223877,2303,2.486048674001568,12.013712118858392,577662,2.3959949016571045,0.08148989081382751,0.7762849741429091,2.479956662141194,819200.0,-0.021820323541760445,-0.06626518070697784,-0.06626518070697784,0.059832774102687836,0.23633447289466858,3.1163742542266846,2.3959949016571045,0.7688405513763428,1.9927359819412231,0.45768314599990845,0.45768314599990845,0.04444485530257225,0.0,0.0013599346857517958,0.001360888360068202
Qwen3-14B,42,benign,coordinate_mortality,2,1638400,0.5036908388137817,0.013582708314061165,0.008309364318847656,-2.1733686923980713,-2.186951160430908,2303,2.4540041398830543,11.634841103388597,577662,3.3586859703063965,0.11423186212778091,0.7472360453382134,2.4279923492795206,819200.0,0.0022719204425811768,-0.032511353492736816,-0.032511353492736816,-0.00858771987259388,0.1784483641386032,2.3697097301483154,1.6319332122802734,0.6886637806892395,1.718230962753296,0.5033611059188843,0.5033611059188843,0.03478327393531799,0.0,0.0008748496184125543,0.0008758032927289605
Qwen3-14B,42,benign,coordinate_mortality,3,2457600,0.5240989923477173,0.038299914449453354,0.036099910736083984,-2.298562526702881,-2.336862802505493,2303,2.4363041647637913,11.430716534377778,577662,4.521176338195801,0.15376918017864227,0.7312166134268046,2.4280759392722393,819200.0,0.0035645815078169107,-0.01974514313042164,-0.01974514313042164,-0.020845646038651466,0.15242300927639008,2.103313684463501,1.5933846235275269,0.7575591802597046,1.3729727268218994,0.47746214270591736,0.47746214270591736,0.023309724405407906,0.0,0.0008250448736362159,0.0008259985479526222
Qwen3-14B,42,benign,coordinate_mortality,4,3276800,0.5353885889053345,0.060320548713207245,0.05092954635620117,-2.338762044906616,-2.399082660675049,2303,2.429033417046322,11.34790808270385,577662,5.423408508300781,0.18445488810539246,0.7135102466866374,2.416047893683426,819200.0,0.008071276359260082,-0.015431944280862808,-0.015431944280862808,-0.051984988152980804,0.1347474604845047,1.761372447013855,1.299232840538025,0.7376253008842468,1.189296841621399,0.49234238266944885,0.49234238266944885,0.023503221571445465,0.0,0.0008426777785643935,0.0008436314528807998
Qwen3-14B,42,benign,coordinate_mortality,5,4096000,0.5597047209739685,0.11669886857271194,0.0895233154296875,-2.8410446643829346,-2.9577436447143555,2303,2.423934091621701,11.290188696541753,577662,6.1247758865356445,0.20830900967121124,0.6973136631771922,2.4074283552521956,819200.0,0.012783043086528778,-0.016769597306847572,-0.016769597306847572,-0.06999319046735764,0.12916405498981476,1.5632264614105225,1.111282229423523,0.7108901143074036,1.0994219779968262,0.5017549991607666,0.5017549991607666,0.0295526385307312,0.0,0.001158048864454031,0.0011590025387704372
Qwen3-14B,42,benign,coordinate_mortality,6,4915200,0.5853234529495239,0.21338465809822083,0.17568683624267578,-3.7156484127044678,-3.929032564163208,2303,2.4186933869240903,11.23117492354919,577662,6.678194046020508,0.22713124752044678,0.6745158571004868,2.3940825165138815,819200.0,0.02027367800474167,-0.030176527798175812,-0.030176527798175812,-0.06386777013540268,0.13647142052650452,1.451936960220337,1.0114035606384277,0.6965891718864441,1.0417214632034302,0.5077083706855774,0.5077083706855774,0.05045020580291748,0.0,0.0021795115899294615,0.0021804652642458677
Qwen3-14B,42,benign,global_projection,0,0,0.4971775710582733,-0.017942901700735092,-0.005354046821594238,-2.3270668983459473,-2.309124231338501,2303,2.5986095455555107,13.44503032973152,577662,0.0,0.0,,,,,,,,,,,,,,,,,,
Qwen3-14B,42,benign,global_projection,1,819200,0.48588794469833374,-0.02241545543074608,-0.017469048500061035,-2.2164597511291504,-2.194044589996338,2303,2.4532870470074846,11.6265008324568,577662,3.1163742542266846,0.10599062591791153,0.7762849741429091,2.479956662141194,819200.0,-0.021820323541760445,-0.021820323541760445,-0.021820323541760445,0.059832774102687836,0.059832774102687836,3.1163742542266846,3.1163742542266846,1.0,0.0,0.0,0.45768314599990845,0.04444485530257225,0.0,0.001384142437018454,0.0013850961113348603
Qwen3-14B,42,benign,global_projection,2,1638400,0.4928354322910309,-0.023379210382699966,-0.013989925384521484,-2.1896655559539795,-2.166285991668701,2303,2.4246403388181044,11.298165177007489,577662,4.689293384552002,0.15948699414730072,0.7662935106828809,2.416046544029523,819200.0,-0.0016450444236397743,-0.0016450444236397743,-0.0016450444236397743,0.007377025671303272,0.007377025671303272,2.06320858001709,2.06320858001709,1.0,0.0,0.0,0.49821048974990845,0.027069050818681717,0.0,0.0009183879592455924,0.0009193416335619986
Qwen3-14B,42,benign,global_projection,3,2457600,0.4945722818374634,-0.02065235562622547,-0.011060476303100586,-2.1667659282684326,-2.146113634109497,2303,2.4121433477312153,11.157850688078335,577662,5.763609409332275,0.19602541625499725,0.7673781353980302,2.4141506267065416,819200.0,-0.001304706558585167,-0.001304706558585167,-0.001304706558585167,0.006801137700676918,0.006801137700676918,1.5957483053207397,1.5957483053207397,1.0,0.0,0.0,0.49899598956108093,0.0213494673371315,0.0,0.001050296239554882,0.0010512499138712883
Qwen3-14B,42,benign,global_projection,4,3276800,0.4950065016746521,-0.019602106884121895,-0.008646368980407715,-2.155604362487793,-2.1360020637512207,2303,2.4032197628009815,11.058725593205583,577662,6.554716110229492,0.2229316532611847,0.7672594927623868,2.4012136156129418,819200.0,-0.0015162252821028233,-0.0015162252821028233,-0.0015162252821028233,0.007880416698753834,0.007880416698753834,1.3987435102462769,1.3987435102462769,1.0,0.0,0.0,0.4980712831020355,0.020963769406080246,0.0,0.001213177340105176,0.0012141310144215822
Qwen3-14B,42,benign,global_projection,5,4096000,0.49370384216308594,-0.018763160333037376,-0.011740922927856445,-2.147141695022583,-2.1283786296844482,2303,2.3971367221885647,10.991659107186745,577662,7.165291786193848,0.2436978667974472,0.7660552893579006,2.3907359625186655,819200.0,-0.0008371258154511452,-0.0008371258154511452,-0.0008371258154511452,0.004785916768014431,0.004785916768014431,1.2348461151123047,1.2348461151123047,1.0,0.0,0.0,0.4991550147533417,0.020654600113630295,0.0,0.0012836144305765629,0.0012845681048929691
Qwen3-14B,42,benign,global_projection,6,4915200,0.4893617033958435,-0.02081790193915367,-0.01677107810974121,-2.1479012966156006,-2.1270833015441895,2303,2.3924803879420407,10.940597241275203,577662,7.658729553222656,0.260480135679245,0.7655366004630924,2.376441820563341,819200.0,0.0006587777170352638,-1.4551915228366852e-11,0.0,-0.0037613336462527514,0.0,1.158945083618164,1.158936858177185,0.9999929070472717,0.004359179642051458,0.0,0.5013617873191833,0.021838590502738953,1.0,0.0014114612713456154,0.0014124149456620216
Qwen3-14B,42,benign,unconstrained,0,0,0.4971775710582733,-0.017942901700735092,-0.005354046821594238,-2.3270668983459473,-2.309124231338501,2303,2.5986095455555107,13.44503032973152,577662,0.0,0.0,,,,,,,,,,,,,,,,,,
Qwen3-14B,42,benign,unconstrained,1,819200,0.48588794469833374,-0.02241545543074608,-0.017469048500061035,-2.2164597511291504,-2.194044589996338,2303,2.4532870470074846,11.6265008324568,577662,3.1163742542266846,0.10599062591791153,0.7762849741429091,2.479956662141194,819200.0,-0.021820323541760445,-0.021820323541760445,-0.021820323541760445,0.059832774102687836,0.059832774102687836,3.1163742542266846,3.1163742542266846,1.0,0.0,0.0,0.45768314599990845,0.04444485530257225,0.0,0.001384142437018454,0.0013850961113348603
Qwen3-14B,42,benign,unconstrained,2,1638400,0.4928354322910309,-0.023379210382699966,-0.013989925384521484,-2.1896655559539795,-2.166285991668701,2303,2.4246403388181044,11.298165177007489,577662,4.689293384552002,0.15948699414730072,0.7662935106828809,2.416046544029523,819200.0,-0.0016450444236397743,-0.0016450444236397743,-0.0016450444236397743,0.007377025671303272,0.007377025671303272,2.06320858001709,2.06320858001709,1.0,0.0,0.0,0.49821048974990845,0.027069050818681717,0.0,0.0009183879592455924,0.0009193416335619986
Qwen3-14B,42,benign,unconstrained,3,2457600,0.4945722818374634,-0.02065235562622547,-0.011060476303100586,-2.1667659282684326,-2.146113634109497,2303,2.4121433477312153,11.157850688078335,577662,5.763609409332275,0.19602541625499725,0.7673781353980302,2.4141506267065416,819200.0,-0.001304706558585167,-0.001304706558585167,-0.001304706558585167,0.006801137700676918,0.006801137700676918,1.5957483053207397,1.5957483053207397,1.0,0.0,0.0,0.49899598956108093,0.0213494673371315,0.0,0.001050296239554882,0.0010512499138712883
Qwen3-14B,42,benign,unconstrained,4,3276800,0.4950065016746521,-0.019602106884121895,-0.008646368980407715,-2.155604362487793,-2.1360020637512207,2303,2.4032197628009815,11.058725593205583,577662,6.554716110229492,0.2229316532611847,0.7672594927623868,2.4012136156129418,819200.0,-0.0015162252821028233,-0.0015162252821028233,-0.0015162252821028233,0.007880416698753834,0.007880416698753834,1.3987435102462769,1.3987435102462769,1.0,0.0,0.0,0.4980712831020355,0.020963769406080246,0.0,0.001213177340105176,0.0012141310144215822
Qwen3-14B,42,benign,unconstrained,5,4096000,0.49370384216308594,-0.018763160333037376,-0.011740922927856445,-2.147141695022583,-2.1283786296844482,2303,2.3971367221885647,10.991659107186745,577662,7.165291786193848,0.2436978667974472,0.7660552893579006,2.3907359625186655,819200.0,-0.0008371258154511452,-0.0008371258154511452,-0.0008371258154511452,0.004785916768014431,0.004785916768014431,1.2348461151123047,1.2348461151123047,1.0,0.0,0.0,0.4991550147533417,0.020654600113630295,0.0,0.0012836144305765629,0.0012845681048929691
Qwen3-14B,42,benign,unconstrained,6,4915200,0.4889274835586548,-0.021496903151273727,-0.015947461128234863,-2.148451328277588,-2.1269543170928955,2303,2.392445270713156,10.940213044563746,577662,7.658804893493652,0.26048269867897034,0.7655366004630924,2.376441820563341,819200.0,0.0006587777170352638,0.0006587777170352638,0.0006587777170352638,-0.0037613336462527514,-0.0037613336462527514,1.158945083618164,1.158945083618164,1.0,0.0,0.0,0.5013617873191833,0.021838590502738953,0.0,0.001411345205269754,0.0014122988795861602
Qwen3-14B,42,conflict,coordinate_mortality,0,0,0.4971775710582733,-0.017942901700735092,-0.005354046821594238,-2.3270668983459473,-2.309124231338501,2303,2.270579826743152,9.68501481693974,109575,0.0,0.0,,,,,,,,,,,,,,,,,,
Qwen3-14B,42,conflict,coordinate_mortality,1,819200,0.5071645379066467,0.01079549826681614,0.014375686645507812,-2.1880805492401123,-2.198876142501831,2303,2.2088084728772746,9.104861238104977,109575,5.4399566650390625,0.18501770496368408,0.7762849741429091,1.945047697026166,819200.0,-0.04536430910229683,-0.10191880166530609,-0.10191880166530609,0.06301334500312805,0.16009819507598877,6.1519012451171875,5.4399566650390625,0.8842724561691284,2.8727619647979736,0.3654273450374603,0.3654273450374603,0.05655448138713837,0.0,0.001416136510670185,0.0014170901849865913
Qwen3-14B,42,conflict,coordinate_mortality,2,1638400,0.5154146552085876,0.022030241787433624,0.027075529098510742,-1.8965647220611572,-1.9185948371887207,2303,1.9492562036951628,7.023461612507802,109575,7.070748329162598,0.240482360124588,0.732702672816813,1.917151923338097,819200.0,-0.03319596126675606,-0.07471940666437149,-0.07471940666437149,0.05662388727068901,0.16635707020759583,3.593780994415283,2.7533295154571533,0.7661372423171997,2.309640407562256,0.43971338868141174,0.43971338868141174,0.041523441672325134,0.0,0.001155702630057931,0.0011566563043743372
Qwen3-14B,42,conflict,coordinate_mortality,3,2457600,0.5258358716964722,0.059490472078323364,0.039055585861206055,-2.0731546878814697,-2.1326448917388916,2303,2.2059708171464143,9.079061399276549,109575,8.486225128173828,0.28862395882606506,0.7319999917224049,1.8971142617301666,819200.0,0.00903695821762085,-0.06246926635503769,-0.06246926635503769,-0.011931443586945534,0.10841482132673264,3.0517914295196533,2.3216850757598877,0.7607613801956177,1.9807093143463135,0.4742904305458069,0.4742904305458069,0.07150623202323914,0.0,0.0018220596248283982,0.0018230132991448045
Qwen3-14B,42,conflict,coordinate_mortality,4,3276800,0.5475466847419739,0.08824700117111206,0.07297825813293457,-2.048185110092163,-2.13643217086792,2303,2.2522091821717964,9.508719142657954,109575,9.31320571899414,0.31675031781196594,0.7038053265586496,1.8976930818970141,819200.0,0.028741896152496338,-0.02207564190030098,-0.02207564190030098,-0.06940414756536484,0.08149614930152893,2.627159357070923,1.718433141708374,0.6541031002998352,1.9871973991394043,0.5408968329429626,0.5408968329429626,0.05081753432750702,0.0,0.001188054564408958,0.0011890082387253642
Qwen3-14B,42,conflict,coordinate_mortality,5,4096000,0.570560097694397,0.2264011949300766,0.19701433181762695,-3.8698630332946777,-4.096264362335205,2303,4.384676422042551,80.21226409265054,109575,10.229677200317383,0.347920298576355,0.6834881678968668,1.8881508516645409,819200.0,0.06683237850666046,-0.03736139088869095,-0.03736139088869095,-0.0722399577498436,0.06053510308265686,2.540426015853882,1.6947782039642334,0.6671236157417297,1.892482876777649,0.5504021048545837,0.5504021048545837,0.10419376939535141,0.0,0.00248571764677763,0.002486671321094036
Qwen3-14B,42,conflict,coordinate_mortality,6,4915200,0.5184541940689087,0.02405698411166668,0.02684807777404785,-1.8775634765625,-1.9016205072402954,2303,1.9345783199003073,6.9211249393005625,109575,10.865625381469727,0.3695494532585144,0.6860616430453956,1.9046968883297815,819200.0,-0.09448038786649704,-0.22023169696331024,-0.22023169696331024,0.04293818026781082,0.13501104712486267,2.411834239959717,1.7879688739776611,0.7413315773010254,1.6186758279800415,0.4608841836452484,0.4608841836452484,0.1257513165473938,0.0,0.005936299450695515,0.005937855096135536
Qwen3-14B,42,conflict,global_projection,0,0,0.4971775710582733,-0.017942901700735092,-0.005354046821594238,-2.3270668983459473,-2.309124231338501,2303,2.270579826743152,9.68501481693974,109575,0.0,0.0,,,,,,,,,,,,,,,,,,
Qwen3-14B,42,conflict,global_projection,1,819200,0.49804601073265076,-0.013256351463496685,-0.0027844905853271484,-1.8900049924850464,-1.8767486810684204,2303,1.9126007628740036,6.770674839812372,109575,6.1519012451171875,0.20923157036304474,0.7762849741429091,1.945047697026166,819200.0,-0.04536430910229683,-0.04536430910229683,-0.04536430910229683,0.06301334500312805,0.06301334500312805,6.1519012451171875,6.1519012451171875,1.0,0.0,0.0,0.3654273450374603,0.05655448138713837,0.0,0.0014745311345905066,0.0014754848089069128
Qwen3-14B,42,conflict,global_projection,2,1638400,0.5010855197906494,-0.010129018686711788,0.0019297599792480469,-1.8712340593338013,-1.8611048460006714,2303,1.8949636536549683,6.652306613207361,109575,8.06792163848877,0.2743971049785614,0.7597010725736618,1.900842549582012,819200.0,-0.003688270226120949,-0.003688270226120949,-0.003688270226120949,0.00509800435975194,0.00509800435975194,2.916656017303467,2.916656017303467,1.0,0.0,0.0,0.4661006033420563,0.06199305132031441,0.0,0.0018977411091327667,0.001898694783449173
Qwen3-14B,42,conflict,global_projection,3,2457600,0.4993486702442169,-0.014395073987543583,-0.0023235082626342773,-1.8704216480255127,-1.856026291847229,2303,1.8854075668164374,6.58903936863326,109575,9.508988380432129,0.3234090507030487,0.7585915169492364,1.8838454423523217,819200.0,-0.0010422882623970509,-0.0010422882623970509,-0.0010422882623970509,0.001187050947919488,0.001187050947919488,2.4313437938690186,2.4313437938690186,1.0,0.0,0.0,0.4877781569957733,0.07006344199180603,0.0,0.0027798712253570557,0.002780824899673462
Qwen3-14B,42,conflict,global_projection,4,3276800,0.4971775710582733,-0.017052974551916122,-0.00535893440246582,-1.8690248727798462,-1.8519716262817383,2303,1.8802853221575637,6.555374989119671,109575,10.655529975891113,0.362403929233551,0.7597730318084359,1.8776668339507887,819200.0,0.001171272830106318,1.4551915228366852e-11,3.637978807091713e-11,-0.0010878456523641944,-3.378855181757068e-11,2.1158103942871094,2.115809202194214,0.999999463558197,0.002301675034686923,0.0,0.49466410279273987,0.08338505774736404,1.0,0.004001161549240351,0.0040021883605732
Qwen3-14B,42,conflict,global_projection,5,4096000,0.4984802305698395,-0.019840696826577187,-0.003152608871459961,-1.8716182708740234,-1.8517776727676392,2303,1.8769352113278577,6.53345050161267,109575,11.728395462036133,0.3988930284976959,0.7602239493280649,1.8662549886200577,819200.0,0.00021651269344147295,-8.731149137020111e-11,-5.820766091346741e-11,-0.0001886906975414604,5.07279530881366e-11,2.0064597129821777,2.0064594745635986,0.9999998807907104,0.0003786010784097016,0.0,0.4972885549068451,0.08576437085866928,1.0,0.004693222232162952,0.004694316523341513
Qwen3-14B,42,conflict,global_projection,6,4915200,0.4954407215118408,-0.020202334970235825,-0.005082249641418457,-1.870756983757019,-1.8505544662475586,2303,1.8746670325433938,6.518648261205405,109575,12.687417984008789,0.43151023983955383,0.7609272641688585,1.8605414264425053,819200.0,-0.00019035313744097948,-0.00019035313744097948,-0.00019035313744097948,0.00017322093481197953,0.00017322093481197953,1.9026548862457275,1.9026548862457275,1.0,0.0,0.0,0.5000852346420288,0.08173108845949173,0.0,0.004941447637975216,0.0049424956342818405
Qwen3-14B,42,conflict,unconstrained,0,0,0.4971775710582733,-0.017942901700735092,-0.005354046821594238,-2.3270668983459473,-2.309124231338501,2303,2.270579826743152,9.68501481693974,109575,0.0,0.0,,,,,,,,,,,,,,,,,,
Qwen3-14B,42,conflict,unconstrained,1,819200,0.49804601073265076,-0.013256351463496685,-0.0027844905853271484,-1.8900049924850464,-1.8767486810684204,2303,1.9126007628740036,6.770674839812372,109575,6.1519012451171875,0.20923157036304474,0.7762849741429091,1.945047697026166,819200.0,-0.04536430910229683,-0.04536430910229683,-0.04536430910229683,0.06301334500312805,0.06301334500312805,6.1519012451171875,6.1519012451171875,1.0,0.0,0.0,0.3654273450374603,0.05655448138713837,0.0,0.0014745311345905066,0.0014754848089069128
Qwen3-14B,42,conflict,unconstrained,2,1638400,0.5010855197906494,-0.010129018686711788,0.0019297599792480469,-1.8712340593338013,-1.8611048460006714,2303,1.8949636536549683,6.652306613207361,109575,8.06792163848877,0.2743971049785614,0.7597010725736618,1.900842549582012,819200.0,-0.003688270226120949,-0.003688270226120949,-0.003688270226120949,0.00509800435975194,0.00509800435975194,2.916656017303467,2.916656017303467,1.0,0.0,0.0,0.4661006033420563,0.06199305132031441,0.0,0.0018977411091327667,0.001898694783449173
Qwen3-14B,42,conflict,unconstrained,3,2457600,0.4993486702442169,-0.014395073987543583,-0.0023235082626342773,-1.8704216480255127,-1.856026291847229,2303,1.8854075668164374,6.58903936863326,109575,9.508988380432129,0.3234090507030487,0.7585915169492364,1.8838454423523217,819200.0,-0.0010422882623970509,-0.0010422882623970509,-0.0010422882623970509,0.001187050947919488,0.001187050947919488,2.4313437938690186,2.4313437938690186,1.0,0.0,0.0,0.4877781569957733,0.07006344199180603,0.0,0.0027798712253570557,0.002780824899673462
Qwen3-14B,42,conflict,unconstrained,4,3276800,0.4945722818374634,-0.018557831645011902,-0.007593393325805664,-1.872223138809204,-1.8536652326583862,2303,1.8801496398772601,6.554485601231355,109575,10.655555725097656,0.36240482330322266,0.7597730318084359,1.8776668339507887,819200.0,0.001171272830106318,0.001171272830106318,0.001171272830106318,-0.0010878456523641944,-0.0010878456523641944,2.1158103942871094,2.1158103942871094,1.0,0.0,0.0,0.49466410279273987,0.08338505774736404,0.0,0.004001319408416748,0.0040023462203180316
Qwen3-14B,42,conflict,unconstrained,5,4096000,0.4971775710582733,-0.020151328295469284,-0.007149457931518555,-1.8720396757125854,-1.8518880605697632,2303,1.8768402371155244,6.53283002176272,109575,11.730121612548828,0.3989517390727997,0.7615668704733253,1.8663030177705513,819200.0,-0.0010391836985945702,-0.0010391836985945702,-0.0010391836985945702,0.0008872554753907025,0.0008872554753907025,2.0031113624572754,2.0031113624572754,1.0,0.0,0.0,0.4976870119571686,0.08691941946744919,0.0,0.004810934886336327,0.004812051862018052
Qwen3-14B,42,conflict,unconstrained,6,4915200,0.4954407215118408,-0.020006567239761353,-0.004453778266906738,-1.8706845045089722,-1.8506778478622437,2303,1.874634158504137,6.518433970428886,109575,12.687673568725586,0.43151891231536865,0.7608906850963831,1.8605550529665198,819200.0,-0.0006711387541145086,-0.0006711387541145086,-0.0006711387541145086,0.000612535746768117,0.000612535746768117,1.8990247249603271,1.8990247249603271,1.0,0.0,0.0,0.4996302127838135,0.08138114213943481,0.0,0.004929219372570515,0.0049302642876227765
Qwen3-14B,43,benign,coordinate_mortality,0,0,0.49413806200027466,-0.01974041946232319,-0.013369321823120117,-2.336305856704712,-2.3165652751922607,2303,2.600349816811399,13.468448700797612,577662,0.0,0.0,,,,,,,,,,,,,,,,,,
Qwen3-14B,43,benign,coordinate_mortality,1,819200,0.49761179089546204,-0.014161517843604088,-0.002747774124145508,-2.3196847438812256,-2.305523157119751,2303,2.4861480694822946,12.014906286896224,577662,2.4143567085266113,0.08214449882507324,0.7811033734492958,2.4790877542851377,819200.0,-0.02533404715359211,-0.07381429523229599,-0.07381429523229599,0.06202623248100281,0.2342103272676468,3.128932476043701,2.4143567085266113,0.7716231346130371,1.9902513027191162,0.4562647342681885,0.4562647342681885,0.04848024994134903,0.0,0.001533582340925932,0.0015345360152423382
Qwen3-14B,43,benign,coordinate_mortality,2,1638400,0.5080329775810242,0.011997455731034279,0.011081218719482422,-2.176098108291626,-2.1880955696105957,2303,2.4535026986004036,11.629008376249582,577662,3.39274263381958,0.11543246358633041,0.7489581174403429,2.455363992683124,819200.0,0.0014752052957192063,-0.030395587906241417,-0.030395587906241417,-0.006055120844393969,0.17976228892803192,2.388101577758789,1.657429575920105,0.6940364837646484,1.7192896604537964,0.5009497404098511,0.5009497404098511,0.03187078982591629,0.0,0.0008000785601325333,0.0008010322344489396
Qwen3-14B,43,benign,coordinate_mortality,3,2457600,0.5219278931617737,0.03530813381075859,0.034793853759765625,-2.300321102142334,-2.3356292247772217,2303,2.436649890122814,11.434669106168297,577662,4.57779598236084,0.15575194358825684,0.7316551590338349,2.414587161738309,819200.0,0.004505525808781385,-0.01837448589503765,-0.01837448589503765,-0.028052879497408867,0.15115399658679962,2.1009521484375,1.5901705026626587,0.7568808794021606,1.373083233833313,0.4790055751800537,0.4790055751800537,0.022880012169480324,0.0,0.0007919464260339737,0.0007929001003503799
Qwen3-14B,43,benign,coordinate_mortality,4,3276800,0.5366912484169006,0.056760720908641815,0.05537271499633789,-2.314093589782715,-2.370854377746582,2303,2.4288798468445054,11.346165515975981,577662,5.516399383544922,0.18768638372421265,0.714369003623724,2.4166641625537886,819200.0,0.00805569440126419,-0.015548203140497208,-0.015548203140497208,-0.0511324517428875,0.1334649920463562,1.8035887479782104,1.3336565494537354,0.7394460439682007,1.2142045497894287,0.4898684024810791,0.4898684024810791,0.02360389567911625,0.0,0.0008339798077940941,0.0008349334821105003
Qwen3-14B,43,benign,coordinate_mortality,5,4096000,0.5540599226951599,0.10695788264274597,0.08418941497802734,-2.7598729133605957,-2.866830348968506,2303,2.4239701551320776,11.290595867720931,577662,6.210256099700928,0.21129371225833893,0.6986943193897605,2.4125400925391296,819200.0,0.011997060850262642,-0.01617325469851494,-0.01617325469851494,-0.06907463073730469,0.13178007304668427,1.5636730194091797,1.1049364805221558,0.7066288590431213,1.1064306497573853,0.50384122133255,0.50384122133255,0.02817031741142273,0.0,0.0011039754608646035,0.0011049291351810098
Qwen3-14B,43,benign,coordinate_mortality,6,4915200,0.5835866332054138,0.190551295876503,0.15534543991088867,-3.3490679264068604,-3.539619207382202,2303,2.4187179183948073,11.231450444167393,577662,6.781032085418701,0.23071342706680298,0.6782753596082329,2.4132480176465467,819200.0,0.01911494880914688,-0.027503371238708496,-0.027503371238708496,-0.06320856511592865,0.13021574914455414,1.4889025688171387,1.0398998260498047,0.6984337568283081,1.0655698776245117,0.507282018661499,0.507282018661499,0.046618323773145676,0.0,0.0019939555786550045,0.0019949092529714108
Qwen3-14B,43,benign,global_projection,0,0,0.49413806200027466,-0.01974041946232319,-0.013369321823120117,-2.336305856704712,-2.3165652751922607,2303,2.600349816811399,13.468448700797612,577662,0.0,0.0,,,,,,,,,,,,,,,,,,
Qwen3-14B,43,benign,global_projection,1,819200,0.48588794469833374,-0.024598224088549614,-0.02213311195373535,-2.217272996902466,-2.1926746368408203,2303,2.453359703168224,11.627345600058533,577662,3.128932476043701,0.10645676404237747,0.7811033734492958,2.4790877542851377,819200.0,-0.02533404715359211,-0.02533404715359211,-0.02533404715359211,0.06202623248100281,0.06202623248100281,3.128932476043701,3.128932476043701,1.0,0.0,0.0,0.4562647342681885,0.04848024994134903,0.0,0.0015577219892293215,0.0015586756635457277
Qwen3-14B,43,benign,global_projection,2,1638400,0.48979589343070984,-0.024183811619877815,-0.01984715461730957,-2.184061050415039,-2.159877061843872,2303,2.424547279915499,11.297113831073968,577662,4.757566452026367,0.16186834871768951,0.7685372381657362,2.4433696544502164,819200.0,-0.0029850227292627096,-0.0029850227292627096,-0.0029850227292627096,0.012304238975048065,0.012304238975048065,2.1192357540130615,2.1192357540130615,1.0,0.0,0.0,0.49757441878318787,0.028184467926621437,0.0,0.0009712750324979424,0.0009722287068143487
Qwen3-14B,43,benign,global_projection,3,2457600,0.48849326372146606,-0.023440808057785034,-0.01537466049194336,-2.1701903343200684,-2.146749258041382,2303,2.412403898035313,11.160758248234584,577662,5.833359718322754,0.19847042858600616,0.768570399209857,2.4005162143887717,819200.0,0.00026066580903716385,-7.275957614183426e-12,-2.1827872842550278e-11,-0.0012872652150690556,1.0779428044616068e-10,1.5997769832611084,1.5997756719589233,0.9999991655349731,0.0020593369845300913,0.0,0.5031496286392212,0.023302767425775528,1.0,0.0011034253984689713,0.0011043790727853775
Qwen3-14B,43,benign,global_projection,4,3276800,0.48979589343070984,-0.021978730335831642,-0.014077425003051758,-2.162078380584717,-2.1400997638702393,2303,2.4033862876344645,11.060567298984145,577662,6.660716533660889,0.2266198843717575,0.7699465658143163,2.4016100034443664,819200.0,-0.00028755125822499394,-0.00028755125822499394,-0.00028755125822499394,0.0013585047563537955,0.0013585047563537955,1.4189585447311401,1.4189585447311401,1.0,0.0,0.0,0.501480758190155,0.023107653483748436,0.0,0.0013048609253019094,0.0013058145996183157
Qwen3-14B,43,benign,global_projection,5,4096000,0.48979589343070984,-0.021563759073615074,-0.012235045433044434,-2.1509647369384766,-2.1294009685516357,2303,2.3973887221483703,10.99442935387632,577662,7.251307964324951,0.246713787317276,0.7699903155490756,2.3957291887271275,819200.0,-0.0013174163177609444,-0.0013174163177609444,-0.0013174163177609444,0.006478009279817343,0.006478009279817343,1.2304518222808838,1.2304518222808838,1.0,0.0,0.0,0.4966489374637604,0.023466341197490692,0.0,0.0015000600833445787,0.001501013757660985
Qwen3-14B,43,benign,global_projection,6,4915200,0.49240121245384216,-0.02236136421561241,-0.011238336563110352,-2.1500158309936523,-2.1276543140411377,2303,2.3927737926831023,10.943807735339899,577662,7.750948429107666,0.26371321082115173,0.7687719802558423,2.3953642162278994,819200.0,0.000576161197386682,1.4551915228366852e-11,2.546585164964199e-11,-0.0028912208508700132,-1.2779011182573186e-10,1.169173240661621,1.1691683530807495,0.9999958276748657,0.0033803381957113743,0.0,0.5022324919700623,0.024050233885645866,1.0,0.0015626074746251106,0.0015635611489415169
Qwen3-14B,43,benign,unconstrained,0,0,0.49413806200027466,-0.01974041946232319,-0.013369321823120117,-2.336305856704712,-2.3165652751922607,2303,2.600349816811399,13.468448700797612,577662,0.0,0.0,,,,,,,,,,,,,,,,,,
Qwen3-14B,43,benign,unconstrained,1,819200,0.48588794469833374,-0.024598224088549614,-0.02213311195373535,-2.217272996902466,-2.1926746368408203,2303,2.453359703168224,11.627345600058533,577662,3.128932476043701,0.10645676404237747,0.7811033734492958,2.4790877542851377,819200.0,-0.02533404715359211,-0.02533404715359211,-0.02533404715359211,0.06202623248100281,0.06202623248100281,3.128932476043701,3.128932476043701,1.0,0.0,0.0,0.4562647342681885,0.04848024994134903,0.0,0.0015577219892293215,0.0015586756635457277
Qwen3-14B,43,benign,unconstrained,2,1638400,0.48979589343070984,-0.024183811619877815,-0.01984715461730957,-2.184061050415039,-2.159877061843872,2303,2.424547279915499,11.297113831073968,577662,4.757566452026367,0.16186834871768951,0.7685372381657362,2.4433696544502164,819200.0,-0.0029850227292627096,-0.0029850227292627096,-0.0029850227292627096,0.012304238975048065,0.012304238975048065,2.1192357540130615,2.1192357540130615,1.0,0.0,0.0,0.49757441878318787,0.028184467926621437,0.0,0.0009712750324979424,0.0009722287068143487
Qwen3-14B,43,benign,unconstrained,3,2457600,0.491098552942276,-0.023699479177594185,-0.012542009353637695,-2.1708030700683594,-2.1471033096313477,2303,2.4124405963446183,11.161167836708415,577662,5.833373546600342,0.19847090542316437,0.768570399209857,2.4005162143887717,819200.0,0.00026066580903716385,0.00026066580903716385,0.00026066580903716385,-0.0012872652150690556,-0.0012872652150690556,1.5997769832611084,1.5997769832611084,1.0,0.0,0.0,0.5031496286392212,0.023302767425775528,0.0,0.0011033790651708841,0.0011043327394872904
Qwen3-14B,43,benign,unconstrained,4,3276800,0.48979589343070984,-0.022147536277770996,-0.011187314987182617,-2.162459135055542,-2.1403114795684814,2303,2.403395572097091,11.06066999088458,577662,6.659875392913818,0.22659125924110413,0.7702885020524264,2.4015875826770205,819200.0,-0.00035211112117394805,-0.00035211112117394805,-0.00035211112117394805,0.0016481978818774223,0.0016481978818774223,1.4180805683135986,1.4180805683135986,1.0,0.0,0.0,0.5013611912727356,0.023308593779802322,0.0,0.0013183150440454483,0.0013192687183618546
Qwen3-14B,43,benign,unconstrained,5,4096000,0.49240121245384216,-0.02172980271279812,-0.013634681701660156,-2.1512491703033447,-2.129519462585449,2303,2.397429839959938,10.994881430044915,577662,7.249187469482422,0.2466416358947754,0.7701091270148754,2.3957480098387167,819200.0,-0.0013699112460017204,-0.0013699112460017204,-0.0013699112460017204,0.006714177317917347,0.006714177317917347,1.2299448251724243,1.2299448251724243,1.0,0.0,0.0,0.49655911326408386,0.023544810712337494,0.0,0.001507058274000883,0.0015080119483172894
Qwen3-14B,43,benign,unconstrained,6,4915200,0.48979589343070984,-0.02325437031686306,-0.012816429138183594,-2.15167498588562,-2.12842059135437,2303,2.3927092904343015,10.94310185789611,577662,7.745371341705322,0.2635234594345093,0.768928613550961,2.3954033582500416,819200.0,0.0005575076793320477,0.0005575076793320477,0.0005575076793320477,-0.0027817205991595984,-0.0027817205991595984,1.1683720350265503,1.1683720350265503,1.0,0.0,0.0,0.5019147992134094,0.024162575602531433,0.0,0.0015712101012468338,0.00157216377556324
Qwen3-14B,43,conflict,coordinate_mortality,0,0,0.49413806200027466,-0.01974041946232319,-0.013369321823120117,-2.336305856704712,-2.3165652751922607,2303,2.268341861823202,9.663364329082745,109575,0.0,0.0,,,,,,,,,,,,,,,,,,
Qwen3-14B,43,conflict,coordinate_mortality,1,819200,0.5045592784881592,0.006387777626514435,0.009869694709777832,-2.2163569927215576,-2.2227447032928467,2303,2.227774666836891,9.279193788982194,109575,5.500216484069824,0.18713578581809998,0.7811033734492958,1.9396053749579005,819200.0,-0.0521882027387619,-0.11272965371608734,-0.11272965371608734,0.06455244868993759,0.1570093184709549,6.193364143371582,5.500216484069824,0.8880822062492371,2.8469948768615723,0.3561704158782959,0.3561704158782959,0.06054145097732544,0.0,0.0015986980870366096,0.001599651761353016
Qwen3-14B,43,conflict,coordinate_mortality,2,1638400,0.5136777758598328,0.014947762712836266,0.020272254943847656,-1.8900340795516968,-1.9049816131591797,2303,1.940017194702232,6.9588706253168295,109575,7.209163188934326,0.24527987837791443,0.7364763087406755,1.9135185751054087,819200.0,-0.048834022134542465,-0.09428010880947113,-0.09428010880947113,0.06754101067781448,0.168194979429245,3.723411798477173,2.886643648147583,0.7752684354782104,2.351825475692749,0.426370769739151,0.426370769739151,0.04544608294963837,0.0,0.0014315455919131637,0.00143249926622957
Qwen3-14B,43,conflict,coordinate_mortality,3,2457600,0.5267043113708496,0.05068512633442879,0.034647226333618164,-1.9861079454421997,-2.0367934703826904,2303,2.106646169409642,8.22062441772276,109575,8.56695556640625,0.2914765179157257,0.7366859984397888,1.8924124432645477,819200.0,0.00571080669760704,-0.06401520222425461,-0.06401520222425461,-0.007637023460119963,0.11195625364780426,3.0295770168304443,2.316559314727783,0.7646477818489075,1.9524061679840088,0.47109290957450867,0.47109290957450867,0.06972600519657135,0.0,0.001858806936070323,0.0018597606103867292
Qwen3-14B,43,conflict,coordinate_mortality,4,3276800,0.5410334467887878,0.06906016170978546,0.05668377876281738,-1.9807615280151367,-2.049821615219116,2303,2.1324263780660453,8.43530925021338,109575,9.501546859741211,0.3232744336128235,0.7078288769721985,1.8884692905859266,819200.0,0.022975705564022064,-0.01971314288675785,-0.01971314288675785,-0.06394337117671967,0.08054546266794205,2.6318089962005615,1.7926514148712158,0.6811479926109314,1.9268677234649658,0.524578869342804,0.524578869342804,0.042688846588134766,0.0,0.0010313685052096844,0.0010323221795260906
Qwen3-14B,43,conflict,coordinate_mortality,5,4096000,0.5579678416252136,0.14465180039405823,0.12371945381164551,-2.8254950046539307,-2.970146894454956,2303,3.1604635031767803,23.581523507447862,109575,10.410056114196777,0.35418498516082764,0.6906946524977684,1.8909350126501523,819200.0,0.044398944824934006,-0.02870091050863266,-0.02870091050863266,-0.07176468521356583,0.06753463298082352,2.4680778980255127,1.6953763961791992,0.6869217753410339,1.793629765510559,0.5355015397071838,0.5355015397071838,0.07309986650943756,0.0,0.0017960075056180358,0.001796961179934442
Qwen3-14B,43,conflict,coordinate_mortality,6,4915200,0.5271384716033936,0.042827948927879333,0.03865957260131836,-1.8893171548843384,-1.9321452379226685,2303,1.975134701094561,7.207590458758698,109575,11.030624389648438,0.37529876828193665,0.6773790743201971,1.890448377636785,819200.0,0.017311256378889084,-0.05655569210648537,-0.05655569210648537,-0.02607068605720997,0.12541066110134125,2.329047679901123,1.581772804260254,0.6791500449180603,1.709519863128662,0.522261381149292,0.522261381149292,0.07386694848537445,0.0,0.0022766124457120895,0.002277566120028496
Qwen3-14B,43,conflict,global_projection,0,0,0.49413806200027466,-0.01974041946232319,-0.013369321823120117,-2.336305856704712,-2.3165652751922607,2303,2.268341861823202,9.663364329082745,109575,0.0,0.0,,,,,,,,,,,,,,,,,,
Qwen3-14B,43,conflict,global_projection,1,819200,0.4967433512210846,-0.013806709088385105,-0.006518244743347168,-1.8908458948135376,-1.8770391941070557,2303,1.9123589745325067,6.769037967468338,109575,6.193364143371582,0.21071898937225342,0.7811033734492958,1.9396053749579005,819200.0,-0.0521882027387619,-0.0521882027387619,-0.0521882027387619,0.06455244868993759,0.06455244868993759,6.193364143371582,6.193364143371582,1.0,0.0,0.0,0.3561704158782959,0.06054145097732544,0.0,0.0016651228070259094,0.0016660764813423157
Qwen3-14B,43,conflict,global_projection,2,1638400,0.4967433512210846,-0.012607634998857975,-0.004098176956176758,-1.8727550506591797,-1.8601475954055786,2303,1.8955891236382045,6.656468732817958,109575,8.171246528625488,0.2780131697654724,0.7593364639952779,1.8976830543065444,819200.0,-0.002585252746939659,-0.002585252746939659,-0.002585252746939659,0.0035619556438177824,0.0035619556438177824,2.9545280933380127,2.9545280933380127,1.0,0.0,0.0,0.463477224111557,0.06311190128326416,0.0,0.001958213746547699,0.0019591674208641052
Qwen3-14B,43,conflict,global_projection,3,2457600,0.5019539594650269,-0.01369494665414095,0.0029393434524536133,-1.867714762687683,-1.8540197610855103,2303,1.885782102236268,6.591507659461787,109575,9.548670768737793,0.3248777687549591,0.7593337406590581,1.8798601078175852,819200.0,-0.0030522956512868404,-0.0030522956512868404,-0.0030522956512868404,0.0035816750023514032,0.0035816750023514032,2.4023938179016113,2.4023938179016113,1.0,0.0,0.0,0.481635719537735,0.0702073872089386,0.0,0.002828929340466857,0.002829883014783263
Qwen3-14B,43,conflict,global_projection,4,3276800,0.500217080116272,-0.017274286597967148,0.0007511377334594727,-1.870008111000061,-1.852734088897705,2303,1.8802825349829062,6.555356718170093,109575,10.753628730773926,0.3658744692802429,0.7594013596698642,1.8699491939927975,819200.0,0.0012689395807683468,-1.2369127944111824e-10,-2.6193447411060333e-10,-0.0012893567327409983,2.6614924153456343e-10,2.132530927658081,2.1325290203094482,0.9999991059303284,0.002749593462795019,0.0,0.49468299746513367,0.07639780640602112,1.0,0.0037149477284401655,0.0037159014027565718
Qwen3-14B,43,conflict,global_projection,5,4096000,0.4945722818374634,-0.018619954586029053,-0.009385943412780762,-1.870634913444519,-1.8520148992538452,2303,1.8771056314268642,6.534564027774933,109575,11.801265716552734,0.4015185832977295,0.7601882537826896,1.8703406416661892,819200.0,8.39869026094675e-05,1.1641532182693481e-10,4.0745362639427185e-10,-7.288202323252335e-05,-3.535794990128238e-10,2.0121896266937256,2.0121896266937256,1.0,0.00014665359049104154,0.0,0.4960501194000244,0.08494526892900467,1.0,0.004757232498377562,0.004758331481980349
Qwen3-14B,43,conflict,global_projection,6,4915200,0.4967433512210846,-0.01937551237642765,-0.005706787109375,-1.8706989288330078,-1.8513232469558716,2303,1.8753334832545043,6.522994066946376,109575,12.755362510681152,0.43398013710975647,0.7610063544288278,1.8602198106766445,819200.0,-2.3368600523099303e-05,-2.3368600523099303e-05,-2.3368600523099303e-05,2.1398756871349178e-05,2.1398756871349178e-05,1.9158761501312256,1.9158761501312256,1.0,0.0,0.0,0.49776992201805115,0.08349300175905228,0.0,0.004962918348610401,0.004963959812585017
Qwen3-14B,43,conflict,unconstrained,0,0,0.49413806200027466,-0.01974041946232319,-0.013369321823120117,-2.336305856704712,-2.3165652751922607,2303,2.268341861823202,9.663364329082745,109575,0.0,0.0,,,,,,,,,,,,,,,,,,
Qwen3-14B,43,conflict,unconstrained,1,819200,0.4967433512210846,-0.013806709088385105,-0.006518244743347168,-1.8908458948135376,-1.8770391941070557,2303,1.9123589745325067,6.769037967468338,109575,6.193364143371582,0.21071898937225342,0.7811033734492958,1.9396053749579005,819200.0,-0.0521882027387619,-0.0521882027387619,-0.0521882027387619,0.06455244868993759,0.06455244868993759,6.193364143371582,6.193364143371582,1.0,0.0,0.0,0.3561704158782959,0.06054145097732544,0.0,0.0016651228070259094,0.0016660764813423157
Qwen3-14B,43,conflict,unconstrained,2,1638400,0.4967433512210846,-0.012607634998857975,-0.004098176956176758,-1.8727550506591797,-1.8601475954055786,2303,1.8955891236382045,6.656468732817958,109575,8.171246528625488,0.2780131697654724,0.7593364639952779,1.8976830543065444,819200.0,-0.002585252746939659,-0.002585252746939659,-0.002585252746939659,0.0035619556438177824,0.0035619556438177824,2.9545280933380127,2.9545280933380127,1.0,0.0,0.0,0.463477224111557,0.06311190128326416,0.0,0.001958213746547699,0.0019591674208641052
Qwen3-14B,43,conflict,unconstrained,3,2457600,0.5019539594650269,-0.01369494665414095,0.0029393434524536133,-1.867714762687683,-1.8540197610855103,2303,1.885782102236268,6.591507659461787,109575,9.548670768737793,0.3248777687549591,0.7593337406590581,1.8798601078175852,819200.0,-0.0030522956512868404,-0.0030522956512868404,-0.0030522956512868404,0.0035816750023514032,0.0035816750023514032,2.4023938179016113,2.4023938179016113,1.0,0.0,0.0,0.481635719537735,0.0702073872089386,0.0,0.002828929340466857,0.002829883014783263
Qwen3-14B,43,conflict,unconstrained,4,3276800,0.49761179089546204,-0.0190114825963974,-0.002317070960998535,-1.8742146492004395,-1.8552032709121704,2303,1.8804728050849875,6.55660412523041,109575,10.753657341003418,0.3658754229545593,0.7594013596698642,1.8699491939927975,819200.0,0.0012689395807683468,0.0012689395807683468,0.0012689395807683468,-0.0012893567327409983,-0.0012893567327409983,2.132530927658081,2.132530927658081,1.0,0.0,0.0,0.49468299746513367,0.07639780640602112,0.0,0.0037148892879486084,0.0037158429622650146
Qwen3-14B,43,conflict,unconstrained,5,4096000,0.49413806200027466,-0.018964314833283424,-0.006865143775939941,-1.8706964254379272,-1.8517320156097412,2303,1.8769602627572528,6.533614175936747,109575,11.817055702209473,0.4020557999610901,0.7614733305945992,1.8703820757330687,819200.0,-0.0015619613695889711,-0.0015619613695889711,-0.0015619613695889711,0.0013096140464767814,0.0013096140464767814,2.0178356170654297,2.0178356170654297,1.0,0.0,0.0,0.4963248670101166,0.08722750842571259,0.0,0.004918672144412994,0.004919809580655965
Qwen3-14B,43,conflict,unconstrained,6,4915200,0.4928354322910309,-0.01950679160654545,-0.011269330978393555,-1.8707523345947266,-1.8512452840805054,2303,1.8749534447835565,6.520515549251041,109575,12.76148509979248,0.43418845534324646,0.7612490687519312,1.86016990040167,819200.0,0.00010975345503538847,0.00010975345503538847,0.00010975345503538847,-0.0001005101585178636,-0.0001005101585178636,1.9060618877410889,1.9060618877410889,1.0,0.0,0.0,0.5000683665275574,0.08411230891942978,0.0,0.005012993700802326,0.005014035078602319
Qwen3-14B,44,benign,coordinate_mortality,0,0,0.49240121245384216,-0.02226550318300724,-0.011913061141967773,-2.3411293029785156,-2.318863868713379,2303,2.600623387255707,13.472133774333452,577662,0.0,0.0,,,,,,,,,,,,,,,,,,
Qwen3-14B,44,benign,coordinate_mortality,1,819200,0.49630916118621826,-0.01451148558408022,-0.00894927978515625,-2.3211278915405273,-2.3066163063049316,2303,2.48697495552384,12.024845353866896,577662,2.42141056060791,0.08236800134181976,0.7811919917166233,2.473625286507886,819200.0,-0.025696642696857452,-0.0758916437625885,-0.0758916437625885,0.06128537282347679,0.2347537726163864,3.1405563354492188,2.42141056060791,0.7710132598876953,1.9999661445617676,0.45644861459732056,0.45644861459732056,0.050195008516311646,0.0,0.0015492553357034922,0.0015502090100198984
Qwen3-14B,44,benign,coordinate_mortality,2,1638400,0.5054277181625366,0.011836924590170383,0.007760524749755859,-2.1736505031585693,-2.1854872703552246,2303,2.4535726025569993,11.629821318359971,577662,3.423799514770508,0.11646579951047897,0.7489448395371437,2.4403770967401215,819200.0,0.001305128331296146,-0.030727896839380264,-0.030727896839380264,-0.005251957569271326,0.17782926559448242,2.4074203968048096,1.673977017402649,0.6953405737876892,1.7301660776138306,0.5003555417060852,0.5003555417060852,0.03203302621841431,0.0,0.0008134599192999303,0.0008144135936163366
Qwen3-14B,44,benign,coordinate_mortality,3,2457600,0.5219278931617737,0.0355144627392292,0.03629958629608154,-2.2873291969299316,-2.322843551635742,2303,2.4366982785375573,11.43522242506646,577662,4.608815670013428,0.15677595138549805,0.7317733154073358,2.4204961289887432,819200.0,0.004276454448699951,-0.018887920305132866,-0.018887920305132866,-0.02564222924411297,0.14955149590969086,2.110410690307617,1.598204255104065,0.7572953701019287,1.378251314163208,0.47912174463272095,0.47912174463272095,0.023164374753832817,0.0,0.0008061554399318993,0.0008071091142483056
Qwen3-14B,44,benign,coordinate_mortality,4,3276800,0.5362570285797119,0.05975157395005226,0.05433034896850586,-2.3351824283599854,-2.3949339389801025,2303,2.4295192098169,11.35342215365107,577662,5.525454521179199,0.1879568248987198,0.7140723592042924,2.415893726569193,819200.0,0.007858289405703545,-0.015511244535446167,-0.015511244535446167,-0.04994296655058861,0.13432148098945618,1.7976261377334595,1.319309949874878,0.7339178919792175,1.22101628780365,0.4917285442352295,0.4917285442352295,0.023369532078504562,0.0,0.0008241025498136878,0.000825056224130094
Qwen3-14B,44,benign,coordinate_mortality,5,4096000,0.5579678416252136,0.1088155210018158,0.08330631256103516,-2.738382339477539,-2.8471977710723877,2303,2.4243600197257975,11.294998529456956,577662,6.217508316040039,0.21149809658527374,0.697256146967411,2.417185623872501,819200.0,0.012458592653274536,-0.016090182587504387,-0.016090182587504387,-0.06965624541044235,0.1285218745470047,1.5803543329238892,1.1061893701553345,0.699962854385376,1.128656268119812,0.5048336982727051,0.5048336982727051,0.028548777103424072,0.0,0.001107828808017075,0.0011087824823334813
Qwen3-14B,44,benign,coordinate_mortality,6,4915200,0.5857576727867126,0.19765402376651764,0.16520357131958008,-3.619257926940918,-3.8169124126434326,2303,2.418692205234473,11.231161651794235,577662,6.803216934204102,0.23142187297344208,0.6760523337870836,2.412983569377102,819200.0,0.019922692328691483,-0.027179982513189316,-0.027179982513189316,-0.06523449718952179,0.12670980393886566,1.4869465827941895,1.0443922281265259,0.702373743057251,1.0584211349487305,0.5075492858886719,0.5075492858886719,0.0471026748418808,0.0,0.0020099731627851725,0.0020109268371015787
Qwen3-14B,44,benign,global_projection,0,0,0.49240121245384216,-0.02226550318300724,-0.011913061141967773,-2.3411293029785156,-2.318863868713379,2303,2.600623387255707,13.472133774333452,577662,0.0,0.0,,,,,,,,,,,,,,,,,,
Qwen3-14B,44,benign,global_projection,1,819200,0.4867563843727112,-0.024394357576966286,-0.02261209487915039,-2.2278573513031006,-2.203463077545166,2303,2.454117192416099,11.636156526001438,577662,3.1405563354492188,0.10683085024356842,0.7811919917166233,2.473625286507886,819200.0,-0.025696642696857452,-0.025696642696857452,-0.025696642696857452,0.06128537282347679,0.06128537282347679,3.1405563354492188,3.1405563354492188,1.0,0.0,0.0,0.45644861459732056,0.050195008516311646,0.0,0.0015776248183101416,0.0015785784926265478
Qwen3-14B,44,benign,global_projection,2,1638400,0.4906643331050873,-0.023695940151810646,-0.020386219024658203,-2.1922309398651123,-2.168534994125366,2303,2.4248937284043266,11.30102837714399,577662,4.780032634735107,0.16260015964508057,0.768795101493597,2.428935822687636,819200.0,-0.003470112569630146,-0.003470112569630146,-0.003470112569630146,0.013334190472960472,0.013334190472960472,2.134903907775879,2.134903907775879,1.0,0.0,0.0,0.49325332045555115,0.02964194491505623,0.0,0.0010009360266849399,0.0010018897010013461
Qwen3-14B,44,benign,global_projection,3,2457600,0.4915327727794647,-0.02334143966436386,-0.01453852653503418,-2.177872657775879,-2.154531240463257,2303,2.4126013877012262,11.16296260031358,577662,5.861364841461182,0.19938333332538605,0.768235868178308,2.406904198183329,819200.0,-8.340532804140821e-05,-8.340532804140821e-05,-8.340532804140821e-05,0.00039930554339662194,0.00039930554339662194,1.6011260747909546,1.6011260747909546,1.0,0.0,0.0,0.4988343417644501,0.023571595549583435,0.0,0.0011095711961388588,0.001110524870455265
Qwen3-14B,44,benign,global_projection,4,3276800,0.49240121245384216,-0.021185776218771935,-0.00925588607788086,-2.164003849029541,-2.142817974090576,2303,2.403289990919214,11.059502253965436,577662,6.687988758087158,0.22750221192836761,0.7696195740997791,2.400926857270824,819200.0,-0.0015288051217794418,-0.0015288051217794418,-0.0015288051217794418,0.0069471485912799835,0.0069471485912799835,1.4380160570144653,1.4380160570144653,1.0,0.0,0.0,0.4983261525630951,0.023373447358608246,0.0,0.0013308872003108263,0.0013318408746272326
Qwen3-14B,44,benign,global_projection,5,4096000,0.49240121245384216,-0.019458597525954247,-0.013955831527709961,-2.1522018909454346,-2.1327433586120605,2303,2.397077696031454,10.991010330936952,577662,7.294472694396973,0.24813269078731537,0.7681889561563731,2.4003664772998308,819200.0,-0.0015298727666959167,-0.0015298727666959167,-0.0015298727666959167,0.007664987351745367,0.007664987351745367,1.2297031879425049,1.2297031879425049,1.0,0.0,0.0,0.4992554783821106,0.023032257333397865,0.0,0.0014582087751477957,0.001459162449464202
Qwen3-14B,44,benign,global_projection,6,4915200,0.4906643331050873,-0.02055460959672928,-0.014777660369873047,-2.1526010036468506,-2.132046699523926,2303,2.392395003259773,10.939663121736256,577662,7.791650772094727,0.2650449872016907,0.7670444836094975,2.395096514734032,819200.0,0.00046891788952052593,-7.275957614183426e-11,-5.093170329928398e-11,-0.0024216603487730026,2.6303040301378644e-10,1.1527947187423706,1.1527912616729736,0.9999970197677612,0.002791677601635456,0.0,0.5029241442680359,0.023812733590602875,1.0,0.0015551778487861156,0.001556131523102522
Qwen3-14B,44,benign,unconstrained,0,0,0.49240121245384216,-0.02226550318300724,-0.011913061141967773,-2.3411293029785156,-2.318863868713379,2303,2.600623387255707,13.472133774333452,577662,0.0,0.0,,,,,,,,,,,,,,,,,,
Qwen3-14B,44,benign,unconstrained,1,819200,0.4867563843727112,-0.024394357576966286,-0.02261209487915039,-2.2278573513031006,-2.203463077545166,2303,2.454117192416099,11.636156526001438,577662,3.1405563354492188,0.10683085024356842,0.7811919917166233,2.473625286507886,819200.0,-0.025696642696857452,-0.025696642696857452,-0.025696642696857452,0.06128537282347679,0.06128537282347679,3.1405563354492188,3.1405563354492188,1.0,0.0,0.0,0.45644861459732056,0.050195008516311646,0.0,0.0015776248183101416,0.0015785784926265478
Qwen3-14B,44,benign,unconstrained,2,1638400,0.4906643331050873,-0.023695940151810646,-0.020386219024658203,-2.1922309398651123,-2.168534994125366,2303,2.4248937284043266,11.30102837714399,577662,4.780032634735107,0.16260015964508057,0.768795101493597,2.428935822687636,819200.0,-0.003470112569630146,-0.003470112569630146,-0.003470112569630146,0.013334190472960472,0.013334190472960472,2.134903907775879,2.134903907775879,1.0,0.0,0.0,0.49325332045555115,0.02964194491505623,0.0,0.0010009360266849399,0.0010018897010013461
Qwen3-14B,44,benign,unconstrained,3,2457600,0.4915327727794647,-0.02334143966436386,-0.01453852653503418,-2.177872657775879,-2.154531240463257,2303,2.4126013877012262,11.16296260031358,577662,5.861364841461182,0.19938333332538605,0.768235868178308,2.406904198183329,819200.0,-8.340532804140821e-05,-8.340532804140821e-05,-8.340532804140821e-05,0.00039930554339662194,0.00039930554339662194,1.6011260747909546,1.6011260747909546,1.0,0.0,0.0,0.4988343417644501,0.023571595549583435,0.0,0.0011095711961388588,0.001110524870455265
Qwen3-14B,44,benign,unconstrained,4,3276800,0.49240121245384216,-0.021185776218771935,-0.00925588607788086,-2.164003849029541,-2.142817974090576,2303,2.403289990919214,11.059502253965436,577662,6.687988758087158,0.22750221192836761,0.7696195740997791,2.400926857270824,819200.0,-0.0015288051217794418,-0.0015288051217794418,-0.0015288051217794418,0.0069471485912799835,0.0069471485912799835,1.4380160570144653,1.4380160570144653,1.0,0.0,0.0,0.4983261525630951,0.023373447358608246,0.0,0.0013308872003108263,0.0013318408746272326
Qwen3-14B,44,benign,unconstrained,5,4096000,0.49240121245384216,-0.019458597525954247,-0.013955831527709961,-2.1522018909454346,-2.1327433586120605,2303,2.397077696031454,10.991010330936952,577662,7.294472694396973,0.24813269078731537,0.7681889561563731,2.4003664772998308,819200.0,-0.0015298727666959167,-0.0015298727666959167,-0.0015298727666959167,0.007664987351745367,0.007664987351745367,1.2297031879425049,1.2297031879425049,1.0,0.0,0.0,0.4992554783821106,0.023032257333397865,0.0,0.0014582087751477957,0.001459162449464202
Qwen3-14B,44,benign,unconstrained,6,4915200,0.48805904388427734,-0.02111872099339962,-0.016193866729736328,-2.1534533500671387,-2.1323344707489014,2303,2.392425079711811,10.939992152937473,577662,7.791691780090332,0.2650463581085205,0.7670444836094975,2.395096514734032,819200.0,0.00046891788952052593,0.00046891788952052593,0.00046891788952052593,-0.0024216603487730026,-0.0024216603487730026,1.1527947187423706,1.1527947187423706,1.0,0.0,0.0,0.5029241442680359,0.023812733590602875,0.0,0.0015550801763311028,0.001556033850647509
Qwen3-14B,44,conflict,coordinate_mortality,0,0,0.49240121245384216,-0.02226550318300724,-0.011913061141967773,-2.3411293029785156,-2.318863868713379,2303,2.2667024745153506,9.647535310741544,109575,0.0,0.0,,,,,,,,,,,,,,,,,,
Qwen3-14B,44,conflict,coordinate_mortality,1,819200,0.5015197396278381,0.006853893399238586,0.003960371017456055,-2.189879894256592,-2.1967337131500244,2303,2.2113752439178183,9.128261350777619,109575,5.6189284324646,0.19113647937774658,0.7811919917166233,1.9444405026792082,819200.0,-0.057791441679000854,-0.11885172128677368,-0.11885172128677368,0.06883814930915833,0.15843059122562408,6.28812837600708,5.6189284324646,0.8935772180557251,2.8228001594543457,0.3504970669746399,0.3504970669746399,0.06106027960777283,0.0,0.0016216549556702375,0.0016226086299866438
Qwen3-14B,44,conflict,coordinate_mortality,2,1638400,0.5162830948829651,0.018551087006926537,0.022934317588806152,-1.8888965845108032,-1.9074476957321167,2303,1.9433518141882076,6.982114544178021,109575,7.160093784332275,0.24356159567832947,0.7372658598795533,1.9107409329359506,819200.0,-0.04175300896167755,-0.08593417704105377,-0.08593417704105377,0.0625339224934578,0.17165914177894592,3.6461904048919678,2.7337968349456787,0.7497679591178894,2.412687063217163,0.44134822487831116,0.44134822487831116,0.044181160628795624,0.0,0.0013279910199344158,0.001328944694250822
Qwen3-14B,44,conflict,coordinate_mortality,3,2457600,0.5275726914405823,0.05636470019817352,0.038861870765686035,-2.0380899906158447,-2.094454526901245,2303,2.1672154296763595,8.73392990655112,109575,8.543171882629395,0.29060912132263184,0.7334257050976157,1.8957351291990199,819200.0,0.009644057601690292,-0.0619988776743412,-0.0619988776743412,-0.012376358732581139,0.10607219487428665,3.099790334701538,2.325132369995117,0.7500934600830078,2.04999041557312,0.4754701554775238,0.4754701554775238,0.0716429352760315,0.0,0.0018461861182004213,0.0018471397925168276
Qwen3-14B,44,conflict,coordinate_mortality,4,3276800,0.545809805393219,0.0843663364648819,0.0723104476928711,-2.0493838787078857,-2.1337504386901855,2303,2.2434890238095875,9.426162084367204,109575,9.406160354614258,0.3199650049209595,0.706175543665886,1.8953800159774254,819200.0,0.027364686131477356,-0.020596561953425407,-0.020596561953425407,-0.06822101026773453,0.07759490609169006,2.6363353729248047,1.74457585811615,0.6617427468299866,1.9765419960021973,0.5367450714111328,0.5367450714111328,0.04796124994754791,0.0,0.001126159681007266,0.0011271133553236723
Qwen3-14B,44,conflict,coordinate_mortality,5,4096000,0.5783759951591492,0.2187742441892624,0.18038511276245117,-3.498255491256714,-3.7170300483703613,2303,4.0178289400832226,55.58030656727899,109575,10.299637794494629,0.3503580093383789,0.6860512441769242,1.888746816533385,819200.0,0.05963298678398132,-0.030902229249477386,-0.030902229249477386,-0.07758655399084091,0.059690434485673904,2.4425106048583984,1.6452102661132812,0.6735734343528748,1.8053092956542969,0.5459949374198914,0.5459949374198914,0.09053520858287811,0.0,0.002161284675821662,0.002162238350138068
Qwen3-14B,44,conflict,coordinate_mortality,6,4915200,0.5201910138130188,0.027716996148228645,0.03252542018890381,-1.8734153509140015,-1.9011322259902954,2303,1.9364739341309374,6.93425716511214,109575,10.894405364990234,0.370589941740036,0.6830166756547987,1.9032266145631729,819200.0,-0.06989589333534241,-0.17783011496067047,-0.17783011496067047,0.03998474404215813,0.1390848159790039,2.4232630729675293,1.7724288702011108,0.7314223647117615,1.6524827480316162,0.47157368063926697,0.47157368063926697,0.10793422162532806,0.0,0.004897088743746281,0.004898308086126235
Qwen3-14B,44,conflict,global_projection,0,0,0.49240121245384216,-0.02226550318300724,-0.011913061141967773,-2.3411293029785156,-2.318863868713379,2303,2.2667024745153506,9.647535310741544,109575,0.0,0.0,,,,,,,,,,,,,,,,,,
Qwen3-14B,44,conflict,global_projection,1,819200,0.4984802305698395,-0.012351248413324356,-0.0023845434188842773,-1.8880959749221802,-1.8757449388504028,2303,1.9123141856175048,6.768734796391571,109575,6.28812837600708,0.2139003425836563,0.7811919917166233,1.9444405026792082,819200.0,-0.057791441679000854,-0.057791441679000854,-0.057791441679000854,0.06883814930915833,0.06883814930915833,6.28812837600708,6.28812837600708,1.0,1.1641532182693481e-10,0.0,0.3504970669746399,0.06106027960777283,0.0,0.0016882201889529824,0.0016891738632693887
Qwen3-14B,44,conflict,global_projection,2,1638400,0.4989144504070282,-0.011928905732929707,-0.0010492801666259766,-1.8724976778030396,-1.8605690002441406,2303,1.8955553022519982,6.656243605625253,109575,8.280412673950195,0.2816709578037262,0.7591110970452428,1.894872364957555,819200.0,-0.0028987526893615723,-0.0028987526893615723,-0.0028987526893615723,0.003956431057304144,0.003956431057304144,2.9433560371398926,2.9433560371398926,1.0,0.0,0.0,0.46897682547569275,0.06176302209496498,0.0,0.0019432316767051816,0.0019441853510215878
Qwen3-14B,44,conflict,global_projection,3,2457600,0.4989144504070282,-0.016053028404712677,-0.001474618911743164,-1.869540810585022,-1.8534878492355347,2303,1.885437772047185,6.5892383950935995,109575,9.650946617126465,0.32829177379608154,0.7584636285528541,1.8831147528374277,819200.0,-0.001529552275314927,-0.001529552275314927,-0.001529552275314927,0.0017574080266058445,0.0017574080266058445,2.4229822158813477,2.4229822158813477,1.0,0.0,0.0,0.48485204577445984,0.07137134671211243,0.0,0.002775690983980894,0.0027766446582973003
Qwen3-14B,44,conflict,global_projection,4,3276800,0.500217080116272,-0.01886632665991783,0.00011324882507324219,-1.8712455034255981,-1.8523792028427124,2303,1.880004738405799,6.553535915430162,109575,10.804473876953125,0.36753079295158386,0.7600042594969273,1.8757226535356313,819200.0,0.0006997305899858475,-4.3655745685100555e-11,2.9103830456733704e-11,-0.0006647130358032882,-2.76473548915801e-11,2.12825870513916,2.128258228302002,0.9999997615814209,0.0014146814355626702,0.0,0.49799108505249023,0.0810735747218132,1.0,0.003916445188224316,0.0039174491025733005
Qwen3-14B,44,conflict,global_projection,5,4096000,0.49370384216308594,-0.01895179972052574,-0.008802413940429688,-1.8716394901275635,-1.8526874780654907,2303,1.877114897964481,6.534624580838864,109575,11.807111740112305,0.4016370475292206,0.7606205518171191,1.8672885626573406,819200.0,0.00014209038636181504,-9.094947017729282e-11,4.001776687800884e-11,-0.00012696343765128404,-3.575747684059216e-11,1.9335720539093018,1.9335720539093018,1.0,0.00024549392401240766,0.0,0.5013260245323181,0.08321557193994522,1.0,0.004751221276819706,0.004752288575787134
Qwen3-14B,44,conflict,global_projection,6,4915200,0.4967433512210846,-0.02140858955681324,-0.004417061805725098,-1.8734933137893677,-1.8520843982696533,2303,1.8745855331333865,6.518117016866415,109575,12.811896324157715,0.43581634759902954,0.76174330689013,1.8608027310442412,819200.0,-0.0001978149521164596,-0.0001978149521164596,-0.0001978149521164596,0.0001726288755889982,0.0001726288755889982,1.9419950246810913,1.9419950246810913,1.0,0.0,0.0,0.502813994884491,0.08752134442329407,0.0,0.005121711175888777,0.0051228039886837
Qwen3-14B,44,conflict,unconstrained,0,0,0.49240121245384216,-0.02226550318300724,-0.011913061141967773,-2.3411293029785156,-2.318863868713379,2303,2.2667024745153506,9.647535310741544,109575,0.0,0.0,,,,,,,,,,,,,,,,,,
Qwen3-14B,44,conflict,unconstrained,1,819200,0.4984802305698395,-0.012351248413324356,-0.0023845434188842773,-1.8880959749221802,-1.8757449388504028,2303,1.9123141856175048,6.768734796391571,109575,6.28812837600708,0.2139003425836563,0.7811919917166233,1.9444405026792082,819200.0,-0.057791441679000854,-0.057791441679000854,-0.057791441679000854,0.06883814930915833,0.06883814930915833,6.28812837600708,6.28812837600708,1.0,1.1641532182693481e-10,0.0,0.3504970669746399,0.06106027960777283,0.0,0.0016882201889529824,0.0016891738632693887
Qwen3-14B,44,conflict,unconstrained,2,1638400,0.4989144504070282,-0.011928905732929707,-0.0010492801666259766,-1.8724976778030396,-1.8605690002441406,2303,1.8955553022519982,6.656243605625253,109575,8.280412673950195,0.2816709578037262,0.7591110970452428,1.894872364957555,819200.0,-0.0028987526893615723,-0.0028987526893615723,-0.0028987526893615723,0.003956431057304144,0.003956431057304144,2.9433560371398926,2.9433560371398926,1.0,0.0,0.0,0.46897682547569275,0.06176302209496498,0.0,0.0019432316767051816,0.0019441853510215878
Qwen3-14B,44,conflict,unconstrained,3,2457600,0.4989144504070282,-0.016053028404712677,-0.001474618911743164,-1.869540810585022,-1.8534878492355347,2303,1.885437772047185,6.5892383950935995,109575,9.650946617126465,0.32829177379608154,0.7584636285528541,1.8831147528374277,819200.0,-0.001529552275314927,-0.001529552275314927,-0.001529552275314927,0.0017574080266058445,0.0017574080266058445,2.4229822158813477,2.4229822158813477,1.0,0.0,0.0,0.48485204577445984,0.07137134671211243,0.0,0.002775690983980894,0.0027766446582973003
Qwen3-14B,44,conflict,unconstrained,4,3276800,0.4971775710582733,-0.019962366670370102,-0.0037751197814941406,-1.8734614849090576,-1.8534990549087524,2303,1.8801716724128559,6.554630014759568,109575,10.804487228393555,0.3675312399864197,0.7600042594969273,1.8757226535356313,819200.0,0.0006997305899858475,0.0006997305899858475,0.0006997305899858475,-0.0006647130358032882,-0.0006647130358032882,2.12825870513916,2.12825870513916,1.0,0.0,0.0,0.49799108505249023,0.0810735747218132,0.0,0.003916470799595118,0.003917474714171476
Qwen3-14B,44,conflict,unconstrained,5,4096000,0.49630916118621826,-0.019122164696455002,-0.006473422050476074,-1.8721224069595337,-1.8530001640319824,2303,1.8769329872975578,6.533435971036949,109575,11.803979873657227,0.40153050422668457,0.7615470834076404,1.867358916883677,819200.0,-0.0005901254480704665,-0.0005901254480704665,-0.0005901254480704665,0.0005197233986109495,0.0005197233986109495,1.932712435722351,1.932712435722351,1.0,0.0,0.0,0.5011830925941467,0.08424095064401627,0.0,0.004827023949474096,0.004828106809100063
Qwen3-14B,44,conflict,unconstrained,6,4915200,0.49587494134902954,-0.021629728376865387,-0.004650473594665527,-1.873674988746643,-1.8520454168319702,2303,1.8744973457574898,6.517542226575906,109575,12.813010215759277,0.4358542263507843,0.7619184001162648,1.8608586722624023,819200.0,-0.0003412882215343416,-0.0003412882215343416,-0.0003412882215343416,0.00029565353179350495,0.00029565353179350495,1.9424378871917725,1.9424378871917725,1.0,0.0,0.0,0.5032472610473633,0.08797275274991989,0.0,0.005157879553735256,0.005158980429541771
Qwen3-8B,42,benign,coordinate_mortality,0,0,0.48979589343070984,-0.013743591494858265,-0.016457319259643555,-2.302565574645996,-2.2888219356536865,2303,2.707981850829832,14.99897478095173,577662,0.0,0.0,,,,,,,,,,,,,,,,,,
Qwen3-8B,42,benign,coordinate_mortality,1,819200,0.4989144504070282,-0.005093664396554232,-0.0004990100860595703,-2.2491695880889893,-2.2440757751464844,2303,2.5863331749903056,13.280983167301947,577662,2.1318185329437256,0.07650164514780045,0.7698720064014196,2.5790710026258603,819200.0,-0.016027137637138367,-0.05268491432070732,-0.05268491432070732,0.053949158638715744,0.23128533363342285,2.7802467346191406,2.1318185329437256,0.7667731642723083,1.7846907377243042,0.45955967903137207,0.45955967903137207,0.03665778040885925,0.0,0.0010813343105837703,0.0010822879849001765
Qwen3-8B,42,benign,coordinate_mortality,2,1638400,0.5145462155342102,0.020054010674357414,0.023456573486328125,-2.191668748855591,-2.2117226123809814,2303,2.5479863816205452,12.781341109899271,577662,3.2152326107025146,0.11538063734769821,0.7428369574248791,2.522324741524062,819200.0,0.002186885103583336,-0.021662520244717598,-0.021662520244717598,-0.012462882325053215,0.1677953004837036,2.097744941711426,1.54338538646698,0.7357354760169983,1.4207375049591064,0.48265430331230164,0.48265430331230164,0.023849405348300934,0.0,0.0005435337079688907,0.0005444873822852969
Qwen3-8B,42,benign,coordinate_mortality,3,2457600,0.5223621129989624,0.040044307708740234,0.03680253028869629,-2.253539800643921,-2.293584108352661,2303,2.5312266705054167,12.5689146010079,577662,4.240065097808838,0.15215739607810974,0.7259279210865498,2.519742503040179,819200.0,0.0065416921861469746,-0.01564878225326538,-0.01564878225326538,-0.045736685395240784,0.14691977202892303,1.8236109018325806,1.358022689819336,0.744688868522644,1.2170994281768799,0.4851595461368561,0.4851595461368561,0.022190475836396217,0.0,0.0007049560663290322,0.0007059097406454384
Qwen3-8B,42,benign,coordinate_mortality,4,3276800,0.5293095707893372,0.056297365576028824,0.050177574157714844,-2.2745912075042725,-2.3308887481689453,2303,2.5223162642038077,12.457417943096276,577662,5.0409932136535645,0.18089920282363892,0.7105056878179312,2.5076210328147863,819200.0,0.009534635581076145,-0.013147694990038872,-0.013147694990038872,-0.068828284740448,0.1281190812587738,1.5282762050628662,1.132140874862671,0.7407959699630737,1.0265891551971436,0.4955322742462158,0.4955322742462158,0.02268233150243759,0.0,0.0007665253360755742,0.0007674790103919804
Qwen3-8B,42,benign,coordinate_mortality,5,4096000,0.5405992269515991,0.07774896919727325,0.06947970390319824,-2.3959598541259766,-2.4737091064453125,2303,2.516791058855568,12.388777950498373,577662,5.60850191116333,0.20126460492610931,0.6970871542394161,2.497743350832607,819200.0,0.013872113078832626,-0.013350697234272957,-0.013350697234272957,-0.09341863542795181,0.129424050450325,1.3386359214782715,0.9299129843711853,0.6946720480918884,0.962916374206543,0.5116676092147827,0.5116676092147827,0.027222810313105583,0.0,0.0010060123167932034,0.0010069659911096096
Qwen3-8B,42,benign,coordinate_mortality,6,4915200,0.5488492846488953,0.09452298283576965,0.07828903198242188,-2.486201524734497,-2.5807242393493652,2303,2.5115581010716475,12.324117329194479,577662,6.127286911010742,0.21988153457641602,0.6828559996932745,2.4855054914054926,819200.0,0.015234396792948246,-0.015203319489955902,-0.015203319489955902,-0.09147784113883972,0.1290113627910614,1.2199349403381348,0.8632523417472839,0.7076216340065002,0.8619958162307739,0.512194812297821,0.512194812297821,0.030437717214226723,0.0,0.0012632099678739905,0.0012641636421903968
Qwen3-8B,42,benign,global_projection,0,0,0.48979589343070984,-0.013743591494858265,-0.016457319259643555,-2.302565574645996,-2.2888219356536865,2303,2.707981850829832,14.99897478095173,577662,0.0,0.0,,,,,,,,,,,,,,,,,,
Qwen3-8B,42,benign,global_projection,1,819200,0.49240121245384216,-0.015198531560599804,-0.012390494346618652,-2.2158379554748535,-2.200639486312866,2303,2.548255487340564,12.784781104741842,577662,2.7802467346191406,0.09977089613676071,0.7698720064014196,2.5790710026258603,819200.0,-0.016027137637138367,-0.016027137637138367,-0.016027137637138367,0.053949158638715744,0.053949158638715744,2.7802467346191406,2.7802467346191406,1.0,0.0,0.0,0.45955967903137207,0.03665778040885925,0.0,0.0011060349643230438,0.00110698863863945
Qwen3-8B,42,benign,global_projection,2,1638400,0.4928354322910309,-0.017413049936294556,-0.009999275207519531,-2.178766965866089,-2.1613540649414062,2303,2.5163110409801708,12.382832542692979,577662,4.198856830596924,0.1506786048412323,0.7620565479248762,2.508710505188501,819200.0,0.0015584781067445874,-1.4551915228366852e-10,-1.3096723705530167e-10,-0.009578735567629337,8.049890753980549e-10,1.84075129032135,1.8406670093536377,0.9999542236328125,0.017632070928812027,0.0,0.4901435673236847,0.02085212618112564,1.0,0.0006696994532831013,0.0006706531275995076
Qwen3-8B,42,benign,global_projection,3,2457600,0.49370384216308594,-0.018363328650593758,-0.012286186218261719,-2.156416654586792,-2.1380531787872314,2303,2.5035206557181144,12.225459917517586,577662,5.076494216918945,0.18217317759990692,0.7634554225951433,2.5049013497954,819200.0,0.000819313048850745,-5.820766091346741e-11,-5.820766091346741e-11,-0.005749986972659826,4.0851150240328593e-10,1.3509138822555542,1.3508915901184082,0.9999834895133972,0.007767737843096256,0.0,0.4947546422481537,0.01722441241145134,1.0,0.0008168286876752973,0.0008177823619917035
Qwen3-8B,42,benign,global_projection,4,3276800,0.49240121245384216,-0.019175320863723755,-0.013053655624389648,-2.145991563796997,-2.1268160343170166,2303,2.496449151182374,12.139312477258322,577662,5.656752109527588,0.20299609005451202,0.7640650799125432,2.492936937745835,819200.0,0.0009551105322316289,3.637978807091713e-11,6.184563972055912e-11,-0.00711126858368516,-4.604829850762826e-10,1.1198230981826782,1.1197947263717651,0.9999746680259705,0.007963363081216812,0.0,0.49929380416870117,0.017020968720316887,1.0,0.0009735708590596914,0.0009745245333760977
Qwen3-8B,42,benign,global_projection,5,4096000,0.4915327727794647,-0.019597403705120087,-0.011552810668945312,-2.1388778686523438,-2.1192805767059326,2303,2.4914767010163383,12.079100176311826,577662,6.182204723358154,0.22185228765010834,0.7642555240541696,2.483264919897483,819200.0,0.0004474087618291378,2.1827872842550278e-11,1.0913936421275139e-11,-0.0033300782088190317,-8.12332423549833e-11,1.0617287158966064,1.0617228746414185,0.9999945163726807,0.00353563972748816,0.0,0.4979005753993988,0.016503386199474335,1.0,0.0010473267175257206,0.0010482803918421268
Qwen3-8B,42,benign,global_projection,6,4915200,0.4906643331050873,-0.021060505881905556,-0.01861107349395752,-2.1367204189300537,-2.1156599521636963,2303,2.487981009547971,12.036949085407722,577662,6.601690769195557,0.23690581321716309,0.7643505921959877,2.4706359201166195,819200.0,0.000726987374946475,2.9103830456733704e-11,3.637978807091713e-11,-0.005489395931363106,-2.747036209616027e-10,0.9777180552482605,0.9777032732963562,0.999984860420227,0.0053670816123485565,0.0,0.49992626905441284,0.01666931062936783,1.0,0.0011307446984574199,0.0011316983727738261
Qwen3-8B,42,benign,unconstrained,0,0,0.48979589343070984,-0.013743591494858265,-0.016457319259643555,-2.302565574645996,-2.2888219356536865,2303,2.707981850829832,14.99897478095173,577662,0.0,0.0,,,,,,,,,,,,,,,,,,
Qwen3-8B,42,benign,unconstrained,1,819200,0.49240121245384216,-0.015198531560599804,-0.012390494346618652,-2.2158379554748535,-2.200639486312866,2303,2.548255487340564,12.784781104741842,577662,2.7802467346191406,0.09977089613676071,0.7698720064014196,2.5790710026258603,819200.0,-0.016027137637138367,-0.016027137637138367,-0.016027137637138367,0.053949158638715744,0.053949158638715744,2.7802467346191406,2.7802467346191406,1.0,0.0,0.0,0.45955967903137207,0.03665778040885925,0.0,0.0011060349643230438,0.00110698863863945
Qwen3-8B,42,benign,unconstrained,2,1638400,0.4906643331050873,-0.018942585214972496,-0.015715718269348145,-2.1815617084503174,-2.162619113922119,2303,2.5163504086570088,12.383320035638528,577662,4.198931694030762,0.1506813019514084,0.7620565479248762,2.508710505188501,819200.0,0.0015584781067445874,0.0015584781067445874,0.0015584781067445874,-0.009578735567629337,-0.009578735567629337,1.84075129032135,1.84075129032135,1.0,0.0,0.0,0.4901435673236847,0.02085212618112564,0.0,0.0006692749448120594,0.0006702286191284657
Qwen3-8B,42,benign,unconstrained,3,2457600,0.4928354322910309,-0.02075917460024357,-0.017259597778320312,-2.1612613201141357,-2.1405019760131836,2303,2.503308551729861,12.222867123691524,577662,5.084445953369141,0.1824585348367691,0.765264586135745,2.5048485430455183,819200.0,0.00034638034412637353,0.00034638034412637353,0.00034638034412637353,-0.0023511117324233055,-0.0023511117324233055,1.354651689529419,1.354651689529419,1.0,0.0,0.0,0.49438706040382385,0.01749095879495144,0.0,0.0008333143778145313,0.0008342680521309376
Qwen3-8B,42,benign,unconstrained,4,3276800,0.4928354322910309,-0.02141747623682022,-0.013624191284179688,-2.1511166095733643,-2.129699230194092,2303,2.4963956150639346,12.138662602983796,577662,5.659948825836182,0.20311081409454346,0.7662711429595948,2.4929237229531283,819200.0,0.0005065406439825892,0.0005065406439825892,0.0005065406439825892,-0.0036424805875867605,-0.0036424805875867605,1.1183968782424927,1.1183968782424927,1.0,0.0,0.0,0.4985279440879822,0.01730077713727951,0.0,0.0009956122376024723,0.0009965659119188786
Qwen3-8B,42,benign,unconstrained,5,4096000,0.49196699261665344,-0.022083409130573273,-0.01305246353149414,-2.1446616649627686,-2.1225779056549072,2303,2.4913603274114013,12.077694569669257,577662,6.188277244567871,0.22207020223140717,0.7669107158482075,2.4831820679729573,819200.0,-2.8131151339039207e-05,-2.8131151339039207e-05,-2.8131151339039207e-05,0.0001982952671824023,0.0001982952671824023,1.0634260177612305,1.0634260177612305,1.0,0.0,0.0,0.49789711833000183,0.01704094372689724,0.0,0.0010806377977132797,0.001081591472029686
Qwen3-8B,42,benign,unconstrained,6,4915200,0.49023011326789856,-0.024091510102152824,-0.014987707138061523,-2.143256187438965,-2.11916446685791,2303,2.487993218650136,12.037096046645994,577662,6.605071067810059,0.237027108669281,0.7670850555598736,2.4706540194700937,819200.0,0.0004059782950207591,0.0004059782950207591,0.0004059782950207591,-0.0029062670655548573,-0.0029062670655548573,0.9761887192726135,0.9761887192726135,1.0,0.0,0.0,0.4993346929550171,0.017336681485176086,0.0,0.0011729365214705467,0.001173890195786953
Qwen3-8B,42,conflict,coordinate_mortality,0,0,0.48979589343070984,-0.013743591494858265,-0.016457319259643555,-2.302565574645996,-2.2888219356536865,2303,2.263833523610398,9.619896671488302,109575,0.0,0.0,,,,,,,,,,,,,,,,,,
Qwen3-8B,42,conflict,coordinate_mortality,1,819200,0.5071645379066467,0.014111202210187912,0.010169029235839844,-2.028557300567627,-2.042668581008911,2303,2.084083741849725,8.037223934989749,109575,4.757549285888672,0.17072764039039612,0.7698720064014196,1.9663887934696687,819200.0,-0.038950227200984955,-0.08403242379426956,-0.08403242379426956,0.0680299773812294,0.16530106961727142,5.358234882354736,4.757549285888672,0.887894868850708,2.465035915374756,0.35510319471359253,0.35510319471359253,0.04508219659328461,0.0,0.0011379467323422432,0.0011389004066586494
Qwen3-8B,42,conflict,coordinate_mortality,2,1638400,0.5254016518592834,0.054085489362478256,0.042243361473083496,-2.0362842082977295,-2.090369462966919,2303,2.1159542912825478,8.297500221298934,109575,6.329983234405518,0.2271554172039032,0.7290963332355023,1.9381063008779893,819200.0,0.007178489118814468,-0.03241153061389923,-0.03241153061389923,-0.019602874293923378,0.12187173962593079,3.295769691467285,2.3935368061065674,0.7262451648712158,2.265630006790161,0.494633287191391,0.494633287191391,0.0395900197327137,0.0,0.0007529602735303342,0.0007539139478467405
Qwen3-8B,42,conflict,coordinate_mortality,3,2457600,0.5366912484169006,0.061544109135866165,0.05278277397155762,-2.1047635078430176,-2.1663076877593994,2303,2.2369586294436603,9.364806086080995,109575,7.6101393699646,0.27309462428092957,0.7055603823065758,1.9251035198041064,819200.0,0.02456849440932274,-0.030327418819069862,-0.030327418819069862,-0.05816527083516121,0.09785611927509308,2.7070069313049316,1.9861958026885986,0.7337239384651184,1.8392696380615234,0.49712231755256653,0.49712231755256653,0.05489591509103775,0.0,0.0011677315924316645,0.0011686852667480707
Qwen3-8B,42,conflict,coordinate_mortality,4,3276800,0.570125937461853,0.18701060116291046,0.16207623481750488,-2.807119369506836,-2.9941298961639404,2303,3.2266136698251766,25.194196486128465,109575,8.32631778717041,0.2987951338291168,0.6910466470569372,1.9236682307644515,819200.0,0.05643939971923828,-0.02703581377863884,-0.02703581377863884,-0.09902568906545639,0.07701781392097473,2.3163740634918213,1.426666259765625,0.6159049272537231,1.8248869180679321,0.5746201276779175,0.5746201276779175,0.08347520977258682,0.0,0.0017691836692392826,0.0017701373435556889
Qwen3-8B,42,conflict,coordinate_mortality,5,4096000,0.521493673324585,0.030449366196990013,0.023338794708251953,-1.9530895948410034,-1.9835387468338013,2303,1.9966451201285507,7.364308239614755,109575,8.974839210510254,0.3220677375793457,0.6659415592253208,1.926065642144531,819200.0,0.013130631297826767,-0.059099867939949036,-0.059099867939949036,-0.019014740362763405,0.12745994329452515,2.2845427989959717,1.5339698791503906,0.671455979347229,1.6929478645324707,0.514302134513855,0.514302134513855,0.0722305029630661,0.0,0.002053859643638134,0.0020548133179545403
Qwen3-8B,42,conflict,coordinate_mortality,6,4915200,0.5358228087425232,0.07061820477247238,0.05700492858886719,-2.166577100753784,-2.2371952533721924,2303,2.2839642343732174,9.815514384697114,109575,9.565267562866211,0.3432556092739105,0.7081577310711146,1.9048016592438217,819200.0,0.030037686228752136,-0.055325642228126526,-0.055325642228126526,-0.03961885720491409,0.10792798548936844,2.0856587886810303,1.4101688861846924,0.6761263608932495,1.536683440208435,0.5348404049873352,0.5348404049873352,0.08536332845687866,0.0,0.0024549318477511406,0.002455885522067547
Qwen3-8B,42,conflict,global_projection,0,0,0.48979589343070984,-0.013743591494858265,-0.016457319259643555,-2.302565574645996,-2.2888219356536865,2303,2.263833523610398,9.619896671488302,109575,0.0,0.0,,,,,,,,,,,,,,,,,,
Qwen3-8B,42,conflict,global_projection,1,819200,0.4967433512210846,-0.017308982089161873,-0.007277965545654297,-1.9195995330810547,-1.90229070186615,2303,1.9396823370078642,6.95654078404824,109575,5.358234882354736,0.19228361546993256,0.7698720064014196,1.9663887934696687,819200.0,-0.038950227200984955,-0.038950227200984955,-0.038950227200984955,0.0680299773812294,0.0680299773812294,5.358234882354736,5.358234882354736,1.0,0.0,0.0,0.35510319471359253,0.04508219659328461,0.0,0.0011907160514965653,0.0011916697258129716
Qwen3-8B,42,conflict,global_projection,2,1638400,0.4993486702442169,-0.012932275421917439,-0.003930091857910156,-1.8971911668777466,-1.8842588663101196,2303,1.9221516230811873,6.8356504010508345,109575,7.176241397857666,0.25752392411231995,0.7656573140621186,1.9260461004705576,819200.0,-0.005577464587986469,-0.005577464587986469,-0.005577464587986469,0.008099300786852837,0.008099300786852837,2.6521353721618652,2.6521353721618652,1.0,0.0,0.0,0.46520450711250305,0.0595482736825943,0.0,0.001894988352432847,0.0018959420267492533
Qwen3-8B,42,conflict,global_projection,3,2457600,0.4928354322910309,-0.015171946957707405,-0.009537458419799805,-1.892085075378418,-1.8769131898880005,2303,1.9120058210522188,6.766647880210583,109575,8.489534378051758,0.30465227365493774,0.7620150316506624,1.9084908992843703,819200.0,-0.0018502547172829509,-0.0018502547172829509,-0.0018502547172829509,0.0026108555030077696,0.0026108555030077696,2.1596450805664062,2.1596450805664062,1.0,0.0,0.0,0.4850836992263794,0.05988934263586998,0.0,0.002419862197712064,0.00242081587202847
Qwen3-8B,42,conflict,global_projection,4,3276800,0.49240121245384216,-0.01656612753868103,-0.013775110244750977,-1.8892652988433838,-1.8726991415023804,2303,1.9058463881447139,6.725097262070387,109575,9.563703536987305,0.3431994915008545,0.7628406503051519,1.9017614731189678,819200.0,-0.0010907123796641827,-0.0010907123796641827,-0.0010907123796641827,0.0013411191757768393,0.0013411191757768393,1.9098315238952637,1.9098315238952637,1.0,0.0,0.0,0.4961619973182678,0.06709396839141846,0.0,0.003223369363695383,0.0032243230380117893
Qwen3-8B,42,conflict,global_projection,5,4096000,0.49413806200027466,-0.01802939735352993,-0.014003634452819824,-1.8893897533416748,-1.871360421180725,2303,1.9017769348993983,6.697785403050232,109575,10.519386291503906,0.37749478220939636,0.7630359216034412,1.8903189294713956,819200.0,-0.00033992453245446086,-0.00033992453245446086,-0.00033992453245446086,0.00036288483534008265,0.00036288483534008265,1.7632150650024414,1.7632150650024414,1.0,0.0,0.0,0.5008474588394165,0.07230550795793533,0.0,0.0040809959173202515,0.004081949591636658
Qwen3-8B,42,conflict,global_projection,6,4915200,0.49240121245384216,-0.017898011952638626,-0.009549379348754883,-1.8882904052734375,-1.8703923225402832,2303,1.8989127637587697,6.678629245744741,109575,11.392393112182617,0.408823162317276,0.7634614408016205,1.882816568792623,819200.0,-2.771831350401044e-05,-2.771831350401044e-05,-2.771831350401044e-05,2.7975949706160463e-05,2.7975949706160463e-05,1.6871789693832397,1.6871789693832397,1.0,0.0,0.0,0.49851515889167786,0.07517950981855392,0.0,0.004644964821636677,0.004645918495953083
Qwen3-8B,42,conflict,unconstrained,0,0,0.48979589343070984,-0.013743591494858265,-0.016457319259643555,-2.302565574645996,-2.2888219356536865,2303,2.263833523610398,9.619896671488302,109575,0.0,0.0,,,,,,,,,,,,,,,,,,
Qwen3-8B,42,conflict,unconstrained,1,819200,0.4967433512210846,-0.017308982089161873,-0.007277965545654297,-1.9195995330810547,-1.90229070186615,2303,1.9396823370078642,6.95654078404824,109575,5.358234882354736,0.19228361546993256,0.7698720064014196,1.9663887934696687,819200.0,-0.038950227200984955,-0.038950227200984955,-0.038950227200984955,0.0680299773812294,0.0680299773812294,5.358234882354736,5.358234882354736,1.0,0.0,0.0,0.35510319471359253,0.04508219659328461,0.0,0.0011907160514965653,0.0011916697258129716
Qwen3-8B,42,conflict,unconstrained,2,1638400,0.4993486702442169,-0.012932275421917439,-0.003930091857910156,-1.8971911668777466,-1.8842588663101196,2303,1.9221516230811873,6.8356504010508345,109575,7.176241397857666,0.25752392411231995,0.7656573140621186,1.9260461004705576,819200.0,-0.005577464587986469,-0.005577464587986469,-0.005577464587986469,0.008099300786852837,0.008099300786852837,2.6521353721618652,2.6521353721618652,1.0,0.0,0.0,0.46520450711250305,0.0595482736825943,0.0,0.001894988352432847,0.0018959420267492533
Qwen3-8B,42,conflict,unconstrained,3,2457600,0.4928354322910309,-0.015171946957707405,-0.009537458419799805,-1.892085075378418,-1.8769131898880005,2303,1.9120058210522188,6.766647880210583,109575,8.489534378051758,0.30465227365493774,0.7620150316506624,1.9084908992843703,819200.0,-0.0018502547172829509,-0.0018502547172829509,-0.0018502547172829509,0.0026108555030077696,0.0026108555030077696,2.1596450805664062,2.1596450805664062,1.0,0.0,0.0,0.4850836992263794,0.05988934263586998,0.0,0.002419862197712064,0.00242081587202847
Qwen3-8B,42,conflict,unconstrained,4,3276800,0.49240121245384216,-0.01656612753868103,-0.013775110244750977,-1.8892652988433838,-1.8726991415023804,2303,1.9058463881447139,6.725097262070387,109575,9.563703536987305,0.3431994915008545,0.7628406503051519,1.9017614731189678,819200.0,-0.0010907123796641827,-0.0010907123796641827,-0.0010907123796641827,0.0013411191757768393,0.0013411191757768393,1.9098315238952637,1.9098315238952637,1.0,0.0,0.0,0.4961619973182678,0.06709396839141846,0.0,0.003223369363695383,0.0032243230380117893
Qwen3-8B,42,conflict,unconstrained,5,4096000,0.49413806200027466,-0.01802939735352993,-0.014003634452819824,-1.8893897533416748,-1.871360421180725,2303,1.9017769348993983,6.697785403050232,109575,10.519386291503906,0.37749478220939636,0.7630359216034412,1.8903189294713956,819200.0,-0.00033992453245446086,-0.00033992453245446086,-0.00033992453245446086,0.00036288483534008265,0.00036288483534008265,1.7632150650024414,1.7632150650024414,1.0,0.0,0.0,0.5008474588394165,0.07230550795793533,0.0,0.0040809959173202515,0.004081949591636658
Qwen3-8B,42,conflict,unconstrained,6,4915200,0.49240121245384216,-0.017898011952638626,-0.009549379348754883,-1.8882904052734375,-1.8703923225402832,2303,1.8989127637587697,6.678629245744741,109575,11.392393112182617,0.408823162317276,0.7634614408016205,1.882816568792623,819200.0,-2.771831350401044e-05,-2.771831350401044e-05,-2.771831350401044e-05,2.7975949706160463e-05,2.7975949706160463e-05,1.6871789693832397,1.6871789693832397,1.0,0.0,0.0,0.49851515889167786,0.07517950981855392,0.0,0.004644964821636677,0.004645918495953083
Qwen3-8B,43,benign,coordinate_mortality,0,0,0.49196699261665344,-0.014989613555371761,-0.013123631477355957,-2.296619176864624,-2.2816295623779297,2303,2.7093566444212835,15.019609456318593,577662,0.0,0.0,,,,,,,,,,,,,,,,,,
Qwen3-8B,43,benign,coordinate_mortality,1,819200,0.4967433512210846,-0.0071771894581615925,-0.006224632263183594,-2.2506725788116455,-2.2434957027435303,2303,2.5877474241668352,13.299779074725297,577662,2.133049488067627,0.0765635073184967,0.773017520532012,2.578284262328525,819200.0,-0.017098885029554367,-0.057858578860759735,-0.057858578860759735,0.05269266664981842,0.23250022530555725,2.781468391418457,2.133049488067627,0.7668789029121399,1.785123586654663,0.4609268307685852,0.4609268307685852,0.04075969383120537,0.0,0.0012107170186936855,0.0012116706930100918
Qwen3-8B,43,benign,coordinate_mortality,2,1638400,0.5128093361854553,0.017604587599635124,0.022411823272705078,-2.180941581726074,-2.1985464096069336,2303,2.548149456478226,12.783425595240692,577662,3.2202281951904297,0.11558660864830017,0.7444420560449362,2.550793227937247,819200.0,0.0015999447787180543,-0.02240058407187462,-0.02240058407187462,-0.00892571359872818,0.1706485152244568,2.1257612705230713,1.556715488433838,0.7323096394538879,1.4475833177566528,0.48267707228660583,0.48267707228660583,0.02400052547454834,0.0,0.0005561331636272371,0.0005570868379436433
Qwen3-8B,43,benign,coordinate_mortality,3,2457600,0.5240989923477173,0.038046710193157196,0.032372236251831055,-2.2450718879699707,-2.283118724822998,2303,2.5313479365420437,12.570438875885786,577662,4.269874095916748,0.15326251089572906,0.7280027805268765,2.505486966219323,819200.0,0.006772915367037058,-0.01557049248367548,-0.01557049248367548,-0.04722337797284126,0.14505034685134888,1.8408968448638916,1.37782621383667,0.7484537959098816,1.2208588123321533,0.4838927984237671,0.4838927984237671,0.022343408316373825,0.0,0.0007068256381899118,0.0007077793125063181
Qwen3-8B,43,benign,coordinate_mortality,4,3276800,0.5301780104637146,0.052588220685720444,0.04159057140350342,-2.2642507553100586,-2.3168392181396484,2303,2.5220669834825555,12.454312935991766,577662,5.072173118591309,0.18206016719341278,0.712615313604474,2.507730337182002,819200.0,0.00892925076186657,-0.014074624516069889,-0.014074624516069889,-0.06372039020061493,0.13509505987167358,1.544074535369873,1.147965908050537,0.7434653639793396,1.0326377153396606,0.4930121600627899,0.4930121600627899,0.023003876209259033,0.0,0.0007886661915108562,0.0007896198658272624
Qwen3-8B,43,benign,coordinate_mortality,5,4096000,0.5397307872772217,0.07303330302238464,0.06295919418334961,-2.38362717628479,-2.456660509109497,2303,2.517100915116669,12.392617285704029,577662,5.575124263763428,0.20011305809020996,0.6998375290632248,2.503048779638484,819200.0,0.013196192681789398,-0.013125546276569366,-0.013125546276569366,-0.09228288382291794,0.13534952700138092,1.3218352794647217,0.8964177966117859,0.6781615018844604,0.9714337587356567,0.5182545185089111,0.5182545185089111,0.026321738958358765,0.0,0.0010020304471254349,0.0010029841214418411
Qwen3-8B,43,benign,coordinate_mortality,6,4915200,0.5566651821136475,0.09664428979158401,0.0863189697265625,-2.54209041595459,-2.6387345790863037,2303,2.5122516920172395,12.332668190443597,577662,6.067164897918701,0.21777431666851044,0.6861613557487726,2.505701672040741,819200.0,0.015579123049974442,-0.014771727845072746,-0.014771727845072746,-0.0968165174126625,0.13091011345386505,1.2093513011932373,0.8480413556098938,0.7012365460395813,0.8621811270713806,0.5146501660346985,0.5146501660346985,0.030350852757692337,0.0,0.001269766129553318,0.0012707198038697243
Qwen3-8B,43,benign,global_projection,0,0,0.49196699261665344,-0.014989613555371761,-0.013123631477355957,-2.296619176864624,-2.2816295623779297,2303,2.7093566444212835,15.019609456318593,577662,0.0,0.0,,,,,,,,,,,,,,,,,,
Qwen3-8B,43,benign,global_projection,1,819200,0.4893617033958435,-0.015561946667730808,-0.015049219131469727,-2.2063004970550537,-2.1907386779785156,2303,2.548768249344989,12.791338335733025,577662,2.781468391418457,0.09983780235052109,0.773017520532012,2.578284262328525,819200.0,-0.017098885029554367,-0.017098885029554367,-0.017098885029554367,0.05269266664981842,0.05269266664981842,2.781468391418457,2.781468391418457,1.0,0.0,0.0,0.4609268307685852,0.04075969383120537,0.0,0.0012362923007458448,0.001237245975062251
Qwen3-8B,43,benign,global_projection,2,1638400,0.49196699261665344,-0.018673282116651535,-0.013625502586364746,-2.168344259262085,-2.1496710777282715,2303,2.5162308872608463,12.381840052385336,577662,4.212380409240723,0.1511988341808319,0.7638265234231949,2.5368658616387982,819200.0,0.0014255064306780696,3.637978807091713e-11,1.4551915228366852e-11,-0.008206367492675781,-8.377541715898218e-11,1.8593084812164307,1.859245777130127,0.9999662637710571,0.01525816973298788,0.0,0.4898315370082855,0.022278478369116783,1.0,0.0007299335557036102,0.0007308872300200164
Qwen3-8B,43,benign,global_projection,3,2457600,0.49240121245384216,-0.02061392366886139,-0.009067535400390625,-2.1582493782043457,-2.1376354694366455,2303,2.5036905688225772,12.227537359852997,577662,5.105391979217529,0.18325252830982208,0.7654334715008736,2.4901949014270213,819200.0,0.0017306962981820107,-7.275957614183426e-11,-8.731149137020111e-11,-0.011598804965615273,5.851847895144147e-10,1.360128402709961,1.360036849975586,0.9999327063560486,0.01577586494386196,0.0,0.4971611797809601,0.018502864986658096,1.0,0.0008666078792884946,0.0008675615536049008
Qwen3-8B,43,benign,global_projection,4,3276800,0.491098552942276,-0.020812181755900383,-0.012793302536010742,-2.149958372116089,-2.129146099090576,2303,2.4965538143953556,12.140583083197273,577662,5.700760841369629,0.20462264120578766,0.7660216484963894,2.4930201999505517,819200.0,0.001386370975524187,-1.127773430198431e-10,-1.0913936421275139e-10,-0.010015844367444515,7.885174735378087e-10,1.1245481967926025,1.124491810798645,0.9999498724937439,0.01126330066472292,0.0,0.4993099272251129,0.01763378083705902,1.0,0.0010150147136300802,0.0010159683879464865
Qwen3-8B,43,benign,global_projection,5,4096000,0.4932696223258972,-0.02227930538356304,-0.017864108085632324,-2.1454105377197266,-2.123131513595581,2303,2.4918388474656243,12.083475371734174,577662,6.186140537261963,0.22204482555389404,0.7660776097327471,2.4887252418824937,819200.0,8.857978536980227e-05,0.0,0.0,-0.0006442971643991768,0.0,1.0311930179595947,1.0311927795410156,0.9999997615814209,0.0006643951637670398,0.0,0.497631311416626,0.016996342688798904,1.0,0.0011298871831968427,0.001130840857513249
Qwen3-8B,43,benign,global_projection,6,4915200,0.4915327727794647,-0.023238955065608025,-0.01682758331298828,-2.1427383422851562,-2.119499444961548,2303,2.4883631889328233,12.041550238381586,577662,6.606391429901123,0.23712927103042603,0.7660444187372923,2.4906929771217983,819200.0,0.0004368464578874409,1.4551915228366852e-11,-7.275957614183426e-12,-0.0031657007057219744,5.2727034544064466e-11,0.977677583694458,0.9776726961135864,0.9999949932098389,0.0030950347427278757,0.0,0.49819883704185486,0.017423218116164207,1.0,0.0012040614383295178,0.001205015112645924
Qwen3-8B,43,benign,unconstrained,0,0,0.49196699261665344,-0.014989613555371761,-0.013123631477355957,-2.296619176864624,-2.2816295623779297,2303,2.7093566444212835,15.019609456318593,577662,0.0,0.0,,,,,,,,,,,,,,,,,,
Qwen3-8B,43,benign,unconstrained,1,819200,0.4893617033958435,-0.015561946667730808,-0.015049219131469727,-2.2063004970550537,-2.1907386779785156,2303,2.548768249344989,12.791338335733025,577662,2.781468391418457,0.09983780235052109,0.773017520532012,2.578284262328525,819200.0,-0.017098885029554367,-0.017098885029554367,-0.017098885029554367,0.05269266664981842,0.05269266664981842,2.781468391418457,2.781468391418457,1.0,0.0,0.0,0.4609268307685852,0.04075969383120537,0.0,0.0012362923007458448,0.001237245975062251
Qwen3-8B,43,benign,unconstrained,2,1638400,0.4915327727794647,-0.01983748935163021,-0.008493900299072266,-2.1718358993530273,-2.151998519897461,2303,2.5161874200170256,12.381301859621791,577662,4.212390422821045,0.15119919180870056,0.7638265234231949,2.5368658616387982,819200.0,0.0014255064306780696,0.0014255064306780696,0.0014255064306780696,-0.008206367492675781,-0.008206367492675781,1.8593084812164307,1.8593084812164307,1.0,0.0,0.0,0.4898315370082855,0.022278478369116783,0.0,0.0007293933304026723,0.0007303470047190785
Qwen3-8B,43,benign,unconstrained,3,2457600,0.49196699261665344,-0.02367394231259823,-0.01002359390258789,-2.165046215057373,-2.1413722038269043,2303,2.5035678489188964,12.226036889716601,577662,5.10561466217041,0.18326051533222198,0.7670143255591393,2.49019002230576,819200.0,0.0013376224087551236,0.0013376224087551236,0.0013376224087551236,-0.008692421019077301,-0.008692421019077301,1.3595331907272339,1.3595331907272339,1.0,0.0,0.0,0.4966936409473419,0.01875615306198597,0.0,0.0008829833241179585,0.0008839369984343648
Qwen3-8B,43,benign,unconstrained,4,3276800,0.4889274835586548,-0.02459597773849964,-0.016731619834899902,-2.158935308456421,-2.1343393325805664,2303,2.4965481544571047,12.140514368441151,577662,5.7049174308776855,0.20477184653282166,0.7689108556509018,2.492722515804344,819200.0,0.0007216001977212727,0.0007216001977212727,0.0007216001977212727,-0.004878134932368994,-0.004878134932368994,1.131811499595642,1.131811499595642,1.0,0.0,0.0,0.49813154339790344,0.018329322338104248,0.0,0.0010568369179964066,0.0010577905923128128
Qwen3-8B,43,benign,unconstrained,5,4096000,0.48805904388427734,-0.024881277233362198,-0.018954753875732422,-2.152888059616089,-2.12800669670105,2303,2.4917869444118055,12.082848218737356,577662,6.198062896728516,0.22247275710105896,0.7699451805651187,2.4886768868970104,819200.0,-0.0006076362333260477,-0.0006076362333260477,-0.0006076362333260477,0.004091161303222179,0.004091161303222179,1.0336377620697021,1.0336377620697021,1.0,0.0,0.0,0.4972530007362366,0.017821557819843292,0.0,0.0011826572008430958,0.001183610875159502
Qwen3-8B,43,benign,unconstrained,6,4915200,0.4889274835586548,-0.02635863609611988,-0.018353939056396484,-2.15096378326416,-2.124605178833008,2303,2.4882578241444606,12.040281549827885,577662,6.61433219909668,0.23741430044174194,0.7695197653770447,2.4906103033400724,819200.0,0.0001321307208854705,0.0001321307208854705,0.0001321307208854705,-0.0009024194441735744,-0.0009024194441735744,0.9763451218605042,0.9763451218605042,1.0,0.0,0.0,0.49750006198883057,0.018206307664513588,0.0,0.0012502020690590143,0.0012511557433754206
Qwen3-8B,43,conflict,coordinate_mortality,0,0,0.49196699261665344,-0.014989613555371761,-0.013123631477355957,-2.296619176864624,-2.2816295623779297,2303,2.2513215265746207,9.500282419895056,109575,0.0,0.0,,,,,,,,,,,,,,,,,,
Qwen3-8B,43,conflict,coordinate_mortality,1,819200,0.5075987577438354,0.011973516084253788,0.014919281005859375,-2.066776752471924,-2.0787503719329834,2303,2.1189030037039416,8.322003271738287,109575,4.706972122192383,0.16895167529582977,0.773017520532012,1.9615344733760867,819200.0,-0.04139794036746025,-0.09172430634498596,-0.09172430634498596,0.06643112003803253,0.16703186929225922,5.341506004333496,4.706972122192383,0.8812069296836853,2.5250933170318604,0.35803884267807007,0.35803884267807007,0.05032636225223541,0.0,0.0012718711514025927,0.001272824825718999
Qwen3-8B,43,conflict,coordinate_mortality,2,1638400,0.5175857543945312,0.042024023830890656,0.028421401977539062,-1.9823530912399292,-2.0243773460388184,2303,2.0532982919402736,7.793564210858838,109575,6.125709533691406,0.21987572312355042,0.7307606633007526,1.9348405271430966,819200.0,0.0017357540782541037,-0.03555958718061447,-0.03555958718061447,-0.004709719214588404,0.1395622193813324,3.326288938522339,2.2996177673339844,0.6913463473320007,2.4033219814300537,0.49709758162498474,0.49709758162498474,0.03729534149169922,0.0,0.0007710925419814885,0.0007720462162978947
Qwen3-8B,43,conflict,coordinate_mortality,3,2457600,0.5327833294868469,0.06714671105146408,0.05120277404785156,-2.272357225418091,-2.3395040035247803,2303,2.4001273118440567,11.02457985089128,109575,7.480601787567139,0.26850810647010803,0.7130568198114634,1.9191483408251953,819200.0,0.03104853257536888,-0.03901559114456177,-0.03901559114456177,-0.055312320590019226,0.0931825190782547,2.754344940185547,2.0544846057891846,0.7459067702293396,1.8345322608947754,0.5022773742675781,0.5022773742675781,0.07006412744522095,0.0,0.0015068164793774486,0.0015077701536938548
Qwen3-8B,43,conflict,coordinate_mortality,4,3276800,0.5540599226951599,0.10332903265953064,0.09116888046264648,-2.089218854904175,-2.1925480365753174,2303,2.358728105883171,10.57748944652767,109575,8.171278953552246,0.29329922795295715,0.6973329079151154,1.9177253941621166,819200.0,0.04164838418364525,-0.03809506446123123,-0.03809506446123123,-0.07305912673473358,0.10483134537935257,2.351670265197754,1.4990990161895752,0.6374614238739014,1.8119206428527832,0.5495325326919556,0.5495325326919556,0.07974344491958618,0.0,0.001783196348696947,0.0017841500230133533
Qwen3-8B,43,conflict,coordinate_mortality,5,4096000,0.5796786546707153,0.3253464996814728,0.2380995750427246,-3.674623489379883,-3.999969720840454,2303,4.458916304159893,86.3938337094817,109575,8.882935523986816,0.31884336471557617,0.6811773529648781,1.918634058887401,819200.0,0.09997528046369553,-0.043672796338796616,-0.043672796338796616,-0.09930417686700821,0.0687192901968956,2.264631509780884,1.429567813873291,0.631258487701416,1.756386160850525,0.5820698142051697,0.5820698142051697,0.14364807307720184,0.0,0.003214502241462469,0.0032154559157788754
Qwen3-8B,43,conflict,coordinate_mortality,6,4915200,0.5080329775810242,0.010758078657090664,0.014913439750671387,-1.9075381755828857,-1.918296217918396,2303,1.9476346004137077,7.01208157355778,109575,9.33642578125,0.33512091636657715,0.7288984096422791,1.930810625905724,819200.0,-0.47620221972465515,-0.7281002402305603,-0.7281002402305603,0.09266019612550735,0.1872577667236328,2.1976749897003174,1.662710428237915,0.7565770149230957,1.4370696544647217,0.4355356693267822,0.4355356693267822,0.25189799070358276,0.0,0.015873219817876816,0.01587692791781592
Qwen3-8B,43,conflict,global_projection,0,0,0.49196699261665344,-0.014989613555371761,-0.013123631477355957,-2.296619176864624,-2.2816295623779297,2303,2.2513215265746207,9.500282419895056,109575,0.0,0.0,,,,,,,,,,,,,,,,,,
Qwen3-8B,43,conflict,global_projection,1,819200,0.4954407215118408,-0.017319155856966972,-0.007344365119934082,-1.9203938245773315,-1.9030747413635254,2303,1.9397640219045889,6.957109051572867,109575,5.341506004333496,0.19172757863998413,0.773017520532012,1.9615344733760867,819200.0,-0.04139794036746025,-0.04139794036746025,-0.04139794036746025,0.06643112003803253,0.06643112003803253,5.341506004333496,5.341506004333496,1.0,0.0,0.0,0.35803884267807007,0.05032636225223541,0.0,0.0013344647595658898,0.001335418433882296
Qwen3-8B,43,conflict,global_projection,2,1638400,0.49804601073265076,-0.015557308681309223,-0.004674434661865234,-1.8995704650878906,-1.884013295173645,2303,1.922123062025867,6.835455170449589,109575,7.1554083824157715,0.2568356394767761,0.7669185772538185,1.9217490168006044,819200.0,-0.0045629278756678104,-0.0045629278756678104,-0.0045629278756678104,0.006912608630955219,0.006912608630955219,2.6541428565979004,2.6541428565979004,1.0,0.0,0.0,0.4668671190738678,0.05873977392911911,0.0,0.0018710724543780088,0.001872026128694415
Qwen3-8B,43,conflict,global_projection,3,2457600,0.4950065016746521,-0.015357046388089657,-0.005986452102661133,-1.890041708946228,-1.874684453010559,2303,1.9120297627641598,6.766809887284293,109575,8.445762634277344,0.30315151810646057,0.7633761364221573,1.9035087659097918,819200.0,-0.0023566943127661943,-0.0023566943127661943,-0.0023566943127661943,0.0033776091877371073,0.0033776091877371073,2.1473143100738525,2.1473143100738525,1.0,0.0,0.0,0.48235955834388733,0.06034257262945175,0.0,0.002476342488080263,0.0024772961623966694
Qwen3-8B,43,conflict,global_projection,4,3276800,0.49413806200027466,-0.016889220103621483,-0.0073087215423583984,-1.8891773223876953,-1.8722877502441406,2303,1.9056880677118981,6.72403262604017,109575,9.548168182373047,0.342721164226532,0.762205118983984,1.8940706899296493,819200.0,0.0009355894289910793,2.764863893389702e-10,2.9103830456733704e-10,-0.0011680566240102053,-3.633532086322333e-10,1.9129047393798828,1.9129034280776978,0.9999992847442627,0.0022343811579048634,0.0,0.4936637282371521,0.06809090822935104,1.0,0.003275556256994605,0.0032765099313110113
Qwen3-8B,43,conflict,global_projection,5,4096000,0.491098552942276,-0.017995843663811684,-0.017052769660949707,-1.8882122039794922,-1.8702163696289062,2303,1.9013850103783438,6.6951608910529155,109575,10.49091911315918,0.37656018137931824,0.7636300005763769,1.89434560008478,819200.0,-0.0010759546421468258,-0.0010759546421468258,-0.0010759546421468258,0.0011500193504616618,0.0011500193504616618,1.7789407968521118,1.7789407968521118,1.0,0.0,0.0,0.4956458508968353,0.0742124617099762,0.0,0.004167602397501469,0.004168556071817875
Qwen3-8B,43,conflict,global_projection,6,4915200,0.4945722818374634,-0.018961038440465927,-0.007441282272338867,-1.8888388872146606,-1.8698779344558716,2303,1.8986253707506273,6.676710130178946,109575,11.372359275817871,0.4081985354423523,0.7636370741575956,1.8828935650605125,819200.0,0.0005485794972628355,8.731149137020111e-11,8.731149137020111e-11,-0.0005786957917734981,-9.210478907339947e-11,1.6868460178375244,1.6868457794189453,0.9999998807907104,0.0009761708788573742,0.0,0.501908004283905,0.07361819595098495,1.0,0.004534819163382053,0.00453577283769846
Qwen3-8B,43,conflict,unconstrained,0,0,0.49196699261665344,-0.014989613555371761,-0.013123631477355957,-2.296619176864624,-2.2816295623779297,2303,2.2513215265746207,9.500282419895056,109575,0.0,0.0,,,,,,,,,,,,,,,,,,
Qwen3-8B,43,conflict,unconstrained,1,819200,0.4954407215118408,-0.017319155856966972,-0.007344365119934082,-1.9203938245773315,-1.9030747413635254,2303,1.9397640219045889,6.957109051572867,109575,5.341506004333496,0.19172757863998413,0.773017520532012,1.9615344733760867,819200.0,-0.04139794036746025,-0.04139794036746025,-0.04139794036746025,0.06643112003803253,0.06643112003803253,5.341506004333496,5.341506004333496,1.0,0.0,0.0,0.35803884267807007,0.05032636225223541,0.0,0.0013344647595658898,0.001335418433882296
Qwen3-8B,43,conflict,unconstrained,2,1638400,0.49804601073265076,-0.015557308681309223,-0.004674434661865234,-1.8995704650878906,-1.884013295173645,2303,1.922123062025867,6.835455170449589,109575,7.1554083824157715,0.2568356394767761,0.7669185772538185,1.9217490168006044,819200.0,-0.0045629278756678104,-0.0045629278756678104,-0.0045629278756678104,0.006912608630955219,0.006912608630955219,2.6541428565979004,2.6541428565979004,1.0,0.0,0.0,0.4668671190738678,0.05873977392911911,0.0,0.0018710724543780088,0.001872026128694415
Qwen3-8B,43,conflict,unconstrained,3,2457600,0.4950065016746521,-0.015357046388089657,-0.005986452102661133,-1.890041708946228,-1.874684453010559,2303,1.9120297627641598,6.766809887284293,109575,8.445762634277344,0.30315151810646057,0.7633761364221573,1.9035087659097918,819200.0,-0.0023566943127661943,-0.0023566943127661943,-0.0023566943127661943,0.0033776091877371073,0.0033776091877371073,2.1473143100738525,2.1473143100738525,1.0,0.0,0.0,0.48235955834388733,0.06034257262945175,0.0,0.002476342488080263,0.0024772961623966694
Qwen3-8B,43,conflict,unconstrained,4,3276800,0.49413806200027466,-0.018273452296853065,-0.0071707963943481445,-1.8923088312149048,-1.8740352392196655,2303,1.9057646831953714,6.724547810786016,109575,9.54819107055664,0.34272199869155884,0.762205118983984,1.8940706899296493,819200.0,0.0009355894289910793,0.0009355894289910793,0.0009355894289910793,-0.0011680566240102053,-0.0011680566240102053,1.9129047393798828,1.9129047393798828,1.0,0.0,0.0,0.4936637282371521,0.06809090822935104,0.0,0.0032752850092947483,0.0032762386836111546
Qwen3-8B,43,conflict,unconstrained,5,4096000,0.49023011326789856,-0.01804753765463829,-0.01440572738647461,-1.8882248401641846,-1.8701773881912231,2303,1.9013089268462668,6.694651518942161,109575,10.4927396774292,0.37662553787231445,0.7648573053628206,1.8943849900901841,819200.0,-0.0022203181870281696,-0.0022203181870281696,-0.0022203181870281696,0.00231937225908041,0.00231937225908041,1.7794240713119507,1.7794240713119507,1.0,0.0,0.0,0.49596908688545227,0.07548991590738297,0.0,0.0042636813595891,0.004264635033905506
Qwen3-8B,43,conflict,unconstrained,6,4915200,0.49630916118621826,-0.019508788362145424,-0.004960536956787109,-1.8902021646499634,-1.8706934452056885,2303,1.8986827847382644,6.6770934777364666,109575,11.371620178222656,0.40817201137542725,0.7635130624473095,1.8828380535902398,819200.0,0.0004629112663678825,0.0004629112663678825,0.0004629112663678825,-0.0004923439119011164,-0.0004923439119011164,1.6791396141052246,1.6791396141052246,1.0,0.0,0.0,0.5020902156829834,0.07328443229198456,0.0,0.004522982519119978,0.004523936193436384
Qwen3-8B,44,benign,coordinate_mortality,0,0,0.49023011326789856,-0.01417633704841137,-0.017775654792785645,-2.3098390102386475,-2.2956628799438477,2303,2.7102825007719695,15.033521896585311,577662,0.0,0.0,,,,,,,,,,,,,,,,,,
Qwen3-8B,44,benign,coordinate_mortality,1,819200,0.49804601073265076,-0.0075816502794623375,-0.00735926628112793,-2.2641069889068604,-2.2565252780914307,2303,2.5880784680044298,13.30418261347132,577662,2.1314265727996826,0.07650480419397354,0.7721591664105654,2.5725836114346747,819200.0,-0.016834978014230728,-0.05652618408203125,-0.05652618408203125,0.05353766307234764,0.23477450013160706,2.78371524810791,2.1314265727996826,0.7656769156455994,1.7905561923980713,0.4611571431159973,0.4611571431159973,0.03969120606780052,0.0,0.0011833288008347154,0.0011842824751511216
Qwen3-8B,44,benign,coordinate_mortality,2,1638400,0.5149804353713989,0.01753157749772072,0.02057361602783203,-2.1914010047912598,-2.208932638168335,2303,2.548227622118882,12.784424858945659,577662,3.217542886734009,0.11548954248428345,0.744514655098319,2.5345577031862923,819200.0,0.0011179628781974316,-0.022619877010583878,-0.022619877010583878,-0.006313984747976065,0.17336653172969818,2.1174752712249756,1.5603408813476562,0.7368873953819275,1.4314459562301636,0.4821353852748871,0.4821353852748871,0.023737840354442596,0.0,0.0005589715437963605,0.0005599252181127667
Qwen3-8B,44,benign,coordinate_mortality,3,2457600,0.5210594534873962,0.03779393061995506,0.0320584774017334,-2.256565570831299,-2.2943594455718994,2303,2.531135063356686,12.5677632513154,577662,4.261394023895264,0.1529572308063507,0.7275910264253617,2.5103079876228005,819200.0,0.006599111016839743,-0.015458895824849606,-0.015458895824849606,-0.04651118814945221,0.14588657021522522,1.8363049030303955,1.3714499473571777,0.7468530535697937,1.2211227416992188,0.48510828614234924,0.48510828614234924,0.02205800637602806,0.0,0.0007019062177278101,0.0007028598920442164
Qwen3-8B,44,benign,coordinate_mortality,4,3276800,0.531046450138092,0.05526135861873627,0.048076629638671875,-2.2917377948760986,-2.346999168395996,2303,2.5223657785202462,12.458034778901293,577662,5.073671817779541,0.1821128875017166,0.7121556368470192,2.5081171397696016,819200.0,0.008666065521538258,-0.013461638242006302,-0.013461638242006302,-0.06400090456008911,0.13406382501125336,1.5355502367019653,1.1387135982513428,0.7415671348571777,1.030168056488037,0.49306726455688477,0.49306726455688477,0.022127704694867134,0.0,0.0007572738104499876,0.0007582274847663939
Qwen3-8B,44,benign,coordinate_mortality,5,4096000,0.5432044863700867,0.07798133045434952,0.0670473575592041,-2.417602300643921,-2.4955835342407227,2303,2.5166750115254466,12.387340349310254,577662,5.6336894035339355,0.20221400260925293,0.6979276876151562,2.509578536413028,819200.0,0.012910012155771255,-0.013142489828169346,-0.013142489828169346,-0.09161891788244247,0.13368730247020721,1.3037968873977661,0.9096114635467529,0.6976634860038757,0.9340735673904419,0.5111360549926758,0.5111360549926758,0.026052502915263176,0.0,0.0009986653458327055,0.0009996190201491117
Qwen3-8B,44,benign,coordinate_mortality,6,4915200,0.5562309622764587,0.09999946504831314,0.0830373764038086,-2.5688633918762207,-2.668863296508789,2303,2.5116295163737616,12.324997491184977,577662,6.1327009201049805,0.22012537717819214,0.6833208222687245,2.5043278851447393,819200.0,0.015392391011118889,-0.015204930678009987,-0.015204930678009987,-0.09382432699203491,0.13228486478328705,1.1997872591018677,0.8405971527099609,0.7006218433380127,0.8560875654220581,0.5159041881561279,0.5159041881561279,0.030597321689128876,0.0,0.0012844644952565432,0.0012854181695729494
Qwen3-8B,44,benign,global_projection,0,0,0.49023011326789856,-0.01417633704841137,-0.017775654792785645,-2.3098390102386475,-2.2956628799438477,2303,2.7102825007719695,15.033521896585311,577662,0.0,0.0,,,,,,,,,,,,,,,,,,
Qwen3-8B,44,benign,global_projection,1,819200,0.49413806200027466,-0.015121015720069408,-0.009822607040405273,-2.2226336002349854,-2.207512855529785,2303,2.5495164211646473,12.80091203555116,577662,2.78371524810791,0.09991785883903503,0.7721591664105654,2.5725836114346747,819200.0,-0.016834978014230728,-0.016834978014230728,-0.016834978014230728,0.05353766307234764,0.05353766307234764,2.78371524810791,2.78371524810791,1.0,0.0,0.0,0.4611571431159973,0.03969120606780052,0.0,0.001207920489832759,0.0012088741641491652
Qwen3-8B,44,benign,global_projection,2,1638400,0.4932696223258972,-0.018265588209033012,-0.011910557746887207,-2.181542158126831,-2.1632766723632812,2303,2.5165863323973405,12.386241899474031,577662,4.212696075439453,0.1512092798948288,0.7633765687793493,2.521008335723891,819200.0,0.0007859341567382216,5.820766091346741e-11,1.4551915228366852e-11,-0.00463466951623559,-8.581386296002691e-11,1.862062692642212,1.862042784690857,0.9999893307685852,0.008630044758319855,0.0,0.48777252435684204,0.02152213081717491,1.0,0.0007023712969385087,0.000703324971254915
Qwen3-8B,44,benign,global_projection,3,2457600,0.4967433512210846,-0.020503969863057137,-0.007219195365905762,-2.1654715538024902,-2.144967794418335,2303,2.5036438134724546,12.226965670427473,577662,5.107970237731934,0.18334399163722992,0.7650422141700983,2.495585978292802,819200.0,0.0013330146903172135,-2.9103830456733704e-11,-7.275957614183426e-12,-0.00907228421419859,4.95210365769605e-11,1.3713685274124146,1.371312141418457,0.999958872795105,0.012441445142030716,0.0,0.4970027208328247,0.017811715602874756,1.0,0.0008383025997318327,0.000839256274048239
Qwen3-8B,44,benign,global_projection,4,3276800,0.4945722818374634,-0.021634388715028763,-0.010259389877319336,-2.1551547050476074,-2.1335203647613525,2303,2.496385865701959,12.138544259345071,577662,5.725318431854248,0.20550289750099182,0.7654436077177524,2.4929851640886045,819200.0,0.0010176531504839659,-8.003553375601768e-11,-8.003553375601768e-11,-0.007449469994753599,5.858959983839895e-10,1.1405354738235474,1.1405037641525269,0.9999722242355347,0.00849638506770134,0.0,0.4975394606590271,0.017286203801631927,1.0,0.0009843488223850727,0.000985302496701479
Qwen3-8B,44,benign,global_projection,5,4096000,0.4932696223258972,-0.02212657406926155,-0.009748101234436035,-2.1492552757263184,-2.127128839492798,2303,2.491715659281509,12.08198692202692,577662,6.208685874938965,0.22285275161266327,0.765801119953394,2.494574398540717,819200.0,0.0006251342128962278,6.912159733474255e-11,7.639755494892597e-11,-0.0046310038305819035,-5.659603341534591e-10,1.0238598585128784,1.0238488912582397,0.9999892711639404,0.004741498734802008,0.0,0.501862645149231,0.017142020165920258,1.0,0.0011027995496988297,0.001103753224015236
Qwen3-8B,44,benign,global_projection,6,4915200,0.49196699261665344,-0.02292504720389843,-0.012755155563354492,-2.150094509124756,-2.127169370651245,2303,2.4883526534683127,12.041423375724676,577662,6.640535354614258,0.238353431224823,0.7658537788689137,2.489564927419997,819200.0,0.0010466028470546007,6.548361852765083e-11,3.637978807091713e-11,-0.007701130583882332,-2.676983079652473e-10,0.9773435592651367,0.9773145318031311,0.9999703168869019,0.0075266496278345585,0.0,0.50165855884552,0.01747801899909973,1.0,0.0011884175473824143,0.0011893712216988206
Qwen3-8B,44,benign,unconstrained,0,0,0.49023011326789856,-0.01417633704841137,-0.017775654792785645,-2.3098390102386475,-2.2956628799438477,2303,2.7102825007719695,15.033521896585311,577662,0.0,0.0,,,,,,,,,,,,,,,,,,
Qwen3-8B,44,benign,unconstrained,1,819200,0.49413806200027466,-0.015121015720069408,-0.009822607040405273,-2.2226336002349854,-2.207512855529785,2303,2.5495164211646473,12.80091203555116,577662,2.78371524810791,0.09991785883903503,0.7721591664105654,2.5725836114346747,819200.0,-0.016834978014230728,-0.016834978014230728,-0.016834978014230728,0.05353766307234764,0.05353766307234764,2.78371524810791,2.78371524810791,1.0,0.0,0.0,0.4611571431159973,0.03969120606780052,0.0,0.001207920489832759,0.0012088741641491652
Qwen3-8B,44,benign,unconstrained,2,1638400,0.4932696223258972,-0.019294999539852142,-0.01335287094116211,-2.1836037635803223,-2.164308786392212,2303,2.516542870225149,12.385703578194182,577662,4.212701797485352,0.1512094885110855,0.7633765687793493,2.521008335723891,819200.0,0.0007859341567382216,0.0007859341567382216,0.0007859341567382216,-0.00463466951623559,-0.00463466951623559,1.862062692642212,1.862062692642212,1.0,0.0,0.0,0.48777252435684204,0.02152213081717491,0.0,0.0007021023193374276,0.0007030559936538339
Qwen3-8B,44,benign,unconstrained,3,2457600,0.4954407215118408,-0.022253496572375298,-0.010855674743652344,-2.1700499057769775,-2.147796392440796,2303,2.503630018640875,12.226797002658694,577662,5.112000465393066,0.1834886521100998,0.7659586686640978,2.4956257108942372,819200.0,0.0011510713957250118,0.0011510713957250118,0.0011510713957250118,-0.0076878988184034824,-0.0076878988184034824,1.3719139099121094,1.3719139099121094,1.0,0.0,0.0,0.49738821387290955,0.018021412193775177,0.0,0.0008479279931634665,0.0008488816674798727
Qwen3-8B,44,benign,unconstrained,4,3276800,0.4915327727794647,-0.023702066391706467,-0.014303326606750488,-2.1616101264953613,-2.1379079818725586,2303,2.496689771251398,12.142233790913755,577662,5.69852876663208,0.20454132556915283,0.7676833294332027,2.493267433201836,819200.0,0.0005172251258045435,0.0005172251258045435,0.0005172251258045435,-0.0037376629188656807,-0.0037376629188656807,1.1107033491134644,1.1107033491134644,1.0,0.0,0.0,0.49691468477249146,0.017431728541851044,0.0,0.001006194856017828,0.0010071485303342342
Qwen3-8B,44,benign,unconstrained,5,4096000,0.4915327727794647,-0.02423866093158722,-0.016113758087158203,-2.1559765338897705,-2.1317379474639893,2303,2.4918799124477204,12.083971589622493,577662,6.1905317306518555,0.2222011387348175,0.7685489658266306,2.4948561072314623,819200.0,0.0001239395496668294,0.0001239395496668294,0.0001239395496668294,-0.0008712069247849286,-0.0008712069247849286,1.0289264917373657,1.0289264917373657,1.0,0.0,0.0,0.5014041662216187,0.017657630145549774,0.0,0.0011320126941427588,0.001132966368459165
Qwen3-8B,44,benign,unconstrained,6,4915200,0.4871906042098999,-0.025487245991826057,-0.022163867950439453,-2.1579787731170654,-2.13249135017395,2303,2.4884159761406757,12.042185894974004,577662,6.608989715576172,0.2372211366891861,0.7687190033495426,2.4898037889323312,819200.0,0.0004814449930563569,0.0004814449930563569,0.0004814449930563569,-0.0033777172211557627,-0.0033777172211557627,0.9694435000419617,0.9694435000419617,1.0,0.0,0.0,0.49934104084968567,0.01796051859855652,0.0,0.0012286261189728975,0.0012295797932893038
Qwen3-8B,44,conflict,coordinate_mortality,0,0,0.49023011326789856,-0.01417633704841137,-0.017775654792785645,-2.3098390102386475,-2.2956628799438477,2303,2.2610130465675264,9.59280220139859,109575,0.0,0.0,,,,,,,,,,,,,,,,,,
Qwen3-8B,44,conflict,coordinate_mortality,1,819200,0.506730318069458,0.013136506080627441,0.009958028793334961,-2.0712621212005615,-2.0843985080718994,2303,2.1227934650522973,8.354442765189425,109575,4.766653060913086,0.17109285295009613,0.7721591664105654,1.9664834625118237,819200.0,-0.042294975370168686,-0.09132500737905502,-0.09132500737905502,0.0691460445523262,0.16960856318473816,5.414932727813721,4.766653060913086,0.8802793025970459,2.5691473484039307,0.357308566570282,0.357308566570282,0.049030035734176636,0.0,0.0012464729370549321,0.0012474266113713384
Qwen3-8B,44,conflict,coordinate_mortality,2,1638400,0.5210594534873962,0.04038321599364281,0.02648472785949707,-1.9791456460952759,-2.01952862739563,2303,2.046133972766762,7.737928164520998,109575,6.282465934753418,0.22550098598003387,0.7297915641218424,1.9328001878321812,819200.0,0.002167867263779044,-0.03587927669286728,-0.03587927669286728,-0.00583843095228076,0.13493888080120087,3.317763090133667,2.3758304119110107,0.7160940766334534,2.3158111572265625,0.4921366572380066,0.4921366572380066,0.03804714232683182,0.0,0.0007780893356539309,0.0007790430099703372
Qwen3-8B,44,conflict,coordinate_mortality,3,2457600,0.5314806699752808,0.05913836136460304,0.04338216781616211,-2.228961706161499,-2.288099765777588,2303,2.331875311372597,10.297233957684966,109575,7.5226030349731445,0.27001410722732544,0.7139739562571049,1.9231715807518048,819200.0,0.031679149717092514,-0.03684521093964577,-0.03684521093964577,-0.05873029679059982,0.09447241574525833,2.7177770137786865,1.9650723934173584,0.7230440378189087,1.8774456977844238,0.5134968161582947,0.5134968161582947,0.06852436065673828,0.0,0.001429130556061864,0.0014300842303782701
Qwen3-8B,44,conflict,coordinate_mortality,4,3276800,0.5366912484169006,0.06479475647211075,0.06028175354003906,-1.9592196941375732,-2.0240142345428467,2303,2.1034692265838895,8.194549405298677,109575,8.225079536437988,0.29522860050201416,0.6992921368777751,1.9227850896639576,819200.0,0.029146723449230194,-0.03271511197090149,-0.03271511197090149,-0.06430172175168991,0.11246256530284882,2.3456263542175293,1.50533127784729,0.6417608857154846,1.7988721132278442,0.5450472235679626,0.5450472235679626,0.061861827969551086,0.0,0.001435286132618785,0.0014362398069351912
Qwen3-8B,44,conflict,coordinate_mortality,5,4096000,0.5727311968803406,0.1975596696138382,0.16066551208496094,-2.8442277908325195,-3.0417873859405518,2303,3.2926068425771446,26.912930062135988,109575,8.917036056518555,0.3200654685497284,0.692901765331626,1.912781244697544,819200.0,0.06552662700414658,-0.03287550061941147,-0.03287550061941147,-0.088149294257164,0.06951291859149933,2.233532190322876,1.4210196733474731,0.6362208127975464,1.7231855392456055,0.5755420327186584,0.5755420327186584,0.09840212762355804,0.0,0.002257760614156723,0.0022587142884731293
Qwen3-8B,44,conflict,coordinate_mortality,6,4915200,0.5123751759529114,0.02819068916141987,0.019986510276794434,-1.9294527769088745,-1.9576435089111328,2303,1.978735496943981,7.233590302539459,109575,9.490555763244629,0.3406512141227722,0.6688419745117425,1.9209605962970817,819200.0,-0.008166368119418621,-0.08286549896001816,-0.08286549896001816,0.009392483159899712,0.1402493715286255,2.2266814708709717,1.5131514072418213,0.6795545220375061,1.6335493326187134,0.5036346912384033,0.5036346912384033,0.07469913363456726,0.0,0.0026595646049827337,0.00266051827929914
Qwen3-8B,44,conflict,global_projection,0,0,0.49023011326789856,-0.01417633704841137,-0.017775654792785645,-2.3098390102386475,-2.2956628799438477,2303,2.2610130465675264,9.59280220139859,109575,0.0,0.0,,,,,,,,,,,,,,,,,,
Qwen3-8B,44,conflict,global_projection,1,819200,0.4954407215118408,-0.017273832112550735,-0.008844494819641113,-1.9183075428009033,-1.9010334014892578,2303,1.9395620575055612,6.955704105103656,109575,5.414932727813721,0.19436201453208923,0.7721591664105654,1.9664834625118237,819200.0,-0.042294975370168686,-0.042294975370168686,-0.042294975370168686,0.0691460445523262,0.0691460445523262,5.414932727813721,5.414932727813721,1.0,0.0,0.0,0.357308566570282,0.049030035734176636,0.0,0.00130524393171072,0.0013061976060271263
Qwen3-8B,44,conflict,global_projection,2,1638400,0.4954407215118408,-0.016240501776337624,-0.012794971466064453,-1.9006344079971313,-1.8843941688537598,2303,1.922956853227313,6.841156889519862,109575,7.190526008605957,0.2580946385860443,0.7653555971384048,1.919695195608365,819200.0,-0.004162658005952835,-0.004162658005952835,-0.004162658005952835,0.006289267912507057,0.006289267912507057,2.620084047317505,2.620084047317505,1.0,0.0,0.0,0.46878698468208313,0.05794011801481247,0.0,0.0018592076376080513,0.0018601613119244576
Qwen3-8B,44,conflict,global_projection,3,2457600,0.4932696223258972,-0.017036573961377144,-0.00973200798034668,-1.8928136825561523,-1.875777006149292,2303,1.9126888316052433,6.771271150812942,109575,8.491743087768555,0.3048001527786255,0.7630379740148783,1.907664902855322,819200.0,-0.0016890480183064938,-0.0016890480183064938,-0.0016890480183064938,0.0024582850746810436,0.0024582850746810436,2.1592793464660645,2.1592793464660645,1.0,0.0,0.0,0.4857802093029022,0.05942853167653084,0.0,0.002367094624787569,0.0023680482991039753
Qwen3-8B,44,conflict,global_projection,4,3276800,0.4932696223258972,-0.0182145107537508,-0.01236426830291748,-1.890281319618225,-1.872066855430603,2303,1.9058896015366544,6.725387882613515,109575,9.59506893157959,0.34440258145332336,0.7636319453269244,1.8989825554376876,819200.0,-0.001276175957173109,-0.001276175957173109,-0.001276175957173109,0.0016063885996118188,0.0016063885996118188,1.919658899307251,1.919658899307251,1.0,0.0,0.0,0.49222227931022644,0.06543932855129242,0.0,0.003138783387839794,0.0031397370621562004
Qwen3-8B,44,conflict,global_projection,5,4096000,0.49587494134902954,-0.017781395465135574,-0.00487208366394043,-1.8881011009216309,-1.8703198432922363,2303,1.9019467438113165,6.698922843272796,109575,10.481889724731445,0.37623387575149536,0.7642576298862696,1.890674919619487,819200.0,-0.00032949610613286495,-0.00032949610613286495,-0.00032949610613286495,0.0003678840585052967,0.0003678840585052967,1.7229410409927368,1.7229410409927368,1.0,0.0,0.0,0.4951009154319763,0.06882224977016449,0.0,0.003974816296249628,0.003975769970566034
Qwen3-8B,44,conflict,global_projection,6,4915200,0.4945722818374634,-0.01885075494647026,-0.00782787799835205,-1.8898464441299438,-1.8709957599639893,2303,1.8994565361731406,6.682261887670112,109575,11.381810188293457,0.408535361289978,0.7644760720431805,1.8835294462539605,819200.0,-0.0008191142696887255,-0.0008191142696887255,-0.0008191142696887255,0.000830389151815325,0.000830389151815325,1.7051798105239868,1.7051798105239868,1.0,0.0,0.0,0.500421941280365,0.07475581765174866,0.0,0.004564282018691301,0.004565235693007708
Qwen3-8B,44,conflict,unconstrained,0,0,0.49023011326789856,-0.01417633704841137,-0.017775654792785645,-2.3098390102386475,-2.2956628799438477,2303,2.2610130465675264,9.59280220139859,109575,0.0,0.0,,,,,,,,,,,,,,,,,,
Qwen3-8B,44,conflict,unconstrained,1,819200,0.4954407215118408,-0.017273832112550735,-0.008844494819641113,-1.9183075428009033,-1.9010334014892578,2303,1.9395620575055612,6.955704105103656,109575,5.414932727813721,0.19436201453208923,0.7721591664105654,1.9664834625118237,819200.0,-0.042294975370168686,-0.042294975370168686,-0.042294975370168686,0.0691460445523262,0.0691460445523262,5.414932727813721,5.414932727813721,1.0,0.0,0.0,0.357308566570282,0.049030035734176636,0.0,0.00130524393171072,0.0013061976060271263
Qwen3-8B,44,conflict,unconstrained,2,1638400,0.4954407215118408,-0.016240501776337624,-0.012794971466064453,-1.9006344079971313,-1.8843941688537598,2303,1.922956853227313,6.841156889519862,109575,7.190526008605957,0.2580946385860443,0.7653555971384048,1.919695195608365,819200.0,-0.004162658005952835,-0.004162658005952835,-0.004162658005952835,0.006289267912507057,0.006289267912507057,2.620084047317505,2.620084047317505,1.0,0.0,0.0,0.46878698468208313,0.05794011801481247,0.0,0.0018592076376080513,0.0018601613119244576
Qwen3-8B,44,conflict,unconstrained,3,2457600,0.4932696223258972,-0.017036573961377144,-0.00973200798034668,-1.8928136825561523,-1.875777006149292,2303,1.9126888316052433,6.771271150812942,109575,8.491743087768555,0.3048001527786255,0.7630379740148783,1.907664902855322,819200.0,-0.0016890480183064938,-0.0016890480183064938,-0.0016890480183064938,0.0024582850746810436,0.0024582850746810436,2.1592793464660645,2.1592793464660645,1.0,0.0,0.0,0.4857802093029022,0.05942853167653084,0.0,0.002367094624787569,0.0023680482991039753
Qwen3-8B,44,conflict,unconstrained,4,3276800,0.4932696223258972,-0.0182145107537508,-0.01236426830291748,-1.890281319618225,-1.872066855430603,2303,1.9058896015366544,6.725387882613515,109575,9.59506893157959,0.34440258145332336,0.7636319453269244,1.8989825554376876,819200.0,-0.001276175957173109,-0.001276175957173109,-0.001276175957173109,0.0016063885996118188,0.0016063885996118188,1.919658899307251,1.919658899307251,1.0,0.0,0.0,0.49222227931022644,0.06543932855129242,0.0,0.003138783387839794,0.0031397370621562004
Qwen3-8B,44,conflict,unconstrained,5,4096000,0.49587494134902954,-0.017781395465135574,-0.00487208366394043,-1.8881011009216309,-1.8703198432922363,2303,1.9019467438113165,6.698922843272796,109575,10.481889724731445,0.37623387575149536,0.7642576298862696,1.890674919619487,819200.0,-0.00032949610613286495,-0.00032949610613286495,-0.00032949610613286495,0.0003678840585052967,0.0003678840585052967,1.7229410409927368,1.7229410409927368,1.0,0.0,0.0,0.4951009154319763,0.06882224977016449,0.0,0.003974816296249628,0.003975769970566034
Qwen3-8B,44,conflict,unconstrained,6,4915200,0.4945722818374634,-0.01885075494647026,-0.00782787799835205,-1.8898464441299438,-1.8709957599639893,2303,1.8994565361731406,6.682261887670112,109575,11.381810188293457,0.408535361289978,0.7644760720431805,1.8835294462539605,819200.0,-0.0008191142696887255,-0.0008191142696887255,-0.0008191142696887255,0.000830389151815325,0.000830389151815325,1.7051798105239868,1.7051798105239868,1.0,0.0,0.0,0.500421941280365,0.07475581765174866,0.0,0.004564282018691301,0.004565235693007708
Qwen3-8B,45,benign,coordinate_mortality,0,0,0.4906643331050873,-0.013930159620940685,-0.013931751251220703,-2.3083384037017822,-2.2944083213806152,2303,2.7083965613352836,15.005196303340574,577662,0.0,0.0,,,,,,,,,,,,,,,,,,
Qwen3-8B,45,benign,coordinate_mortality,1,819200,0.49761179089546204,-0.00727182999253273,-0.0037113428115844727,-2.2495386600494385,-2.2422666549682617,2303,2.5867784505147475,13.286898180854523,577662,2.1329944133758545,0.07652747631072998,0.770182067155838,2.575757404840551,819200.0,-0.017316272482275963,-0.05688480660319328,-0.05688480660319328,0.05533571541309357,0.23727352917194366,2.7841434478759766,2.1329944133758545,0.7661222815513611,1.7893545627593994,0.4599524736404419,0.4599524736404419,0.03956853598356247,0.0,0.0011791083961725235,0.0011800620704889297
Qwen3-8B,45,benign,coordinate_mortality,2,1638400,0.5136777758598328,0.018611861392855644,0.02229905128479004,-2.1865789890289307,-2.205190896987915,2303,2.5488380146770515,12.792230758829277,577662,3.1429765224456787,0.11276356875896454,0.7435664062201977,2.5225830882435547,819200.0,0.0017128849867731333,-0.02269800379872322,-0.02269800379872322,-0.009722176007926464,0.17690686881542206,2.065823554992676,1.5044281482696533,0.7282462120056152,1.415740966796875,0.4856439232826233,0.4856439232826233,0.02441088855266571,0.0,0.0005687974626198411,0.0005697511369362473
Qwen3-8B,45,benign,coordinate_mortality,3,2457600,0.521493673324585,0.038003794848918915,0.03483748435974121,-2.249420642852783,-2.287424325942993,2303,2.531435143207122,12.57153514973922,577662,4.171391487121582,0.14966098964214325,0.7271572264283895,2.4986449790390908,819200.0,0.006373757496476173,-0.015546731650829315,-0.015546731650829315,-0.0457041934132576,0.14922204613685608,1.8262003660202026,1.3643163442611694,0.7470791935920715,1.2139393091201782,0.48384782671928406,0.48384782671928406,0.02192048728466034,0.0,0.0007095386390574276,0.0007104923133738339
Qwen3-8B,45,benign,coordinate_mortality,4,3276800,0.5293095707893372,0.05350606516003609,0.046295881271362305,-2.2630391120910645,-2.316545248031616,2303,2.5224345024777683,12.45889097377446,577662,4.939035892486572,0.177202507853508,0.7120504616945982,2.4948028363127377,819200.0,0.008985801599919796,-0.013295612297952175,-0.013295612297952175,-0.06578797101974487,0.13399027287960052,1.545103669166565,1.12248957157135,0.7264817357063293,1.061773419380188,0.4987589716911316,0.4987589716911316,0.022281412035226822,0.0,0.0007526051485911012,0.0007535588229075074
Qwen3-8B,45,benign,coordinate_mortality,5,4096000,0.542770266532898,0.07511594891548157,0.06350946426391602,-2.3707337379455566,-2.445849657058716,2303,2.516669304251989,12.387269651573217,577662,5.533249378204346,0.1985216736793518,0.6987849376350641,2.5020052837205005,819200.0,0.012876182794570923,-0.013020358048379421,-0.013020358048379421,-0.0900915116071701,0.13030947744846344,1.3478903770446777,0.9423196315765381,0.6991070508956909,0.9637645483016968,0.5110422372817993,0.5110422372817993,0.02589654177427292,0.0,0.000982547178864479,0.0009835008531808853
Qwen3-8B,45,benign,coordinate_mortality,6,4915200,0.5471124649047852,0.08805794268846512,0.07293152809143066,-2.428023099899292,-2.5160810947418213,2303,2.5115405380195295,12.32390088198026,577662,6.015342712402344,0.21581819653511047,0.6849046759307384,2.4907514266710495,819200.0,0.01511336863040924,-0.015241525135934353,-0.015241525135934353,-0.09396353363990784,0.13590270280838013,1.2081499099731445,0.8424017429351807,0.6972659230232239,0.8660169839859009,0.5173304080963135,0.5173304080963135,0.030354894697666168,0.0,0.0012425552122294903,0.0012435088865458965
Qwen3-8B,45,benign,global_projection,0,0,0.4906643331050873,-0.013930159620940685,-0.013931751251220703,-2.3083384037017822,-2.2944083213806152,2303,2.7083965613352836,15.005196303340574,577662,0.0,0.0,,,,,,,,,,,,,,,,,,
Qwen3-8B,45,benign,global_projection,1,819200,0.49240121245384216,-0.014049956575036049,-0.008190155029296875,-2.2151172161102295,-2.2010674476623535,2303,2.548641822080321,12.789721264038926,577662,2.7841434478759766,0.099889375269413,0.770182067155838,2.575757404840551,819200.0,-0.017316272482275963,-0.017316272482275963,-0.017316272482275963,0.05533571541309357,0.05533571541309357,2.7841434478759766,2.7841434478759766,1.0,0.0,0.0,0.4599524736404419,0.03956853598356247,0.0,0.0012048667995259166,0.0012058204738423228
Qwen3-8B,45,benign,global_projection,2,1638400,0.49370384216308594,-0.016587458550930023,-0.010191798210144043,-2.176584005355835,-2.159996509552002,2303,2.516555527321232,12.385860346226536,577662,4.18456506729126,0.1501336395740509,0.7617774430662394,2.5084343604929744,819200.0,0.0012626932002604008,5.093170329928398e-11,3.2741809263825417e-11,-0.007935810834169388,-2.0578315440555883e-10,1.828515648841858,1.8284580707550049,0.9999685287475586,0.014510753564536572,0.0,0.490190714597702,0.020709678530693054,1.0,0.00067028624471277,0.0006712399190291762
Qwen3-8B,45,benign,global_projection,3,2457600,0.4928354322910309,-0.01870466023683548,-0.008756637573242188,-2.1614301204681396,-2.1427254676818848,2303,2.5036098031266554,12.226549834168354,577662,5.05938720703125,0.1815204620361328,0.763354123979807,2.4835683903400785,819200.0,0.0014083306305110455,-7.275957614183426e-11,-1.4551915228366852e-11,-0.010013531893491745,1.0347241119479378e-10,1.3508975505828857,1.3508299589157104,0.9999499917030334,0.01352725550532341,0.0,0.4958193898200989,0.01762000098824501,1.0,0.0008295495063066483,0.0008305031806230545
Qwen3-8B,45,benign,global_projection,4,3276800,0.49413806200027466,-0.020001323893666267,-0.010579824447631836,-2.150012254714966,-2.1300110816955566,2303,2.4965650446730745,12.140719426082548,577662,5.640054225921631,0.2023536115884781,0.763615323677659,2.4801796783698955,819200.0,0.0011699083261191845,-2.9103830456733704e-11,-5.820766091346741e-11,-0.008861932903528214,4.4093417805868285e-10,1.1226574182510376,1.1226134300231934,0.9999608397483826,0.009948914870619774,0.0,0.49640795588493347,0.01696763187646866,1.0,0.000966851890552789,0.0009678055648691952
Qwen3-8B,45,benign,global_projection,5,4096000,0.4928354322910309,-0.02085517719388008,-0.012624502182006836,-2.1441588401794434,-2.1233038902282715,2303,2.491634470949816,12.081006045483585,577662,6.150540828704834,0.22066882252693176,0.7638739515841008,2.487194909498794,819200.0,0.0005070766201242805,0.0,-7.275957614183426e-12,-0.003867186140269041,5.549002576876738e-11,1.035146713256836,1.0351389646530151,0.9999924898147583,0.004003105219453573,0.0,0.4980185329914093,0.01679469272494316,1.0,0.0010932364966720343,0.0010941901709884405
Qwen3-8B,45,benign,global_projection,6,4915200,0.49370384216308594,-0.020987698808312416,-0.01464390754699707,-2.1399874687194824,-2.118999719619751,2303,2.4882196939451617,12.039822460245418,577662,6.5576300621032715,0.23527435958385468,0.7640310883522033,2.4756155755149667,819200.0,0.0004772590473294258,-3.637978807091713e-11,-4.3655745685100555e-11,-0.003624998265877366,3.315872854070534e-10,0.9716514348983765,0.9716450572013855,0.9999934434890747,0.0035222347360104322,0.0,0.5006828308105469,0.0168492142111063,1.0,0.0011550127528607845,0.0011559664271771908
Qwen3-8B,45,benign,unconstrained,0,0,0.4906643331050873,-0.013930159620940685,-0.013931751251220703,-2.3083384037017822,-2.2944083213806152,2303,2.7083965613352836,15.005196303340574,577662,0.0,0.0,,,,,,,,,,,,,,,,,,
Qwen3-8B,45,benign,unconstrained,1,819200,0.49240121245384216,-0.014049956575036049,-0.008190155029296875,-2.2151172161102295,-2.2010674476623535,2303,2.548641822080321,12.789721264038926,577662,2.7841434478759766,0.099889375269413,0.770182067155838,2.575757404840551,819200.0,-0.017316272482275963,-0.017316272482275963,-0.017316272482275963,0.05533571541309357,0.05533571541309357,2.7841434478759766,2.7841434478759766,1.0,0.0,0.0,0.4599524736404419,0.03956853598356247,0.0,0.0012048667995259166,0.0012058204738423228
Qwen3-8B,45,benign,unconstrained,2,1638400,0.49413806200027466,-0.018393831327557564,-0.012402057647705078,-2.179654359817505,-2.1612606048583984,2303,2.5165201966612827,12.385422753336734,577662,4.18463659286499,0.15013620257377625,0.7617774430662394,2.5084343604929744,819200.0,0.0012626932002604008,0.0012626932002604008,0.0012626932002604008,-0.007935810834169388,-0.007935810834169388,1.828515648841858,1.828515648841858,1.0,0.0,0.0,0.490190714597702,0.020709678530693054,0.0,0.0006699158693663776,0.0006708695436827838
Qwen3-8B,45,benign,unconstrained,3,2457600,0.49240121245384216,-0.021068066358566284,-0.009800910949707031,-2.1671714782714844,-2.146103620529175,2303,2.5036646460349004,12.227220392106569,577662,5.057251453399658,0.18144384026527405,0.7647474252432584,2.483559406378772,819200.0,0.0010723416926339269,0.0010723416926339269,0.0010723416926339269,-0.007463376969099045,-0.007463376969099045,1.345934271812439,1.345934271812439,1.0,0.0,0.0,0.49575501680374146,0.017779571935534477,0.0,0.000839987478684634,0.0008409411530010402
Qwen3-8B,45,benign,unconstrained,4,3276800,0.491098552942276,-0.02284449338912964,-0.010910391807556152,-2.1573305130004883,-2.1344857215881348,2303,2.49665160893178,12.14177042394859,577662,5.622803211212158,0.20173467695713043,0.7662236155569553,2.4803190801411983,819200.0,0.000566963164601475,0.000566963164601475,0.000566963164601475,-0.004181215073913336,-0.004181215073913336,1.1053239107131958,1.1053239107131958,1.0,0.0,0.0,0.49561944603919983,0.017185483127832413,0.0,0.0009872468654066324,0.0009882005397230387
Qwen3-8B,45,benign,unconstrained,5,4096000,0.4915327727794647,-0.023746684193611145,-0.013777732849121094,-2.1518213748931885,-2.128074884414673,2303,2.491698564509826,12.081780384984366,577662,6.150737762451172,0.22067588567733765,0.7668123274296522,2.487311912244186,819200.0,0.00016655893705319613,0.00016655893705319613,0.00016655893705319613,-0.0011897282674908638,-0.0011897282674908638,1.0457162857055664,1.0457162857055664,1.0,0.0,0.0,0.4977227449417114,0.017380710691213608,0.0,0.0011094058863818645,0.0011103595606982708
Qwen3-8B,45,benign,unconstrained,6,4915200,0.49196699261665344,-0.024243075400590897,-0.016963958740234375,-2.1473278999328613,-2.1230850219726562,2303,2.4882261535102925,12.03990023251395,577662,6.550922393798828,0.23503370583057404,0.7672980190068484,2.475675792902475,819200.0,-4.931436706101522e-05,-4.931436706101522e-05,-4.931436706101522e-05,0.00035364311770536005,0.00035364311770536005,0.9699089527130127,0.9699089527130127,1.0,0.0,0.0,0.499565988779068,0.01752353273332119,0.0,0.0012020424474030733,0.0012029961217194796
Qwen3-8B,45,conflict,coordinate_mortality,0,0,0.4906643331050873,-0.013930159620940685,-0.013931751251220703,-2.3083384037017822,-2.2944083213806152,2303,2.266218764705253,9.642869831728428,109575,0.0,0.0,,,,,,,,,,,,,,,,,,
Qwen3-8B,45,conflict,coordinate_mortality,1,819200,0.5093356370925903,0.01203500758856535,0.010750055313110352,-2.029949426651001,-2.0419843196868896,2303,2.086767491787339,8.058822804242027,109575,4.748292922973633,0.1703590452671051,0.770182067155838,1.9664237521130417,819200.0,-0.0433509387075901,-0.09160694479942322,-0.09160694479942322,0.07188723236322403,0.17164598405361176,5.365243911743164,4.748292922973633,0.8850097060203552,2.497910737991333,0.3570134937763214,0.3570134937763214,0.04825600981712341,0.0,0.0012414832599461079,0.0012424369342625141
Qwen3-8B,45,conflict,coordinate_mortality,2,1638400,0.5227963328361511,0.051832396537065506,0.033332109451293945,-2.031796932220459,-2.0836293697357178,2303,2.1090508137798025,8.240415882128067,109575,6.207805633544922,0.2227233648300171,0.7294377226382494,1.9319988668839505,819200.0,0.0077536324970424175,-0.03269277140498161,-0.03269277140498161,-0.02087915875017643,0.1249954104423523,3.312157154083252,2.332793951034546,0.7043125629425049,2.351267099380493,0.5049489736557007,0.5049489736557007,0.04044640064239502,0.0,0.0007739836582913995,0.0007749373326078057
Qwen3-8B,45,conflict,coordinate_mortality,3,2457600,0.5340859889984131,0.05932610481977463,0.04926753044128418,-2.106722593307495,-2.166048526763916,2303,2.2331166926459476,9.328896119057971,109575,7.518764972686768,0.2697578966617584,0.7064488449692726,1.9323560662634554,819200.0,0.022077765315771103,-0.030896421521902084,-0.030896421521902084,-0.053331539034843445,0.10107705742120743,2.727984666824341,2.0143110752105713,0.7383880019187927,1.8396879434585571,0.49612513184547424,0.49612513184547424,0.05297418311238289,0.0,0.0011560646817088127,0.001157018356025219
Qwen3-8B,45,conflict,coordinate_mortality,4,3276800,0.5762049555778503,0.17084619402885437,0.15118885040283203,-2.596257209777832,-2.767103433609009,2303,2.978254289255005,19.65347739362075,109575,8.205097198486328,0.29438209533691406,0.6920771535485983,1.9227722220723809,819200.0,0.053128860890865326,-0.025063233450055122,-0.025063233450055122,-0.10063712298870087,0.07938802987337112,2.355252504348755,1.4084688425064087,0.59801185131073,1.8877049684524536,0.5785548090934753,0.5785548090934753,0.0781920999288559,0.0,0.0016700237756595016,0.0016709774499759078
Qwen3-8B,45,conflict,coordinate_mortality,5,4096000,0.5353885889053345,0.05985057353973389,0.04810619354248047,-1.9766275882720947,-2.036478281021118,2303,2.080878140351393,8.011501048590015,109575,8.905855178833008,0.3195238709449768,0.6649186290055513,1.9217578755604336,819200.0,0.04585333168506622,-0.03087853640317917,-0.03087853640317917,-0.08857313543558121,0.09350579977035522,2.300595998764038,1.4675389528274536,0.6378951072692871,1.7717424631118774,0.5518074631690979,0.5518074631690979,0.07673187553882599,0.0,0.0017147543840110302,0.0017157080583274364
Qwen3-8B,45,conflict,coordinate_mortality,6,4915200,0.5935735702514648,0.18824195861816406,0.1669926643371582,-3.1772310733795166,-3.3654730319976807,2303,3.4846531799441736,32.611114959621666,109575,9.487159729003906,0.34037989377975464,0.6850305160135031,1.9066367280678242,819200.0,0.07062213122844696,-0.04724884405732155,-0.04724884405732155,-0.07708095759153366,0.08257266879081726,2.1287169456481934,1.3294715881347656,0.6245412826538086,1.6625105142593384,0.5749093890190125,0.5749093890190125,0.11787097156047821,0.0,0.0029845985118299723,0.0029855521861463785
Qwen3-8B,45,conflict,global_projection,0,0,0.4906643331050873,-0.013930159620940685,-0.013931751251220703,-2.3083384037017822,-2.2944083213806152,2303,2.266218764705253,9.642869831728428,109575,0.0,0.0,,,,,,,,,,,,,,,,,,
Qwen3-8B,45,conflict,global_projection,1,819200,0.4950065016746521,-0.016638154163956642,-0.008878946304321289,-1.9185305833816528,-1.9018925428390503,2303,1.9395605095548496,6.95569333802487,109575,5.365243911743164,0.1924939751625061,0.770182067155838,1.9664237521130417,819200.0,-0.0433509387075901,-0.0433509387075901,-0.0433509387075901,0.07188723236322403,0.07188723236322403,5.365243911743164,5.365243911743164,1.0,0.0,0.0,0.3570134937763214,0.04825600981712341,0.0,0.0012971317628398538,0.00129808543715626
Qwen3-8B,45,conflict,global_projection,2,1638400,0.49630916118621826,-0.015933137387037277,-0.007400035858154297,-1.898786187171936,-1.8828531503677368,2303,1.9223121392756817,6.836747721706617,109575,7.164874076843262,0.25706103444099426,0.7652675538510084,1.9196830555485211,819200.0,-0.003762998152524233,-0.003762998152524233,-0.003762998152524233,0.00563645688816905,0.00563645688816905,2.6558964252471924,2.6558964252471924,1.0,0.0,0.0,0.47182902693748474,0.05911073833703995,0.0,0.0018534522969275713,0.0018544059712439775
Qwen3-8B,45,conflict,global_projection,3,2457600,0.4906643331050873,-0.015265356749296188,-0.011452913284301758,-1.8907383680343628,-1.875473141670227,2303,1.9123278900501584,6.768827558697364,109575,8.459136962890625,0.3034965395927429,0.7633277112990617,1.9155717339817784,819200.0,-0.003885693149641156,-0.003885693149641156,-0.003885693149641156,0.005560385994613171,0.005560385994613171,2.154409646987915,2.154409646987915,1.0,0.0,0.0,0.48102012276649475,0.05886451154947281,0.0,0.002448198851197958,0.0024491525255143642
Qwen3-8B,45,conflict,global_projection,4,3276800,0.49370384216308594,-0.015431799925863743,-0.014205098152160645,-1.8869973421096802,-1.8715654611587524,2303,1.9054998165185446,6.7227669380115485,109575,9.540056228637695,0.3422777056694031,0.7612932601571083,1.900735993887065,819200.0,-0.0009163556969724596,-0.0009163556969724596,-0.0009163556969724596,0.0011394566390663385,0.0011394566390663385,1.9088313579559326,1.9088313579559326,1.0,0.0,0.0,0.49460023641586304,0.06722110509872437,0.0,0.0032628963235765696,0.003263849997892976
Qwen3-8B,45,conflict,global_projection,5,4096000,0.4915327727794647,-0.017021380364894867,-0.013317108154296875,-1.887830138206482,-1.870808482170105,2303,1.9013224139029703,6.69474181069569,109575,10.486560821533203,0.37623634934425354,0.7613217525929212,1.890408531981666,819200.0,0.0014446743298321962,-5.820766091346741e-11,2.1827872842550278e-11,-0.0016589898150414228,-2.5066041256516236e-11,1.7617154121398926,1.7617130279541016,0.9999986290931702,0.0029226678889244795,0.0,0.4969530999660492,0.06970089673995972,1.0,0.003918473608791828,0.003919427283108234
Qwen3-8B,45,conflict,global_projection,6,4915200,0.4928354322910309,-0.0184980109333992,-0.014177203178405762,-1.8884224891662598,-1.8699241876602173,2303,1.8984678908567192,6.675658765362573,109575,11.37565803527832,0.4081353545188904,0.7620836767554283,1.8827910962242458,819200.0,0.0012174590956419706,7.275957614183426e-11,0.0,-0.0012864298187196255,0.0,1.68532395362854,1.6853225231170654,0.9999991655349731,0.0021680511999875307,0.0,0.5022987127304077,0.07338039577007294,1.0,0.0044892169535160065,0.004490170627832413
Qwen3-8B,45,conflict,unconstrained,0,0,0.4906643331050873,-0.013930159620940685,-0.013931751251220703,-2.3083384037017822,-2.2944083213806152,2303,2.266218764705253,9.642869831728428,109575,0.0,0.0,,,,,,,,,,,,,,,,,,
Qwen3-8B,45,conflict,unconstrained,1,819200,0.4950065016746521,-0.016638154163956642,-0.008878946304321289,-1.9185305833816528,-1.9018925428390503,2303,1.9395605095548496,6.95569333802487,109575,5.365243911743164,0.1924939751625061,0.770182067155838,1.9664237521130417,819200.0,-0.0433509387075901,-0.0433509387075901,-0.0433509387075901,0.07188723236322403,0.07188723236322403,5.365243911743164,5.365243911743164,1.0,0.0,0.0,0.3570134937763214,0.04825600981712341,0.0,0.0012971317628398538,0.00129808543715626
Qwen3-8B,45,conflict,unconstrained,2,1638400,0.49630916118621826,-0.015933137387037277,-0.007400035858154297,-1.898786187171936,-1.8828531503677368,2303,1.9223121392756817,6.836747721706617,109575,7.164874076843262,0.25706103444099426,0.7652675538510084,1.9196830555485211,819200.0,-0.003762998152524233,-0.003762998152524233,-0.003762998152524233,0.00563645688816905,0.00563645688816905,2.6558964252471924,2.6558964252471924,1.0,0.0,0.0,0.47182902693748474,0.05911073833703995,0.0,0.0018534522969275713,0.0018544059712439775
Qwen3-8B,45,conflict,unconstrained,3,2457600,0.4906643331050873,-0.015265356749296188,-0.011452913284301758,-1.8907383680343628,-1.875473141670227,2303,1.9123278900501584,6.768827558697364,109575,8.459136962890625,0.3034965395927429,0.7633277112990617,1.9155717339817784,819200.0,-0.003885693149641156,-0.003885693149641156,-0.003885693149641156,0.005560385994613171,0.005560385994613171,2.154409646987915,2.154409646987915,1.0,0.0,0.0,0.48102012276649475,0.05886451154947281,0.0,0.002448198851197958,0.0024491525255143642
Qwen3-8B,45,conflict,unconstrained,4,3276800,0.49370384216308594,-0.015431799925863743,-0.014205098152160645,-1.8869973421096802,-1.8715654611587524,2303,1.9054998165185446,6.7227669380115485,109575,9.540056228637695,0.3422777056694031,0.7612932601571083,1.900735993887065,819200.0,-0.0009163556969724596,-0.0009163556969724596,-0.0009163556969724596,0.0011394566390663385,0.0011394566390663385,1.9088313579559326,1.9088313579559326,1.0,0.0,0.0,0.49460023641586304,0.06722110509872437,0.0,0.0032628963235765696,0.003263849997892976
Qwen3-8B,45,conflict,unconstrained,5,4096000,0.4906643331050873,-0.018545210361480713,-0.018229365348815918,-1.8919426202774048,-1.8733974695205688,2303,1.9012477786155315,6.694242165362139,109575,10.486601829528809,0.3762378394603729,0.7613217525929212,1.890408531981666,819200.0,0.0014446743298321962,0.0014446743298321962,0.0014446743298321962,-0.0016589898150414228,-0.0016589898150414228,1.7617154121398926,1.7617154121398926,1.0,0.0,0.0,0.4969530999660492,0.06970089673995972,0.0,0.003918343689292669,0.0039192973636090755
Qwen3-8B,45,conflict,unconstrained,6,4915200,0.49196699261665344,-0.020104361698031425,-0.010633707046508789,-1.891702651977539,-1.8715983629226685,2303,1.8983259567549695,6.6747113289704805,109575,11.376072883605957,0.40815022587776184,0.7638319166749716,1.882748827322648,819200.0,-0.00023690739180892706,-0.00023690739180892706,-0.00023690739180892706,0.00024117417342495173,0.00024117417342495173,1.685656189918518,1.685656189918518,1.0,0.0,0.0,0.5021302700042725,0.07513896375894547,0.0,0.00465897424146533,0.004659927915781736
Qwen3-8B,46,benign,coordinate_mortality,0,0,0.4893617033958435,-0.014932278543710709,-0.016440868377685547,-2.3061788082122803,-2.2912466526031494,2303,2.7048524780710865,14.95211076359758,577662,0.0,0.0,,,,,,,,,,,,,,,,,,
Qwen3-8B,46,benign,coordinate_mortality,1,819200,0.49630916118621826,-0.0077857025898993015,-0.008689165115356445,-2.2557177543640137,-2.247932195663452,2303,2.58571274229675,13.272745766782926,577662,2.1182408332824707,0.07601355016231537,0.7711887056380511,2.581510090411466,819200.0,-0.016469405964016914,-0.05648872256278992,-0.05648872256278992,0.052139125764369965,0.23330608010292053,2.7634642124176025,2.1182408332824707,0.7665164470672607,1.7747645378112793,0.4604799449443817,0.4604799449443817,0.04001931846141815,0.0,0.001192067051306367,0.0011930207256227732
Qwen3-8B,46,benign,coordinate_mortality,2,1638400,0.5123751759529114,0.016452737152576447,0.01912689208984375,-2.1811892986297607,-2.1976420879364014,2303,2.547468318073004,12.774721277876429,577662,3.165210247039795,0.11358428746461868,0.744091192111373,2.529380390342558,819200.0,0.0017100147670134902,-0.022787179797887802,-0.022787179797887802,-0.009327894076704979,0.17031295597553253,2.113302230834961,1.54236900806427,0.7298383712768555,1.4446954727172852,0.4850873053073883,0.4850873053073883,0.024497196078300476,0.0,0.0005647900979965925,0.0005657437723129988
Qwen3-8B,46,benign,coordinate_mortality,3,2457600,0.5175857543945312,0.035450857132673264,0.03196835517883301,-2.2419495582580566,-2.277400493621826,2303,2.5306042378993903,12.561093732972006,577662,4.211480140686035,0.15112991631031036,0.728516068905592,2.508764812031586,819200.0,0.006547331809997559,-0.01584530808031559,-0.01584530808031559,-0.045371659100055695,0.1457623541355133,1.8186428546905518,1.370007872581482,0.7533133029937744,1.196051836013794,0.4815824031829834,0.4815824031829834,0.022392641752958298,0.0,0.0007265739841386676,0.0007275276584550738
Qwen3-8B,46,benign,coordinate_mortality,4,3276800,0.5275726914405823,0.052297692745923996,0.04745221138000488,-2.2626476287841797,-2.3149454593658447,2303,2.521688954380979,12.449605733047726,577662,5.025903701782227,0.18035569787025452,0.713415895998478,2.523060368534061,819200.0,0.008176528848707676,-0.013583708554506302,-0.013583708554506302,-0.05928761139512062,0.1331486701965332,1.5580179691314697,1.1525212526321411,0.7397355437278748,1.0483866930007935,0.49308159947395325,0.49308159947395325,0.021760238334536552,0.0,0.0007434311555698514,0.0007443848298862576
Qwen3-8B,46,benign,coordinate_mortality,5,4096000,0.5375596880912781,0.07254619151353836,0.06753349304199219,-2.3685529232025146,-2.441099166870117,2303,2.5164416066943125,12.384449421619191,577662,5.598708152770996,0.20091091096401215,0.6994662136584521,2.496520792647207,819200.0,0.012972880154848099,-0.012830073945224285,-0.012830073945224285,-0.09357350319623947,0.1311703324317932,1.303621530532837,0.9197325110435486,0.7055211067199707,0.9238622188568115,0.5081247687339783,0.5081247687339783,0.02580295503139496,0.0,0.0009775332873687148,0.000978486961685121
Qwen3-8B,46,benign,coordinate_mortality,6,4915200,0.5462440252304077,0.09091395884752274,0.08635783195495605,-2.4470534324645996,-2.5379674434661865,2303,2.5112127890504095,12.319862398011283,577662,6.0834245681762695,0.2183050662279129,0.6856103351712227,2.502714281833032,819200.0,0.014662763103842735,-0.014467236585915089,-0.014467236585915089,-0.09408143162727356,0.13193288445472717,1.184081792831421,0.833109974861145,0.7035915851593018,0.8414140343666077,0.5141792297363281,0.5141792297363281,0.02912999875843525,0.0,0.0012208601692691445,0.0012218138435855508
Qwen3-8B,46,benign,global_projection,0,0,0.4893617033958435,-0.014932278543710709,-0.016440868377685547,-2.3061788082122803,-2.2912466526031494,2303,2.7048524780710865,14.95211076359758,577662,0.0,0.0,,,,,,,,,,,,,,,,,,
Qwen3-8B,46,benign,global_projection,1,819200,0.4945722818374634,-0.0160631462931633,-0.010785341262817383,-2.2138009071350098,-2.197737693786621,2303,2.547779192041042,12.778693223525927,577662,2.7634642124176025,0.09916754066944122,0.7711887056380511,2.581510090411466,819200.0,-0.016469405964016914,-0.016469405964016914,-0.016469405964016914,0.052139125764369965,0.052139125764369965,2.7634642124176025,2.7634642124176025,1.0,0.0,0.0,0.4604799449443817,0.04001931846141815,0.0,0.0012176124146208167,0.001218566088937223
Qwen3-8B,46,benign,global_projection,2,1638400,0.4945722818374634,-0.018442446365952492,-0.0087738037109375,-2.1733429431915283,-2.154900312423706,2303,2.5159996142045435,12.378976797503384,577662,4.205834865570068,0.15092733502388,0.7630556424707174,2.515766057088913,819200.0,0.0015797236701473594,0.0,2.9103830456733704e-11,-0.009214313700795174,-1.6976588190775743e-10,1.8653497695922852,1.865270733833313,0.9999576210975647,0.017187917605042458,0.0,0.4892774522304535,0.021749339997768402,1.0,0.0006954105338081717,0.000696364208124578
Qwen3-8B,46,benign,global_projection,3,2457600,0.49413806200027466,-0.019464850425720215,-0.011425137519836426,-2.157177209854126,-2.137712240219116,2303,2.5031996198955877,12.221535736872182,577662,5.097894668579102,0.1829390972852707,0.764705011844635,2.4937286087748363,819200.0,0.001488987822085619,1.4551915228366852e-11,5.820766091346741e-11,-0.010021615773439407,-3.9178565947040056e-10,1.3744423389434814,1.3743733167648315,0.9999497532844543,0.013774133287370205,0.0,0.49555331468582153,0.017951644957065582,1.0,0.0008399202488362789,0.0008408739231526852
Qwen3-8B,46,benign,global_projection,4,3276800,0.49240121245384216,-0.021594488993287086,-0.011056184768676758,-2.1496853828430176,-2.1280910968780518,2303,2.496178334632752,12.13602539565659,577662,5.709634304046631,0.20489151775836945,0.765193507373333,2.5084472408794682,819200.0,0.0007758092833682895,1.0913936421275139e-11,-2.9103830456733704e-11,-0.005606649909168482,2.1033204344877987e-10,1.1347590684890747,1.1347413063049316,0.9999843239784241,0.006362197455018759,0.0,0.4959053099155426,0.017336804419755936,1.0,0.0009861452272161841,0.0009870989015325904
Qwen3-8B,46,benign,global_projection,5,4096000,0.49196699261665344,-0.02184615656733513,-0.008424043655395508,-2.1425983905792236,-2.1207523345947266,2303,2.491452230405172,12.078804596964693,577662,6.201958656311035,0.22255869209766388,0.7654317983239889,2.4817211912208585,819200.0,0.001193345757201314,-5.820766091346741e-11,-2.1827872842550278e-11,-0.008605682291090488,1.5741513648137584e-10,1.0334829092025757,1.0334446430206299,0.9999629855155945,0.00889382604509592,0.0,0.4958156645298004,0.017716901376843452,1.0,0.0011097306851297617,0.001110684359446168
Qwen3-8B,46,benign,global_projection,6,4915200,0.4932696223258972,-0.02324712835252285,-0.017995119094848633,-2.141622304916382,-2.118375062942505,2303,2.488186738498248,12.039425689053402,577662,6.563075542449951,0.2355174571275711,0.7656585397571325,2.4881857398644205,819200.0,0.0001265249156858772,-2.1827872842550278e-11,1.4551915228366852e-11,-0.0009326603030785918,-1.0726741023203701e-10,0.9431145787239075,0.9431142210960388,0.9999996423721313,0.0008796059410087764,0.0,0.49944594502449036,0.017112232744693756,1.0,0.001192983239889145,0.0011939369142055511
Qwen3-8B,46,benign,unconstrained,0,0,0.4893617033958435,-0.014932278543710709,-0.016440868377685547,-2.3061788082122803,-2.2912466526031494,2303,2.7048524780710865,14.95211076359758,577662,0.0,0.0,,,,,,,,,,,,,,,,,,
Qwen3-8B,46,benign,unconstrained,1,819200,0.4945722818374634,-0.0160631462931633,-0.010785341262817383,-2.2138009071350098,-2.197737693786621,2303,2.547779192041042,12.778693223525927,577662,2.7634642124176025,0.09916754066944122,0.7711887056380511,2.581510090411466,819200.0,-0.016469405964016914,-0.016469405964016914,-0.016469405964016914,0.052139125764369965,0.052139125764369965,2.7634642124176025,2.7634642124176025,1.0,0.0,0.0,0.4604799449443817,0.04001931846141815,0.0,0.0012176124146208167,0.001218566088937223
Qwen3-8B,46,benign,unconstrained,2,1638400,0.4928354322910309,-0.020166078582406044,-0.01140737533569336,-2.17708420753479,-2.1569182872772217,2303,2.5159520659897137,12.378388213248419,577662,4.205904483795166,0.15092983841896057,0.7630556424707174,2.515766057088913,819200.0,0.0015797236701473594,0.0015797236701473594,0.0015797236701473594,-0.009214313700795174,-0.009214313700795174,1.8653497695922852,1.8653497695922852,1.0,0.0,0.0,0.4892774522304535,0.021749339997768402,0.0,0.0006949222879484296,0.0006958759622648358
Qwen3-8B,46,benign,unconstrained,3,2457600,0.491098552942276,-0.022614454850554466,-0.016120433807373047,-2.1639671325683594,-2.141352653503418,2303,2.5031820179609787,12.221320616092598,577662,5.099858283996582,0.1830095648765564,0.7666987565904856,2.493673499005381,819200.0,0.0010474774753674865,0.0010474774753674865,0.0010474774753674865,-0.006817122455686331,-0.006817122455686331,1.3749780654907227,1.3749780654907227,1.0,0.0,0.0,0.4951479136943817,0.018231865018606186,0.0,0.0008564661256968975,0.0008574198000133038
Qwen3-8B,46,benign,unconstrained,4,3276800,0.49240121245384216,-0.0244192723184824,-0.011990547180175781,-2.157029390335083,-2.1326100826263428,2303,2.4961603202056306,12.135806774080732,577662,5.715992450714111,0.20511968433856964,0.7680454675108195,2.5083994945065933,819200.0,0.00019250961486250162,0.00019250961486250162,0.00019250961486250162,-0.0013144421391189098,-0.0013144421391189098,1.1368262767791748,1.1368262767791748,1.0,0.0,0.0,0.4952051043510437,0.017934788018465042,0.0,0.0010283575393259525,0.0010293112136423588
Qwen3-8B,46,benign,unconstrained,5,4096000,0.4915327727794647,-0.02521812729537487,-0.018391132354736328,-2.1519620418548584,-2.126744031906128,2303,2.491446139378434,12.078731024866993,577662,6.2119317054748535,0.22291657328605652,0.7685979650914669,2.4816693405780823,819200.0,0.0008427528664469719,0.0008427528664469719,0.0008427528664469719,-0.005744424648582935,-0.005744424648582935,1.0367827415466309,1.0367827415466309,1.0,0.0,0.0,0.4955206513404846,0.018341127783060074,0.0,0.0011437595821917057,0.001144713256508112
Qwen3-8B,46,benign,unconstrained,6,4915200,0.4906643331050873,-0.026268037036061287,-0.022925615310668945,-2.1502010822296143,-2.1239330768585205,2303,2.4881878525661416,12.03943910179849,577662,6.575069427490234,0.235947847366333,0.7696773237735033,2.4881729163447743,819200.0,-0.0004892840515822172,-0.0004892840515822172,-0.0004892840515822172,0.003384422278031707,0.003384422278031707,0.943871796131134,0.943871796131134,1.0,0.0,0.0,0.49861785769462585,0.017738785594701767,0.0,0.0012324140407145023,0.0012333677150309086
Qwen3-8B,46,conflict,coordinate_mortality,0,0,0.4893617033958435,-0.014932278543710709,-0.016440868377685547,-2.3061788082122803,-2.2912466526031494,2303,2.2643062624103427,9.624445445002525,109575,0.0,0.0,,,,,,,,,,,,,,,,,,
Qwen3-8B,46,conflict,coordinate_mortality,1,819200,0.5041250586509705,0.013931413181126118,0.004685878753662109,-2.0516929626464844,-2.065624237060547,2303,2.106869644836941,8.222461730566664,109575,4.646932601928711,0.16675622761249542,0.7711887056380511,1.9622251344223332,819200.0,-0.042536161839962006,-0.0904882550239563,-0.0904882550239563,0.07104068994522095,0.17035916447639465,5.23830509185791,4.646932601928711,0.8871061205863953,2.4178214073181152,0.34486448764801025,0.34486448764801025,0.04795209690928459,0.0,0.0012545839417725801,0.0012555376160889864
Qwen3-8B,46,conflict,coordinate_mortality,2,1638400,0.5232305526733398,0.04684999957680702,0.03574872016906738,-1.9867944717407227,-2.033644437789917,2303,2.0639468147753037,7.876997590064644,109575,6.3359503746032715,0.22736701369285583,0.7292333472520113,1.9390398060863663,819200.0,0.005110255442559719,-0.03437989205121994,-0.03437989205121994,-0.01353187020868063,0.1222330778837204,3.344325542449951,2.4908039569854736,0.7447851300239563,2.2316830158233643,0.48398154973983765,0.48398154973983765,0.039490148425102234,0.0,0.0007649296894669533,0.0007658833637833595
Qwen3-8B,46,conflict,coordinate_mortality,3,2457600,0.5301780104637146,0.06183427572250366,0.04631686210632324,-2.242173194885254,-2.3040075302124023,2303,2.3546247057835314,10.534174704913777,109575,7.520805358886719,0.2698858082294464,0.7090390712767839,1.9192625982438039,819200.0,0.02902144566178322,-0.03226131945848465,-0.03226131945848465,-0.06219225004315376,0.09666721522808075,2.681112051010132,1.9174988269805908,0.7151878476142883,1.8739157915115356,0.5127463340759277,0.5127463340759277,0.061282768845558167,0.0,0.0012886086478829384,0.0012895623221993446
Qwen3-8B,46,conflict,coordinate_mortality,4,3276800,0.549283504486084,0.08698870241641998,0.08045148849487305,-2.0308008193969727,-2.1177895069122314,2303,2.231377153651181,9.31268224690077,109575,8.209611892700195,0.29460379481315613,0.6951340125501155,1.9203568166514742,819200.0,0.03631062060594559,-0.032331015914678574,-0.032331015914678574,-0.07296403497457504,0.10446729511022568,2.3721892833709717,1.4752428531646729,0.6218908429145813,1.8576709032058716,0.5534488558769226,0.5534488558769226,0.06864163279533386,0.0,0.0015523696783930063,0.0015533233527094126
Qwen3-8B,46,conflict,coordinate_mortality,5,4096000,0.5818497538566589,0.2503373920917511,0.2119055986404419,-3.4035873413085938,-3.6539244651794434,2303,3.9587776637006615,52.39324462786645,109575,8.908238410949707,0.31967416405677795,0.6815763761103153,1.9133997815212933,819200.0,0.0927356705069542,-0.03707042336463928,-0.03707042336463928,-0.09688671678304672,0.06332628428936005,2.279932737350464,1.3943859338760376,0.6115908026695251,1.8038241863250732,0.5895596742630005,0.5895596742630005,0.12980610132217407,0.0,0.002839953638613224,0.0028409073129296303
Qwen3-8B,46,conflict,coordinate_mortality,6,4915200,0.5119409561157227,0.019595935940742493,0.017044782638549805,-1.918785810470581,-1.9383819103240967,2303,1.9614220002174596,7.109429490910582,109575,9.393559455871582,0.33709001541137695,0.673966625854373,1.935735381179984,819200.0,-0.09489279985427856,-0.20823021233081818,-0.20823021233081818,0.052529241889715195,0.16197745501995087,2.2513012886047363,1.6021037101745605,0.7116345167160034,1.5816513299942017,0.47255727648735046,0.47255727648735046,0.11333741247653961,0.0,0.005221809726208448,0.0052230357227927016
Qwen3-8B,46,conflict,global_projection,0,0,0.4893617033958435,-0.014932278543710709,-0.016440868377685547,-2.3061788082122803,-2.2912466526031494,2303,2.2643062624103427,9.624445445002525,109575,0.0,0.0,,,,,,,,,,,,,,,,,,
Qwen3-8B,46,conflict,global_projection,1,819200,0.4954407215118408,-0.017069008201360703,-0.01055908203125,-1.9193484783172607,-1.902279257774353,2303,1.9402429424810703,6.960441752236251,109575,5.23830509185791,0.18797776103019714,0.7711887056380511,1.9622251344223332,819200.0,-0.042536161839962006,-0.042536161839962006,-0.042536161839962006,0.07104068994522095,0.07104068994522095,5.23830509185791,5.23830509185791,1.0,0.0,0.0,0.34486448764801025,0.04795209690928459,0.0,0.0013118970673531294,0.0013128507416695356
Qwen3-8B,46,conflict,global_projection,2,1638400,0.4954407215118408,-0.014374451711773872,-0.009124398231506348,-1.899060845375061,-1.8846862316131592,2303,1.9220499641058137,6.834955531155531,109575,7.152795314788818,0.2566796839237213,0.7655953315645456,1.9260329573624768,819200.0,-0.004397521261125803,-0.004397521261125803,-0.004397521261125803,0.006429081782698631,0.006429081782698631,2.7338082790374756,2.7338082790374756,1.0,0.0,0.0,0.4652886390686035,0.05925191938877106,0.0,0.0018469057977199554,0.0018478594720363617
Qwen3-8B,46,conflict,global_projection,3,2457600,0.49413806200027466,-0.014935503713786602,-0.0071866512298583984,-1.891359806060791,-1.8764243125915527,2303,1.9122266337981977,6.768142207287245,109575,8.44543170928955,0.303066223859787,0.7629093778133392,1.903347381659987,819200.0,-0.002501951064914465,-0.002501951064914465,-0.002501951064914465,0.003511525923386216,0.003511525923386216,2.1714720726013184,2.1714720726013184,1.0,0.0,0.0,0.48610058426856995,0.06043144315481186,0.0,0.0024506314657628536,0.00245158514007926
Qwen3-8B,46,conflict,global_projection,4,3276800,0.49240121245384216,-0.01619107462465763,-0.007147550582885742,-1.8867847919464111,-1.870593786239624,2303,1.9056878866813185,6.724031408784756,109575,9.541732788085938,0.3424072265625,0.7624689336121082,1.8960698777214566,819200.0,-0.0010043332586064935,-0.0010043332586064935,-0.0010043332586064935,0.0012548241065815091,0.0012548241065815091,1.9238214492797852,1.9238214492797852,1.0,0.0,0.0,0.49295803904533386,0.0661521777510643,0.0,0.0031766765750944614,0.0031776302494108677
Qwen3-8B,46,conflict,global_projection,5,4096000,0.49196699261665344,-0.01908111199736595,-0.011383056640625,-1.8913415670394897,-1.8722604513168335,2303,1.9016697842917594,6.697067769722571,109575,10.486018180847168,0.3762931227684021,0.7626256378740073,1.8895471959402494,819200.0,0.00015781645197421312,1.1641532182693481e-10,2.0372681319713593e-10,-0.0001751248346408829,-2.260703846346246e-10,1.7584640979766846,1.7584640979766846,1.0,0.0003079514135606587,0.0,0.5003228783607483,0.07154247164726257,1.0,0.003962117247283459,0.003963070921599865
Qwen3-8B,46,conflict,global_projection,6,4915200,0.4954407215118408,-0.018496910110116005,-0.007645308971405029,-1.8888965845108032,-1.8703995943069458,2303,1.8989715190437486,6.679021662037496,109575,11.368127822875977,0.407947838306427,0.7637361426651478,1.8879280064771593,819200.0,0.00013029196998104453,-5.820766091346741e-11,0.0,-0.00012786117440555245,0.0,1.6939162015914917,1.6939162015914917,1.0,0.0002165871555916965,0.0,0.5010635852813721,0.07779093831777573,1.0,0.004753155633807182,0.004754127438673095
Qwen3-8B,46,conflict,unconstrained,0,0,0.4893617033958435,-0.014932278543710709,-0.016440868377685547,-2.3061788082122803,-2.2912466526031494,2303,2.2643062624103427,9.624445445002525,109575,0.0,0.0,,,,,,,,,,,,,,,,,,
Qwen3-8B,46,conflict,unconstrained,1,819200,0.4954407215118408,-0.017069008201360703,-0.01055908203125,-1.9193484783172607,-1.902279257774353,2303,1.9402429424810703,6.960441752236251,109575,5.23830509185791,0.18797776103019714,0.7711887056380511,1.9622251344223332,819200.0,-0.042536161839962006,-0.042536161839962006,-0.042536161839962006,0.07104068994522095,0.07104068994522095,5.23830509185791,5.23830509185791,1.0,0.0,0.0,0.34486448764801025,0.04795209690928459,0.0,0.0013118970673531294,0.0013128507416695356
Qwen3-8B,46,conflict,unconstrained,2,1638400,0.4954407215118408,-0.014374451711773872,-0.009124398231506348,-1.899060845375061,-1.8846862316131592,2303,1.9220499641058137,6.834955531155531,109575,7.152795314788818,0.2566796839237213,0.7655953315645456,1.9260329573624768,819200.0,-0.004397521261125803,-0.004397521261125803,-0.004397521261125803,0.006429081782698631,0.006429081782698631,2.7338082790374756,2.7338082790374756,1.0,0.0,0.0,0.4652886390686035,0.05925191938877106,0.0,0.0018469057977199554,0.0018478594720363617
Qwen3-8B,46,conflict,unconstrained,3,2457600,0.49413806200027466,-0.014935503713786602,-0.0071866512298583984,-1.891359806060791,-1.8764243125915527,2303,1.9122266337981977,6.768142207287245,109575,8.44543170928955,0.303066223859787,0.7629093778133392,1.903347381659987,819200.0,-0.002501951064914465,-0.002501951064914465,-0.002501951064914465,0.003511525923386216,0.003511525923386216,2.1714720726013184,2.1714720726013184,1.0,0.0,0.0,0.48610058426856995,0.06043144315481186,0.0,0.0024506314657628536,0.00245158514007926
Qwen3-8B,46,conflict,unconstrained,4,3276800,0.49240121245384216,-0.01619107462465763,-0.007147550582885742,-1.8867847919464111,-1.870593786239624,2303,1.9056878866813185,6.724031408784756,109575,9.541732788085938,0.3424072265625,0.7624689336121082,1.8960698777214566,819200.0,-0.0010043332586064935,-0.0010043332586064935,-0.0010043332586064935,0.0012548241065815091,0.0012548241065815091,1.9238214492797852,1.9238214492797852,1.0,0.0,0.0,0.49295803904533386,0.0661521777510643,0.0,0.0031766765750944614,0.0031776302494108677
Qwen3-8B,46,conflict,unconstrained,5,4096000,0.49023011326789856,-0.018840335309505463,-0.01414799690246582,-1.8915144205093384,-1.8726741075515747,2303,1.9015709460513275,6.6964058760389005,109575,10.486021995544434,0.37629327178001404,0.7626256378740073,1.8895471959402494,819200.0,0.00015781645197421312,0.00015781645197421312,0.00015781645197421312,-0.0001751248346408829,-0.0001751248346408829,1.7584640979766846,1.7584640979766846,1.0,0.0,0.0,0.5003228783607483,0.07154247164726257,0.0,0.003962092101573944,0.00396304577589035
Qwen3-8B,46,conflict,unconstrained,6,4915200,0.4967433512210846,-0.01832829974591732,-0.004560708999633789,-1.889331579208374,-1.8710033893585205,2303,1.8988001950451319,6.67787748335494,109575,11.382304191589355,0.40845656394958496,0.7637797369807958,1.8879551914708281,819200.0,-8.325744420289993e-05,-8.325744420289993e-05,-8.325744420289993e-05,8.089615585049614e-05,8.089615585049614e-05,1.7027748823165894,1.7027748823165894,1.0,0.0,0.0,0.5021414160728455,0.07798288762569427,0.0,0.00477707851678133,0.0047780600280020735
Qwen3-8B,47,benign,coordinate_mortality,0,0,0.49023011326789856,-0.012714056298136711,-0.017508625984191895,-2.3111073970794678,-2.298393487930298,2303,2.7104923647906345,15.036677222988375,577662,0.0,0.0,,,,,,,,,,,,,,,,,,
Qwen3-8B,47,benign,coordinate_mortality,1,819200,0.4954407215118408,-0.0067420704290270805,-0.003993511199951172,-2.257643222808838,-2.250900983810425,2303,2.588158516910083,13.305247641356733,577662,2.1601786613464355,0.07753963768482208,0.7710882298648357,2.5716450963084934,819200.0,-0.018036022782325745,-0.057891666889190674,-0.057891666889190674,0.055799733847379684,0.23365646600723267,2.8181240558624268,2.1601786613464355,0.7665306925773621,1.809820532798767,0.45960119366645813,0.45960119366645813,0.03985564410686493,0.0,0.00120254245121032,0.0012034961255267262
Qwen3-8B,47,benign,coordinate_mortality,2,1638400,0.5136777758598328,0.019144318997859955,0.022809267044067383,-2.188251495361328,-2.2073957920074463,2303,2.548417282457129,12.78684978723779,577662,3.2284109592437744,0.11588384956121445,0.7437258378416299,2.528895941216033,819200.0,0.0012335741193965077,-0.023025434464216232,-0.023025434464216232,-0.006700682453811169,0.17098654806613922,2.1387879848480225,1.564470648765564,0.7314753532409668,1.4583708047866821,0.4839211106300354,0.4839211106300354,0.02425900660455227,0.0,0.0005671391845680773,0.0005680928588844836
Qwen3-8B,47,benign,coordinate_mortality,3,2457600,0.5210594534873962,0.03815605491399765,0.03262042999267578,-2.259716510772705,-2.29787278175354,2303,2.531575539429307,12.573300269686499,577662,4.21043586730957,0.15113364160060883,0.7270712184906006,2.5180624211349643,819200.0,0.006885924842208624,-0.015796897932887077,-0.015796897932887077,-0.04727841913700104,0.14762499928474426,1.8247734308242798,1.340668797492981,0.7347042560577393,1.2379037141799927,0.4897487163543701,0.4897487163543701,0.02268282324075699,0.0,0.000724665354937315,0.0007256190292537212
Qwen3-8B,47,benign,coordinate_mortality,4,3276800,0.5358228087425232,0.05588214844465256,0.04682183265686035,-2.281497001647949,-2.337378978729248,2303,2.5220344743390166,12.453908063525915,577662,5.047994136810303,0.18119780719280243,0.712118010893464,2.511988141375477,819200.0,0.00875500775873661,-0.01331255491822958,-0.01331255491822958,-0.06235338747501373,0.12764236330986023,1.580063819885254,1.1736664772033691,0.7427968978881836,1.0578792095184326,0.49274376034736633,0.49274376034736633,0.022067563608288765,0.0,0.0007597670773975551,0.0007607207517139614
Qwen3-8B,47,benign,coordinate_mortality,5,4096000,0.5410334467887878,0.07599233835935593,0.06614136695861816,-2.402334690093994,-2.4783267974853516,2303,2.516063834555285,12.379771805262704,577662,5.613857746124268,0.201509490609169,0.6981441246718169,2.49997874540335,819200.0,0.013552801683545113,-0.012638809159398079,-0.012638809159398079,-0.09342653304338455,0.12532615661621094,1.336186170578003,0.9289077520370483,0.695193350315094,0.9604810476303101,0.5143634080886841,0.5143634080886841,0.02619161270558834,0.0,0.0009903903119266033,0.0009913439862430096
Qwen3-8B,47,benign,coordinate_mortality,6,4915200,0.5540599226951599,0.10276609659194946,0.0854496955871582,-2.5827693939208984,-2.6855356693267822,2303,2.51128338612967,12.320732175014975,577662,6.136946201324463,0.22028575837612152,0.6842494202405214,2.510803781275172,819200.0,0.01568601280450821,-0.014757078140974045,-0.014757078140974045,-0.09360502660274506,0.12539321184158325,1.2340221405029297,0.8666343688964844,0.7022842764854431,0.8784961104393005,0.5143380761146545,0.5143380761146545,0.030443090945482254,0.0,0.0012770220637321472,0.0012779757380485535
Qwen3-8B,47,benign,global_projection,0,0,0.49023011326789856,-0.012714056298136711,-0.017508625984191895,-2.3111073970794678,-2.298393487930298,2303,2.7104923647906345,15.036677222988375,577662,0.0,0.0,,,,,,,,,,,,,,,,,,
Qwen3-8B,47,benign,global_projection,1,819200,0.49370384216308594,-0.013207057490944862,-0.011957883834838867,-2.2188308238983154,-2.2056241035461426,2303,2.54954225942517,12.801242793124345,577662,2.8181240558624268,0.10115659981966019,0.7710882298648357,2.5716450963084934,819200.0,-0.018036022782325745,-0.018036022782325745,-0.018036022782325745,0.055799733847379684,0.055799733847379684,2.8181240558624268,2.8181240558624268,1.0,0.0,0.0,0.45960119366645813,0.03985564410686493,0.0,0.001226507592946291,0.0012274612672626972
Qwen3-8B,47,benign,global_projection,2,1638400,0.49413806200027466,-0.015686996281147003,-0.009302854537963867,-2.176771402359009,-2.1610844135284424,2303,2.5167438521304413,12.388193130666831,577662,4.248732089996338,0.15250828862190247,0.7619285090267658,2.515068521061912,819200.0,0.0013672970235347748,1.4551915228366852e-11,1.4551915228366852e-11,-0.00819731317460537,-8.72455788170079e-11,1.8639887571334839,1.8639260530471802,0.9999663829803467,0.015279698185622692,0.0,0.4890758991241455,0.02142120711505413,1.0,0.0006915701669640839,0.0006925238412804902
Qwen3-8B,47,benign,global_projection,3,2457600,0.49196699261665344,-0.017893074080348015,-0.009051799774169922,-2.1627402305603027,-2.1448473930358887,2303,2.503596348094236,12.22638532665069,577662,5.121692180633545,0.183843195438385,0.7634916641563178,2.5034469440439717,819200.0,0.0015168184181675315,-5.093170329928398e-11,-4.3655745685100555e-11,-0.010539116337895393,3.0334448841706774e-10,1.3512723445892334,1.3511972427368164,0.9999444484710693,0.014241217635571957,0.0,0.4963558614253998,0.01747080124914646,1.0,0.000829429249279201,0.0008303829235956073
Qwen3-8B,47,benign,global_projection,4,3276800,0.49413806200027466,-0.018320851027965546,-0.008745074272155762,-2.1527342796325684,-2.134413480758667,2303,2.4970372590015875,12.146453801574578,577662,5.69260311126709,0.20433606207370758,0.7638936158269644,2.4974592407312595,819200.0,0.0009894062532112002,-1.1641532182693481e-10,-1.3096723705530167e-10,-0.0075721838511526585,1.0023550878202059e-09,1.0875836610794067,1.0875524282455444,0.9999712705612183,0.008235383778810501,0.0,0.49734005331993103,0.016834892332553864,1.0,0.0009863581508398056,0.0009873118251562119
Qwen3-8B,47,benign,global_projection,5,4096000,0.4954407215118408,-0.020647959783673286,-0.012604236602783203,-2.1480765342712402,-2.1274287700653076,2303,2.4920836482476996,12.086433778050678,577662,6.186794757843018,0.22207507491111755,0.7640571536868811,2.485832056927029,819200.0,0.0011918548261746764,-2.9103830456733704e-11,-2.9103830456733704e-11,-0.00862471479922533,2.1061420663048835e-10,1.057677149772644,1.0576378107070923,0.9999628067016602,0.009122163988649845,0.0,0.5017415881156921,0.017385203391313553,1.0,0.0010897897882387042,0.0010907434625551105
Qwen3-8B,47,benign,global_projection,6,4915200,0.4954407215118408,-0.02025616727769375,-0.014348745346069336,-2.142085313796997,-2.121829032897949,2303,2.4883279225135113,12.041125583509785,577662,6.611942768096924,0.23733577132225037,0.7643581323325634,2.496468770491483,819200.0,-0.00020091804617550224,-0.00020091804617550224,-0.00020091804617550224,0.001492875861003995,0.001492875861003995,0.9817467927932739,0.9817467927932739,1.0,0.0,0.0,0.49611881375312805,0.01660284772515297,0.0,0.0011628575157374144,0.0011638111900538206
Qwen3-8B,47,benign,unconstrained,0,0,0.49023011326789856,-0.012714056298136711,-0.017508625984191895,-2.3111073970794678,-2.298393487930298,2303,2.7104923647906345,15.036677222988375,577662,0.0,0.0,,,,,,,,,,,,,,,,,,
Qwen3-8B,47,benign,unconstrained,1,819200,0.49370384216308594,-0.013207057490944862,-0.011957883834838867,-2.2188308238983154,-2.2056241035461426,2303,2.54954225942517,12.801242793124345,577662,2.8181240558624268,0.10115659981966019,0.7710882298648357,2.5716450963084934,819200.0,-0.018036022782325745,-0.018036022782325745,-0.018036022782325745,0.055799733847379684,0.055799733847379684,2.8181240558624268,2.8181240558624268,1.0,0.0,0.0,0.45960119366645813,0.03985564410686493,0.0,0.001226507592946291,0.0012274612672626972
Qwen3-8B,47,benign,unconstrained,2,1638400,0.4932696223258972,-0.017153512686491013,-0.009557008743286133,-2.180011034011841,-2.1628575325012207,2303,2.5166925728870213,12.387557889783224,577662,4.248769760131836,0.1525096446275711,0.7619285090267658,2.515068521061912,819200.0,0.0013672970235347748,0.0013672970235347748,0.0013672970235347748,-0.00819731317460537,-0.00819731317460537,1.8639887571334839,1.8639887571334839,1.0,0.0,0.0,0.4890758991241455,0.02142120711505413,0.0,0.0006910819793120027,0.0006920356536284089
Qwen3-8B,47,benign,unconstrained,3,2457600,0.49587494134902954,-0.020218586549162865,-0.011358261108398438,-2.1688168048858643,-2.1485986709594727,2303,2.5035828879901874,12.226220759339602,577662,5.132076740264893,0.1842159628868103,0.76526562333107,2.5034089148772183,819200.0,0.001137835904955864,0.001137835904955864,0.001137835904955864,-0.007645790930837393,-0.007645790930837393,1.3586803674697876,1.3586803674697876,1.0,0.0,0.0,0.49629703164100647,0.017719842493534088,0.0,0.0008411078015342355,0.0008420614758506417
Qwen3-8B,47,benign,unconstrained,4,3276800,0.49587494134902954,-0.02139764092862606,-0.007281064987182617,-2.1599769592285156,-2.1385793685913086,2303,2.4970080667035828,12.146099223850998,577662,5.705500602722168,0.20479901134967804,0.7668531524389982,2.4973946483188776,819200.0,0.0003119624743703753,0.0003119624743703753,0.0003119624743703753,-0.0022679173853248358,-0.0022679173853248358,1.0901570320129395,1.0901570320129395,1.0,0.0,0.0,0.49488911032676697,0.0172116681933403,0.0,0.0010105654364451766,0.0010115191107615829
Qwen3-8B,47,benign,unconstrained,5,4096000,0.49413806200027466,-0.023733515292406082,-0.012011885643005371,-2.1569321155548096,-2.1331982612609863,2303,2.4920805376484214,12.086396182056966,577662,6.1899895668029785,0.2221897542476654,0.7673480969667434,2.4858244427933824,819200.0,0.0006597461178898811,0.0006597461178898811,0.0006597461178898811,-0.00456580612808466,-0.00456580612808466,1.0481966733932495,1.0481966733932495,1.0,0.0,0.0,0.5012692809104919,0.01781400293111801,0.0,0.0011166532058268785,0.0011176068801432848
Qwen3-8B,47,benign,unconstrained,6,4915200,0.4932696223258972,-0.02289780043065548,-0.015688419342041016,-2.149416208267212,-2.1265182495117188,2303,2.4883160193996448,12.040982257473898,577662,6.614628314971924,0.23743216693401337,0.7681532534211875,2.496551776409615,819200.0,-0.0012367306044325233,-0.0012367306044325233,-0.0012367306044325233,0.008532986976206303,0.008532986976206303,0.9818136096000671,0.9818136096000671,1.0,0.0,0.0,0.4951540529727936,0.017410259693861008,0.0,0.0012552648549899459,0.0012562185293063521
Qwen3-8B,47,conflict,coordinate_mortality,0,0,0.49023011326789856,-0.012714056298136711,-0.017508625984191895,-2.3111073970794678,-2.298393487930298,2303,2.2665804799571854,9.646358435721561,109575,0.0,0.0,,,,,,,,,,,,,,,,,,
Qwen3-8B,47,conflict,coordinate_mortality,1,819200,0.5041250586509705,0.012056493200361729,0.007067441940307617,-2.0530762672424316,-2.0651328563690186,2303,2.105672506880276,8.212624199147792,109575,4.7732110023498535,0.17133446037769318,0.7710882298648357,1.966188268717815,819200.0,-0.04610399529337883,-0.09326609969139099,-0.09326609969139099,0.07490278780460358,0.170358806848526,5.36651086807251,4.7732110023498535,0.8894439935684204,2.452732801437378,0.34582698345184326,0.34582698345184326,0.04716210439801216,0.0,0.0012654210440814495,0.0012663747183978558
Qwen3-8B,47,conflict,coordinate_mortality,2,1638400,0.5223621129989624,0.04626462236046791,0.03632831573486328,-1.9915802478790283,-2.0378448963165283,2303,2.0709636001534695,7.932463159003316,109575,6.220076084136963,0.22326970100402832,0.7296763827651739,1.935755270482623,819200.0,0.006601239554584026,-0.03355564922094345,-0.03355564922094345,-0.017544053494930267,0.12725208699703217,3.3179616928100586,2.325286865234375,0.700817883014679,2.366835594177246,0.5064059495925903,0.5064059495925903,0.04015688970685005,0.0,0.0007747733034193516,0.0007757269777357578
Qwen3-8B,47,conflict,coordinate_mortality,3,2457600,0.5384281277656555,0.07948073744773865,0.060771942138671875,-2.3520660400390625,-2.431546926498413,2303,2.4942033206244294,12.11208022929784,109575,7.4815216064453125,0.2685492932796478,0.7092470449209213,1.919947632599942,819200.0,0.033816467970609665,-0.03170829266309738,-0.03170829266309738,-0.06684743613004684,0.0872659981250763,2.7574872970581055,1.980604887008667,0.7182644009590149,1.9185775518417358,0.5192624926567078,0.5192624926567078,0.06552475690841675,0.0,0.0013324733590707183,0.0013334270333871245
Qwen3-8B,47,conflict,coordinate_mortality,4,3276800,0.5553625822067261,0.10655781626701355,0.10178399085998535,-2.0943210124969482,-2.200878858566284,2303,2.361648451648236,10.608424521610006,109575,8.192131042480469,0.29405665397644043,0.6915532544255256,1.925075247530185,819200.0,0.05266154184937477,-0.03869660571217537,-0.03869660571217537,-0.08139574527740479,0.09567274898290634,2.416903495788574,1.510956883430481,0.6251622438430786,1.8863805532455444,0.5608270168304443,0.5608270168304443,0.09135814011096954,0.0,0.0019263164140284061,0.0019272700883448124
Qwen3-8B,47,conflict,coordinate_mortality,5,4096000,0.5827181935310364,0.3505679666996002,0.27001476287841797,-4.036756992340088,-4.387324810028076,2303,4.844596023298468,127.05194559917506,109575,8.934671401977539,0.32071012258529663,0.6768993519246578,1.9145220997145225,819200.0,0.12080088257789612,-0.044386185705661774,-0.044386185705661774,-0.10509639978408813,0.06150573864579201,2.282055616378784,1.4327689409255981,0.6278413534164429,1.7762181758880615,0.5903422236442566,0.5903422236442566,0.1651870608329773,0.0,0.003465354908257723,0.003466308582574129
Qwen3-8B,47,conflict,coordinate_mortality,6,4915200,0.5080329775810242,0.015316735953092575,0.011264562606811523,-1.9136748313903809,-1.9289917945861816,2303,1.9583345955342375,7.087513653942754,109575,9.361936569213867,0.33604681491851807,0.7198043048754335,1.938840049659775,819200.0,-0.3869065046310425,-0.6774446964263916,-0.6774446964263916,0.07682430744171143,0.18397468328475952,2.206259250640869,1.613113522529602,0.7311531901359558,1.5051389932632446,0.45713216066360474,0.45713216066360474,0.2905382513999939,0.0,0.01504111010581255,0.015044621793322221
Qwen3-8B,47,conflict,global_projection,0,0,0.49023011326789856,-0.012714056298136711,-0.017508625984191895,-2.3111073970794678,-2.298393487930298,2303,2.2665804799571854,9.646358435721561,109575,0.0,0.0,,,,,,,,,,,,,,,,,,
Qwen3-8B,47,conflict,global_projection,1,819200,0.4928354322910309,-0.017250200733542442,-0.009826183319091797,-1.9182844161987305,-1.9010342359542847,2303,1.9397469972318475,6.956990610076255,109575,5.36651086807251,0.19263097643852234,0.7710882298648357,1.966188268717815,819200.0,-0.04610399529337883,-0.04610399529337883,-0.04610399529337883,0.07490278780460358,0.07490278780460358,5.36651086807251,5.36651086807251,1.0,0.0,0.0,0.34582698345184326,0.04716210439801216,0.0,0.001319127855822444,0.0013200815301388502
Qwen3-8B,47,conflict,global_projection,2,1638400,0.49370384216308594,-0.015872694551944733,-0.01312255859375,-1.8994057178497314,-1.8835333585739136,2303,1.9227206734916866,6.83954133768213,109575,7.196432590484619,0.2583160400390625,0.764856020361185,1.9231049911207811,819200.0,-0.003773338394239545,-0.003773338394239545,-0.003773338394239545,0.005469409748911858,0.005469409748911858,2.6690356731414795,2.6690356731414795,1.0,0.0,0.0,0.47006168961524963,0.05947897583246231,0.0,0.0018735621124505997,0.001874515786767006
Qwen3-8B,47,conflict,global_projection,3,2457600,0.4928354322910309,-0.01677331142127514,-0.012565135955810547,-1.891018033027649,-1.8742446899414062,2303,1.9122334929076117,6.768188630874387,109575,8.503900527954102,0.30524760484695435,0.7630849105119705,1.9038661984364444,819200.0,-0.002960445825010538,-0.002960445825010538,-0.002960445825010538,0.004092777147889137,0.004092777147889137,2.168212652206421,2.168212652206421,1.0,0.0,0.0,0.4871378540992737,0.061356157064437866,0.0,0.0024590445682406425,0.002459998242557049
Qwen3-8B,47,conflict,global_projection,4,3276800,0.49413806200027466,-0.01706724427640438,-0.011155366897583008,-1.8884352445602417,-1.8713680505752563,2303,1.905749191433878,6.724443636502104,109575,9.621628761291504,0.34536847472190857,0.7621731007099152,1.8995716211179388,819200.0,-0.0009439490968361497,-0.0009439490968361497,-0.0009439490968361497,0.0011306956876069307,0.0011306956876069307,1.9395718574523926,1.9395718574523926,1.0,0.0,0.0,0.4979064464569092,0.06786945462226868,0.0,0.003248607274144888,0.003249560948461294
Qwen3-8B,47,conflict,global_projection,5,4096000,0.4928354322910309,-0.01656534895300865,-0.011833906173706055,-1.8863977193832397,-1.8698323965072632,2303,1.901405890166909,6.695300686056171,109575,10.565874099731445,0.37926217913627625,0.7622834176570177,1.8895140355713373,819200.0,0.0006991822738200426,-1.1641532182693481e-10,-5.820766091346741e-11,-0.0007470545824617147,6.219309789390337e-11,1.7493103742599487,1.7493098974227905,0.9999997019767761,0.0013068304397165775,0.0,0.49965423345565796,0.07330228388309479,1.0,0.0041493624448776245,0.004150316119194031
Qwen3-8B,47,conflict,global_projection,6,4915200,0.4915327727794647,-0.017315862700343132,-0.013416290283203125,-1.8868887424468994,-1.8695731163024902,2303,1.89881356902735,6.677966793766874,109575,11.448211669921875,0.4109337031841278,0.7627498698979616,1.8836369172770355,819200.0,0.001848058309406042,1.4551915228366852e-11,1.4551915228366852e-11,-0.0018163088243454695,-1.4301935503946428e-11,1.6822713613510132,1.6822686195373535,0.9999983906745911,0.0030555243138223886,0.0,0.5044340491294861,0.07825469970703125,1.0,0.004815038293600082,0.004816008636908009
Qwen3-8B,47,conflict,unconstrained,0,0,0.49023011326789856,-0.012714056298136711,-0.017508625984191895,-2.3111073970794678,-2.298393487930298,2303,2.2665804799571854,9.646358435721561,109575,0.0,0.0,,,,,,,,,,,,,,,,,,
Qwen3-8B,47,conflict,unconstrained,1,819200,0.4928354322910309,-0.017250200733542442,-0.009826183319091797,-1.9182844161987305,-1.9010342359542847,2303,1.9397469972318475,6.956990610076255,109575,5.36651086807251,0.19263097643852234,0.7710882298648357,1.966188268717815,819200.0,-0.04610399529337883,-0.04610399529337883,-0.04610399529337883,0.07490278780460358,0.07490278780460358,5.36651086807251,5.36651086807251,1.0,0.0,0.0,0.34582698345184326,0.04716210439801216,0.0,0.001319127855822444,0.0013200815301388502
Qwen3-8B,47,conflict,unconstrained,2,1638400,0.49370384216308594,-0.015872694551944733,-0.01312255859375,-1.8994057178497314,-1.8835333585739136,2303,1.9227206734916866,6.83954133768213,109575,7.196432590484619,0.2583160400390625,0.764856020361185,1.9231049911207811,819200.0,-0.003773338394239545,-0.003773338394239545,-0.003773338394239545,0.005469409748911858,0.005469409748911858,2.6690356731414795,2.6690356731414795,1.0,0.0,0.0,0.47006168961524963,0.05947897583246231,0.0,0.0018735621124505997,0.001874515786767006
Qwen3-8B,47,conflict,unconstrained,3,2457600,0.4928354322910309,-0.01677331142127514,-0.012565135955810547,-1.891018033027649,-1.8742446899414062,2303,1.9122334929076117,6.768188630874387,109575,8.503900527954102,0.30524760484695435,0.7630849105119705,1.9038661984364444,819200.0,-0.002960445825010538,-0.002960445825010538,-0.002960445825010538,0.004092777147889137,0.004092777147889137,2.168212652206421,2.168212652206421,1.0,0.0,0.0,0.4871378540992737,0.061356157064437866,0.0,0.0024590445682406425,0.002459998242557049
Qwen3-8B,47,conflict,unconstrained,4,3276800,0.49413806200027466,-0.01706724427640438,-0.011155366897583008,-1.8884352445602417,-1.8713680505752563,2303,1.905749191433878,6.724443636502104,109575,9.621628761291504,0.34536847472190857,0.7621731007099152,1.8995716211179388,819200.0,-0.0009439490968361497,-0.0009439490968361497,-0.0009439490968361497,0.0011306956876069307,0.0011306956876069307,1.9395718574523926,1.9395718574523926,1.0,0.0,0.0,0.4979064464569092,0.06786945462226868,0.0,0.003248607274144888,0.003249560948461294
Qwen3-8B,47,conflict,unconstrained,5,4096000,0.4915327727794647,-0.017652779817581177,-0.01951754093170166,-1.8886041641235352,-1.8709516525268555,2303,1.9016034591434592,6.696623600439527,109575,10.565890312194824,0.3792627453804016,0.7622834176570177,1.8895140355713373,819200.0,0.0006991822738200426,0.0006991822738200426,0.0006991822738200426,-0.0007470545824617147,-0.0007470545824617147,1.7493103742599487,1.7493103742599487,1.0,0.0,0.0,0.49965423345565796,0.07330228388309479,0.0,0.004149256274104118,0.004150209948420525
Qwen3-8B,47,conflict,unconstrained,6,4915200,0.4928354322910309,-0.018593041226267815,-0.016672253608703613,-1.891455054283142,-1.8728619813919067,2303,1.8985787021811902,6.676398544939299,109575,11.449113845825195,0.41096606850624084,0.7636824563145638,1.8836011402176518,819200.0,0.0011954514775425196,0.0011954514775425196,0.0011954514775425196,-0.0011520804837346077,-0.0011520804837346077,1.6821047067642212,1.6821047067642212,1.0,0.0,0.0,0.5045475959777832,0.07931208610534668,0.0,0.004911711905151606,0.004912701481316617
Qwen3-8B,48,benign,coordinate_mortality,0,0,0.4954407215118408,-0.011516439728438854,-0.011826515197753906,-2.3114511966705322,-2.2999348640441895,2303,2.7094406136963527,15.02087069498837,577662,0.0,0.0,,,,,,,,,,,,,,,,,,
Qwen3-8B,48,benign,coordinate_mortality,1,819200,0.4984802305698395,-0.005765262059867382,-0.0014195442199707031,-2.2422127723693848,-2.23644757270813,2303,2.5868436868818834,13.287764998096042,577662,2.1408462524414062,0.07683376222848892,0.7715546136349439,2.592726597423607,819200.0,-0.017988931387662888,-0.05867369472980499,-0.05867369472980499,0.055305592715740204,0.2353316694498062,2.792921543121338,2.1408462524414062,0.7665257453918457,1.7936519384384155,0.4600624144077301,0.4600624144077301,0.040684763342142105,0.0,0.0012103738263249397,0.001211327500641346
Qwen3-8B,48,benign,coordinate_mortality,2,1638400,0.5149804353713989,0.01870444044470787,0.02276015281677246,-2.188077926635742,-2.206782341003418,2303,2.548284681329112,12.785154348943218,577662,3.1870808601379395,0.1143825352191925,0.7436703754216433,2.529447637231206,819200.0,0.001419359352439642,-0.021910304203629494,-0.021910304203629494,-0.008223024196922779,0.17315253615379333,2.0815911293029785,1.5259987115859985,0.7330924272537231,1.4157503843307495,0.48277735710144043,0.48277735710144043,0.023329664021730423,0.0,0.0005479684914462268,0.0005489221657626331
Qwen3-8B,48,benign,coordinate_mortality,3,2457600,0.5223621129989624,0.03875666484236717,0.031054377555847168,-2.239433765411377,-2.2781903743743896,2303,2.5311870915106933,12.56841714584768,577662,4.228470802307129,0.15175743401050568,0.7267302589863539,2.504725300182472,819200.0,0.006740293465554714,-0.015255855396389961,-0.015255855396389961,-0.04792683571577072,0.1446049064397812,1.8334118127822876,1.3753509521484375,0.7501593232154846,1.212356686592102,0.4842568635940552,0.4842568635940552,0.02199614979326725,0.0,0.000699893687851727,0.0007008473621681333
Qwen3-8B,48,benign,coordinate_mortality,4,3276800,0.5297437906265259,0.05548946186900139,0.04358053207397461,-2.276779890060425,-2.3322694301605225,2303,2.5222685722928158,12.456823839195632,577662,5.023468017578125,0.18028943240642548,0.711563526019454,2.491280508215132,819200.0,0.009476128965616226,-0.01315559633076191,-0.01315559633076191,-0.06944987177848816,0.13109251856803894,1.5363985300064087,1.1299961805343628,0.7354837656021118,1.0409750938415527,0.49689650535583496,0.49689650535583496,0.022631725296378136,0.0,0.0007600540411658585,0.0007610077154822648
Qwen3-8B,48,benign,coordinate_mortality,5,4096000,0.5375596880912781,0.0772104486823082,0.06989932060241699,-2.379695415496826,-2.4569056034088135,2303,2.51672285220423,12.387932982256753,577662,5.5977606773376465,0.20090048015117645,0.6976309330761432,2.498191351740388,819200.0,0.01322958618402481,-0.01278248243033886,-0.01278248243033886,-0.0930871069431305,0.12823575735092163,1.3200078010559082,0.9258185625076294,0.7013735771179199,0.9408935308456421,0.5118671655654907,0.5118671655654907,0.02601207047700882,0.0,0.0009892077650874853,0.0009901614394038916
Qwen3-8B,48,benign,coordinate_mortality,6,4915200,0.5536257028579712,0.10306525975465775,0.09090256690979004,-2.538088321685791,-2.641153335571289,2303,2.511819905336079,12.327344258060053,577662,6.097858428955078,0.21884870529174805,0.6833448706567288,2.5080897356843344,819200.0,0.015557624399662018,-0.015230159275233746,-0.015230159275233746,-0.09448570758104324,0.13275066018104553,1.2186059951782227,0.8490903973579407,0.6967718601226807,0.8740972876548767,0.5164635181427002,0.5164635181427002,0.03078778274357319,0.0,0.0012694173492491245,0.0012703710235655308
Qwen3-8B,48,benign,global_projection,0,0,0.4954407215118408,-0.011516439728438854,-0.011826515197753906,-2.3114511966705322,-2.2999348640441895,2303,2.7094406136963527,15.02087069498837,577662,0.0,0.0,,,,,,,,,,,,,,,,,,
Qwen3-8B,48,benign,global_projection,1,819200,0.4928354322910309,-0.013160785660147667,-0.009980201721191406,-2.2144150733947754,-2.20125412940979,2303,2.548521690398105,12.788184905592912,577662,2.792921543121338,0.10023637861013412,0.7715546136349439,2.592726597423607,819200.0,-0.017988931387662888,-0.017988931387662888,-0.017988931387662888,0.055305592715740204,0.055305592715740204,2.792921543121338,2.792921543121338,1.0,0.0,0.0,0.4600624144077301,0.040684763342142105,0.0,0.0012364014983177185,0.0012373551726341248
Qwen3-8B,48,benign,global_projection,2,1638400,0.4932696223258972,-0.017345989122986794,-0.008094549179077148,-2.173508644104004,-2.1561625003814697,2303,2.5166541366994237,12.3870817684345,577662,4.162147045135498,0.14937710762023926,0.7625077207386494,2.516087100617588,819200.0,0.0011840391671285033,8.731149137020111e-11,1.0913936421275139e-10,-0.0072822775691747665,-6.712650990614577e-10,1.8044142723083496,1.8043664693832397,0.9999735355377197,0.013140245340764523,0.0,0.4876132011413574,0.02115672267973423,1.0,0.0006838308181613684,0.0006847844924777746
Qwen3-8B,48,benign,global_projection,3,2457600,0.4967433512210846,-0.0185844749212265,-0.00975024700164795,-2.1548726558685303,-2.1362884044647217,2303,2.50341366800839,12.224152013526757,577662,5.059296131134033,0.18157528340816498,0.7641926100850105,2.49008359436295,819200.0,0.0018456252291798592,-1.1641532182693481e-10,-1.0186340659856796e-10,-0.012485223822295666,6.89135914999639e-10,1.3722479343414307,1.3721410036087036,0.9999220967292786,0.017132824286818504,0.0,0.49612632393836975,0.01825886033475399,1.0,0.0008393689058721066,0.0008403225801885128
Qwen3-8B,48,benign,global_projection,4,3276800,0.4971775710582733,-0.02074671909213066,-0.0047872066497802734,-2.1499767303466797,-2.12923002243042,2303,2.49652597453182,12.140245095725774,577662,5.662990570068359,0.20324154198169708,0.7644165002554655,2.476983065783279,819200.0,0.0015735073247924447,2.1827872842550278e-11,1.4551915228366852e-11,-0.011420019902288914,-1.0562010294146162e-10,1.1253752708435059,1.1253019571304321,0.9999348521232605,0.012851808220148087,0.0,0.49788767099380493,0.01791279762983322,1.0,0.0010027557145804167,0.001003709388896823
Qwen3-8B,48,benign,global_projection,5,4096000,0.49587494134902954,-0.020403143018484116,-0.00766301155090332,-2.1425633430480957,-2.1221601963043213,2303,2.4917474499442362,12.082371022503605,577662,6.136551380157471,0.2202373743057251,0.7647548729926348,2.483835678915493,819200.0,0.000751820916775614,2.9103830456733704e-11,3.2741809263825417e-11,-0.005578056443482637,-2.429282053295623e-10,1.027212142944336,1.0271961688995361,0.9999844431877136,0.005729847587645054,0.0,0.4985116422176361,0.017236635088920593,1.0,0.0011022213147953153,0.0011031749891117215
Qwen3-8B,48,benign,global_projection,6,4915200,0.4928354322910309,-0.02182365208864212,-0.020555853843688965,-2.1366732120513916,-2.114849805831909,2303,2.487843730687236,12.035296780166437,577662,6.595706939697266,0.23671621084213257,0.7647826546430587,2.4930693484889344,819200.0,0.000506219977978617,-6.912159733474255e-11,-7.639755494892597e-11,-0.0036047250032424927,5.44020384296573e-10,1.0074414014816284,1.0074348449707031,0.9999935030937195,0.0036315496545284986,0.0,0.5003120303153992,0.017595577985048294,1.0,0.0011904207058250904,0.0011913743801414967
Qwen3-8B,48,benign,unconstrained,0,0,0.4954407215118408,-0.011516439728438854,-0.011826515197753906,-2.3114511966705322,-2.2999348640441895,2303,2.7094406136963527,15.02087069498837,577662,0.0,0.0,,,,,,,,,,,,,,,,,,
Qwen3-8B,48,benign,unconstrained,1,819200,0.4928354322910309,-0.013160785660147667,-0.009980201721191406,-2.2144150733947754,-2.20125412940979,2303,2.548521690398105,12.788184905592912,577662,2.792921543121338,0.10023637861013412,0.7715546136349439,2.592726597423607,819200.0,-0.017988931387662888,-0.017988931387662888,-0.017988931387662888,0.055305592715740204,0.055305592715740204,2.792921543121338,2.792921543121338,1.0,0.0,0.0,0.4600624144077301,0.040684763342142105,0.0,0.0012364014983177185,0.0012373551726341248
Qwen3-8B,48,benign,unconstrained,2,1638400,0.49413806200027466,-0.018085531890392303,-0.010237932205200195,-2.176093339920044,-2.1580076217651367,2303,2.516569961178098,12.386039123252155,577662,4.1621832847595215,0.14937841892242432,0.7625077207386494,2.516087100617588,819200.0,0.0011840391671285033,0.0011840391671285033,0.0011840391671285033,-0.0072822775691747665,-0.0072822775691747665,1.8044142723083496,1.8044142723083496,1.0,0.0,0.0,0.4876132011413574,0.02115672267973423,0.0,0.0006834326777607203,0.0006843863520771265
Qwen3-8B,48,benign,unconstrained,3,2457600,0.4932696223258972,-0.02117052488029003,-0.008066058158874512,-2.161452531814575,-2.140281915664673,2303,2.503438850338195,12.224459850030351,577662,5.062202453613281,0.1816795915365219,0.7655205082148313,2.490029619750858,819200.0,0.001507146516814828,0.001507146516814828,0.001507146516814828,-0.009952946566045284,-0.009952946566045284,1.373672366142273,1.373672366142273,1.0,0.0,0.0,0.49597790837287903,0.018411042168736458,0.0,0.0008471909095533192,0.0008481445838697255
Qwen3-8B,48,benign,unconstrained,4,3276800,0.49240121245384216,-0.024004852399230003,-0.00838625431060791,-2.159050703048706,-2.1350457668304443,2303,2.496632936883398,12.141543714340362,577662,5.660909652709961,0.20316685736179352,0.7674541366845369,2.4770671532681443,819200.0,0.0008727045496925712,0.0008727045496925712,0.0008727045496925712,-0.006060965359210968,-0.006060965359210968,1.1179875135421753,1.1179875135421753,1.0,0.0,0.0,0.4976390302181244,0.018278349190950394,0.0,0.001026670914143324,0.0010276245884597301
Qwen3-8B,48,benign,unconstrained,5,4096000,0.49196699261665344,-0.024129435420036316,-0.016469717025756836,-2.15275239944458,-2.1286232471466064,2303,2.4918460880616604,12.0835628636148,577662,6.129962921142578,0.22000092267990112,0.7687623005360364,2.4839543142006733,819200.0,-4.844363866141066e-05,-4.844363866141066e-05,-4.844363866141066e-05,0.00033667561365291476,0.00033667561365291476,1.0235177278518677,1.0235177278518677,1.0,0.0,0.0,0.49721065163612366,0.017847198992967606,0.0,0.001139010302722454,0.0011399639770388603
Qwen3-8B,48,benign,unconstrained,6,4915200,0.48979589343070984,-0.02510860562324524,-0.02087235450744629,-2.1460347175598145,-2.1209256649017334,2303,2.487975150125636,12.036878556046037,577662,6.589996337890625,0.2365112602710724,0.7688063941895962,2.493114836255263,819200.0,-8.496230293530971e-05,-8.496230293530971e-05,-8.496230293530971e-05,0.0005619777948595583,0.0005619777948595583,1.011169195175171,1.011169195175171,1.0,0.0,0.0,0.4997890889644623,0.018419800326228142,0.0,0.0012362399138510227,0.001237193588167429
Qwen3-8B,48,conflict,coordinate_mortality,0,0,0.4954407215118408,-0.011516439728438854,-0.011826515197753906,-2.3114511966705322,-2.2999348640441895,2303,2.268051404106598,9.660557937933717,109575,0.0,0.0,,,,,,,,,,,,,,,,,,
Qwen3-8B,48,conflict,coordinate_mortality,1,819200,0.5045592784881592,0.011555489152669907,0.010926485061645508,-2.029221296310425,-2.0407767295837402,2303,2.086582872902942,8.057335130696895,109575,4.616559982299805,0.1656857430934906,0.7715546136349439,1.9616593563789502,819200.0,-0.04406306892633438,-0.09225235879421234,-0.09225235879421234,0.0723176896572113,0.1715858280658722,5.231818199157715,4.616559982299805,0.8824006915092468,2.4615628719329834,0.34856924414634705,0.34856924414634705,0.04818928986787796,0.0,0.0012717684730887413,0.0012727221474051476
Qwen3-8B,48,conflict,coordinate_mortality,2,1638400,0.524533212184906,0.05029067397117615,0.04005622863769531,-2.0058257579803467,-2.0561163425445557,2303,2.0906957389523444,8.090542111927611,109575,6.148386001586914,0.22066211700439453,0.7305075713247061,1.9371400234632892,819200.0,0.0069797346368432045,-0.03326684609055519,-0.03326684609055519,-0.01847975142300129,0.12427538633346558,3.349884033203125,2.3741791248321533,0.7087346911430359,2.36326003074646,0.4995686709880829,0.4995686709880829,0.04024658352136612,0.0,0.0007753935642540455,0.0007763472385704517
Qwen3-8B,48,conflict,coordinate_mortality,3,2457600,0.5436387062072754,0.08239300549030304,0.066925048828125,-2.2632455825805664,-2.3456385135650635,2303,2.4313748102799524,11.374509127505192,109575,7.403700351715088,0.2657146453857422,0.7070748132467269,1.926451297630847,819200.0,0.02883848175406456,-0.02758876606822014,-0.02758876606822014,-0.06583921611309052,0.08939988166093826,2.8107125759124756,1.9802682399749756,0.7045431137084961,1.994653344154358,0.5163618922233582,0.5163618922233582,0.0564272478222847,0.0,0.0011623682221397758,0.001163321896456182
Qwen3-8B,48,conflict,coordinate_mortality,4,3276800,0.5683890581130981,0.1891254186630249,0.1718900203704834,-2.546360492706299,-2.7354860305786133,2303,3.013192893708647,20.352278957636408,109575,8.089229583740234,0.2903178930282593,0.6866930886358023,1.922372407036164,819200.0,0.06611592322587967,-0.032306961715221405,-0.032306961715221405,-0.09878765046596527,0.0813022032380104,2.409025192260742,1.4303151369094849,0.5937319397926331,1.938453197479248,0.5810652375221252,0.5810652375221252,0.09842289239168167,0.0,0.0020048345904797316,0.002005788264796138
Qwen3-8B,48,conflict,coordinate_mortality,5,4096000,0.5301780104637146,0.04628657177090645,0.03651463985443115,-1.9533653259277344,-1.9996517896652222,2303,2.028216814253936,7.600521126774379,109575,8.756057739257812,0.31424999237060547,0.6654316339641809,1.9222249077742162,819200.0,0.02383587509393692,-0.04918213188648224,-0.04918213188648224,-0.038870349526405334,0.1234561949968338,2.3083064556121826,1.4995994567871094,0.6496535539627075,1.7548447847366333,0.52643883228302,0.52643883228302,0.07301800698041916,0.0,0.001905947457998991,0.0019069011323153973
Qwen3-8B,48,conflict,coordinate_mortality,6,4915200,0.5636126399040222,0.11569690704345703,0.09522628784179688,-2.4690747261047363,-2.5847716331481934,2303,2.6421324594625184,14.04311808073158,109575,9.380144119262695,0.3366480767726898,0.6958816163241863,1.9101597849634708,819200.0,0.04067320376634598,-0.03946144878864288,-0.03946144878864288,-0.05951143801212311,0.08957700431346893,2.153139591217041,1.387844204902649,0.6445676684379578,1.6461769342422485,0.5582558512687683,0.5582558512687683,0.08013464510440826,0.0,0.0021558545995503664,0.0021568082738667727
Qwen3-8B,48,conflict,global_projection,0,0,0.4954407215118408,-0.011516439728438854,-0.011826515197753906,-2.3114511966705322,-2.2999348640441895,2303,2.268051404106598,9.660557937933717,109575,0.0,0.0,,,,,,,,,,,,,,,,,,
Qwen3-8B,48,conflict,global_projection,1,819200,0.4945722818374634,-0.016397953033447266,-0.008481621742248535,-1.9194053411483765,-1.9030072689056396,2303,1.9404264623705938,6.9617192489571,109575,5.231818199157715,0.18776701390743256,0.7715546136349439,1.9616593563789502,819200.0,-0.04406306892633438,-0.04406306892633438,-0.04406306892633438,0.0723176896572113,0.0723176896572113,5.231818199157715,5.231818199157715,1.0,0.0,0.0,0.34856924414634705,0.04818928986787796,0.0,0.0013300320133566856,0.0013309856876730919
Qwen3-8B,48,conflict,global_projection,2,1638400,0.4889274835586548,-0.015583719126880169,-0.010565519332885742,-1.898810625076294,-1.8832271099090576,2303,1.9228188806316664,6.840213062459222,109575,7.082692623138428,0.25419384241104126,0.7648364091664552,1.9247215433054954,819200.0,-0.003980403300374746,-0.003980403300374746,-0.003980403300374746,0.005906351376324892,0.005906351376324892,2.689753293991089,2.689753293991089,1.0,0.0,0.0,0.46629616618156433,0.058397263288497925,0.0,0.001823361380957067,0.0018243150552734733
Qwen3-8B,48,conflict,global_projection,3,2457600,0.4915327727794647,-0.016215987503528595,-0.012789726257324219,-1.8913967609405518,-1.8751806020736694,2303,1.912136646560575,6.767533188268554,109575,8.475000381469727,0.30416297912597656,0.7629687236994505,1.9098318793640647,819200.0,-0.0029616383835673332,-0.0029616383835673332,-0.0029616383835673332,0.004115777090191841,0.004115777090191841,2.230715751647949,2.230715751647949,1.0,0.0,0.0,0.4833262860774994,0.060163192451000214,0.0,0.002384644467383623,0.0023855981417000294
Qwen3-8B,48,conflict,global_projection,4,3276800,0.4932696223258972,-0.015880459919571877,-0.012997150421142578,-1.8881332874298096,-1.8722530603408813,2303,1.9061594028285778,6.727202645754642,109575,9.53780460357666,0.3423064351081848,0.7620374947041273,1.8974769160973666,819200.0,-0.0004971006419509649,-0.0004971006419509649,-0.0004971006419509649,0.000592090014833957,0.000592090014833957,1.9365447759628296,1.9365447759628296,1.0,5.820766091346741e-11,0.0,0.4942699670791626,0.06765502691268921,0.0,0.003274172078818083,0.003275125753134489
Qwen3-8B,48,conflict,global_projection,5,4096000,0.49196699261665344,-0.017146937549114227,-0.011897444725036621,-1.8879505395889282,-1.870803713798523,2303,1.9018182572180513,6.698062176791354,109575,10.484375953674316,0.3762783408164978,0.76263737000525,1.8895242227702693,819200.0,0.0012947381474077702,-1.1641532182693481e-10,-1.7462298274040222e-10,-0.0013645845465362072,1.8404341939337598e-10,1.773390293121338,1.7733886241912842,0.9999990463256836,0.002419941360130906,0.0,0.4961913824081421,0.0750003308057785,1.0,0.004131395369768143,0.004132349044084549
Qwen3-8B,48,conflict,global_projection,6,4915200,0.4932696223258972,-0.01656331494450569,-0.012270212173461914,-1.8861583471298218,-1.869594931602478,2303,1.8987374052848007,6.67745819419191,109575,11.354697227478027,0.40751367807388306,0.763437587171793,1.8872716593102086,819200.0,-0.001624920405447483,-0.001624920405447483,-0.001624920405447483,0.0016311691142618656,0.0016311691142618656,1.6733424663543701,1.6733424663543701,1.0,0.0,0.0,0.495629221200943,0.07549113780260086,0.0,0.004769808147102594,0.004770761821419001
Qwen3-8B,48,conflict,unconstrained,0,0,0.4954407215118408,-0.011516439728438854,-0.011826515197753906,-2.3114511966705322,-2.2999348640441895,2303,2.268051404106598,9.660557937933717,109575,0.0,0.0,,,,,,,,,,,,,,,,,,
Qwen3-8B,48,conflict,unconstrained,1,819200,0.4945722818374634,-0.016397953033447266,-0.008481621742248535,-1.9194053411483765,-1.9030072689056396,2303,1.9404264623705938,6.9617192489571,109575,5.231818199157715,0.18776701390743256,0.7715546136349439,1.9616593563789502,819200.0,-0.04406306892633438,-0.04406306892633438,-0.04406306892633438,0.0723176896572113,0.0723176896572113,5.231818199157715,5.231818199157715,1.0,0.0,0.0,0.34856924414634705,0.04818928986787796,0.0,0.0013300320133566856,0.0013309856876730919
Qwen3-8B,48,conflict,unconstrained,2,1638400,0.4889274835586548,-0.015583719126880169,-0.010565519332885742,-1.898810625076294,-1.8832271099090576,2303,1.9228188806316664,6.840213062459222,109575,7.082692623138428,0.25419384241104126,0.7648364091664552,1.9247215433054954,819200.0,-0.003980403300374746,-0.003980403300374746,-0.003980403300374746,0.005906351376324892,0.005906351376324892,2.689753293991089,2.689753293991089,1.0,0.0,0.0,0.46629616618156433,0.058397263288497925,0.0,0.001823361380957067,0.0018243150552734733
Qwen3-8B,48,conflict,unconstrained,3,2457600,0.4915327727794647,-0.016215987503528595,-0.012789726257324219,-1.8913967609405518,-1.8751806020736694,2303,1.912136646560575,6.767533188268554,109575,8.475000381469727,0.30416297912597656,0.7629687236994505,1.9098318793640647,819200.0,-0.0029616383835673332,-0.0029616383835673332,-0.0029616383835673332,0.004115777090191841,0.004115777090191841,2.230715751647949,2.230715751647949,1.0,0.0,0.0,0.4833262860774994,0.060163192451000214,0.0,0.002384644467383623,0.0023855981417000294
Qwen3-8B,48,conflict,unconstrained,4,3276800,0.4932696223258972,-0.015880459919571877,-0.012997150421142578,-1.8881332874298096,-1.8722530603408813,2303,1.9061594028285778,6.727202645754642,109575,9.53780460357666,0.3423064351081848,0.7620374947041273,1.8974769160973666,819200.0,-0.0004971006419509649,-0.0004971006419509649,-0.0004971006419509649,0.000592090014833957,0.000592090014833957,1.9365447759628296,1.9365447759628296,1.0,5.820766091346741e-11,0.0,0.4942699670791626,0.06765502691268921,0.0,0.003274172078818083,0.003275125753134489
Qwen3-8B,48,conflict,unconstrained,5,4096000,0.48979589343070984,-0.018771426752209663,-0.013111233711242676,-1.8913012742996216,-1.8725295066833496,2303,1.9018731997205112,6.698430195198812,109575,10.484410285949707,0.3762795925140381,0.76263737000525,1.8895242227702693,819200.0,0.0012947381474077702,0.0012947381474077702,0.0012947381474077702,-0.0013645845465362072,-0.0013645845465362072,1.773390293121338,1.773390293121338,1.0,0.0,0.0,0.4961913824081421,0.0750003308057785,0.0,0.004131090361624956,0.004132044035941362
Qwen3-8B,48,conflict,unconstrained,6,4915200,0.49240121245384216,-0.016198528930544853,-0.01425701379776001,-1.885722041130066,-1.869523525238037,2303,1.8992082864324877,6.680603223779482,109575,11.355259895324707,0.4075338840484619,0.7649553066492081,1.8873180582164786,819200.0,-0.003006630577147007,-0.003006630577147007,-0.003006630577147007,0.0029370132833719254,0.0029370132833719254,1.6734323501586914,1.6734323501586914,1.0,0.0,0.0,0.49503910541534424,0.07695256173610687,0.0,0.004897852428257465,0.004898828707950997
